number,time,thscode,open,high,low,close,amount,volume
518,2024-01-02,ICZL.CFE,5431.8000000000,5438.8000000000,5392.8000000000,5394.2000000000,3324685.5079999999,30655.0000000000
517,2024-01-03,ICZL.CFE,5383.0000000000,5421.4000000000,5362.0000000000,5388.6000000000,3734164.7439999999,34628.0000000000
516,2024-01-04,ICZL.CFE,5382.4000000000,5384.0000000000,5314.0000000000,5347.8000000000,4263140.7520000003,39887.0000000000
515,2024-01-05,ICZL.CFE,5338.0000000000,5361.0000000000,5258.0000000000,5282.2000000000,4788975.4239999996,45095.0000000000
514,2024-01-08,ICZL.CFE,5275.6000000000,5275.6000000000,5124.4000000000,5130.6000000000,6257030.2599999998,60279.0000000000
513,2024-01-09,ICZL.CFE,5141.2000000000,5208.8000000000,5129.0000000000,5155.0000000000,5836536.1480000000,56505.0000000000
512,2024-01-10,ICZL.CFE,5142.0000000000,5207.8000000000,5087.0000000000,5138.8000000000,5721258.7999999998,55534.0000000000
511,2024-01-11,ICZL.CFE,5138.8000000000,5246.8000000000,5129.4000000000,5209.6000000000,5453707.4040000001,52504.0000000000
510,2024-01-12,ICZL.CFE,5196.0000000000,5256.6000000000,5186.8000000000,5188.6000000000,4632093.0039999997,44392.0000000000
509,2024-01-15,ICZL.CFE,5169.0000000000,5238.0000000000,5155.0000000000,5178.2000000000,5196931.2039999999,50038.0000000000
508,2024-01-16,ICZL.CFE,5175.2000000000,5198.8000000000,5105.4000000000,5173.4000000000,5963246.3959999997,57848.0000000000
507,2024-01-17,ICZL.CFE,5162.0000000000,5165.2000000000,5000.2000000000,5017.8000000000,5346562.5199999996,52304.0000000000
506,2024-01-18,ICZL.CFE,5009.6000000000,5068.0000000000,4888.8000000000,5045.0000000000,5172863.9560000002,51968.0000000000
505,2024-01-19,ICZL.CFE,4969.0000000000,5035.0000000000,4935.2000000000,4950.8000000000,5108847.5520000001,51428.0000000000
504,2024-01-22,ICZL.CFE,4946.0000000000,4950.4000000000,4560.8000000000,4645.6000000000,7234389.2400000002,75305.0000000000
503,2024-01-23,ICZL.CFE,4659.0000000000,4849.0000000000,4608.6000000000,4800.4000000000,7805813.0959999999,82012.0000000000
502,2024-01-24,ICZL.CFE,4850.4000000000,4898.4000000000,4683.8000000000,4890.2000000000,7418904.5599999996,77260.0000000000
501,2024-01-25,ICZL.CFE,4856.6000000000,5062.6000000000,4846.4000000000,5060.0000000000,6882368.9639999997,69226.0000000000
500,2024-01-26,ICZL.CFE,5043.0000000000,5056.4000000000,4969.0000000000,4992.6000000000,5012567.5999999996,49945.0000000000
499,2024-01-29,ICZL.CFE,5018.0000000000,5030.0000000000,4886.4000000000,4893.2000000000,5327664.3200000003,53988.0000000000
498,2024-01-30,ICZL.CFE,4856.0000000000,4916.6000000000,4745.2000000000,4767.8000000000,5466962.3119999999,56343.0000000000
497,2024-01-31,ICZL.CFE,4750.0000000000,4799.6000000000,4648.0000000000,4657.4000000000,7037926.4320000000,74594.0000000000
496,2024-02-01,ICZL.CFE,4650.0000000000,4762.4000000000,4596.0000000000,4648.8000000000,6527921.1239999998,69782.0000000000
495,2024-02-02,ICZL.CFE,4673.0000000000,4718.0000000000,4346.6000000000,4512.8000000000,7573183.6919999998,82847.0000000000
494,2024-02-05,ICZL.CFE,4475.0000000000,4585.0000000000,4208.4000000000,4380.0000000000,9248809.1640000008,105377.0000000000
493,2024-02-06,ICZL.CFE,4379.0000000000,4843.8000000000,4360.0000000000,4822.6000000000,9276555.6319999993,99950.0000000000
492,2024-02-07,ICZL.CFE,4805.0000000000,5134.6000000000,4802.0000000000,5128.6000000000,14154916.4279999994,140872.0000000000
491,2024-02-08,ICZL.CFE,5180.0000000000,5399.0000000000,5085.2000000000,5110.6000000000,17702351.3839999996,168495.0000000000
490,2024-02-19,ICZL.CFE,5201.0000000000,5213.0000000000,5025.0000000000,5083.4000000000,9389510.2320000008,92112.0000000000
489,2024-02-20,ICZL.CFE,5067.8000000000,5122.6000000000,5038.6000000000,5097.4000000000,7112795.2599999998,69995.0000000000
488,2024-02-21,ICZL.CFE,5065.0000000000,5248.6000000000,5058.8000000000,5107.2000000000,9703588.5120000001,94047.0000000000
487,2024-02-22,ICZL.CFE,5117.2000000000,5175.0000000000,5097.0000000000,5159.2000000000,7229986.3600000003,70369.0000000000
486,2024-02-23,ICZL.CFE,5180.0000000000,5193.2000000000,5092.0000000000,5186.0000000000,7598869.3159999996,73823.0000000000
485,2024-02-26,ICZL.CFE,5179.8000000000,5247.8000000000,5142.0000000000,5168.2000000000,7640064.1639999999,73623.0000000000
484,2024-02-27,ICZL.CFE,5160.0000000000,5308.8000000000,5146.0000000000,5307.8000000000,7787908.4160000002,74463.0000000000
483,2024-02-28,ICZL.CFE,5319.2000000000,5382.8000000000,5170.2000000000,5175.2000000000,10939185.5559999999,103190.0000000000
482,2024-02-29,ICZL.CFE,5202.0000000000,5362.6000000000,5164.0000000000,5346.4000000000,9398529.7760000005,88875.0000000000
481,2024-03-01,ICZL.CFE,5346.4000000000,5394.4000000000,5319.2000000000,5382.6000000000,7096036.9840000002,66208.0000000000
480,2024-03-04,ICZL.CFE,5390.0000000000,5404.6000000000,5315.0000000000,5377.0000000000,6069801.5400000000,56578.0000000000
479,2024-03-05,ICZL.CFE,5351.0000000000,5377.0000000000,5311.0000000000,5334.8000000000,6314559.5800000001,59014.0000000000
478,2024-03-06,ICZL.CFE,5320.4000000000,5413.4000000000,5291.0000000000,5342.8000000000,6875276.9879999999,64312.0000000000
477,2024-03-07,ICZL.CFE,5352.2000000000,5385.0000000000,5270.8000000000,5272.4000000000,5993744.3959999997,56194.0000000000
476,2024-03-08,ICZL.CFE,5298.0000000000,5368.4000000000,5266.0000000000,5346.2000000000,5897397.6440000003,55520.0000000000
475,2024-03-11,ICZL.CFE,5339.6000000000,5459.2000000000,5335.0000000000,5456.2000000000,6238607.3520000000,57947.0000000000
474,2024-03-12,ICZL.CFE,5457.4000000000,5486.0000000000,5387.0000000000,5427.6000000000,6828649.5559999999,62896.0000000000
473,2024-03-13,ICZL.CFE,5444.0000000000,5469.8000000000,5390.4000000000,5417.0000000000,5551143.7960000001,51162.0000000000
472,2024-03-14,ICZL.CFE,5414.4000000000,5454.4000000000,5353.2000000000,5399.0000000000,4724715.8119999999,43642.0000000000
471,2024-03-15,ICZL.CFE,5363.2000000000,5456.8000000000,5338.8000000000,5452.6000000000,5811080.3679999998,53911.0000000000
470,2024-03-18,ICZL.CFE,5465.0000000000,5536.8000000000,5446.2000000000,5533.0000000000,4786680.6519999998,43646.0000000000
469,2024-03-19,ICZL.CFE,5517.2000000000,5525.6000000000,5465.0000000000,5472.2000000000,4654020.2240000004,42311.0000000000
468,2024-03-20,ICZL.CFE,5470.6000000000,5505.0000000000,5452.0000000000,5486.0000000000,4564160.8600000003,41659.0000000000
467,2024-03-21,ICZL.CFE,5496.8000000000,5512.8000000000,5446.4000000000,5457.8000000000,4572968.8240000000,41773.0000000000
466,2024-03-22,ICZL.CFE,5448.0000000000,5458.8000000000,5343.0000000000,5367.0000000000,6040006.7479999997,56065.0000000000
465,2024-03-25,ICZL.CFE,5352.8000000000,5392.8000000000,5280.2000000000,5293.8000000000,5401020.3039999995,50558.0000000000
464,2024-03-26,ICZL.CFE,5299.6000000000,5317.8000000000,5240.2000000000,5267.4000000000,5734553.1160000004,54258.0000000000
463,2024-03-27,ICZL.CFE,5261.0000000000,5272.4000000000,5145.2000000000,5150.6000000000,5418528.1679999996,51953.0000000000
462,2024-03-28,ICZL.CFE,5169.6000000000,5280.0000000000,5160.0000000000,5216.8000000000,6012470.6760000000,57584.0000000000
461,2024-03-29,ICZL.CFE,5214.0000000000,5293.6000000000,5201.8000000000,5288.4000000000,4821634.7759999996,45985.0000000000
460,2024-04-01,ICZL.CFE,5318.6000000000,5414.8000000000,5315.0000000000,5404.0000000000,4915452.2120000003,45712.0000000000
459,2024-04-02,ICZL.CFE,5392.6000000000,5413.8000000000,5351.8000000000,5381.8000000000,4058466.0400000000,37735.0000000000
458,2024-04-03,ICZL.CFE,5372.4000000000,5379.4000000000,5342.0000000000,5372.0000000000,4038027.6760000000,37639.0000000000
457,2024-04-08,ICZL.CFE,5363.0000000000,5379.0000000000,5282.0000000000,5286.2000000000,4860120.6760000000,45568.0000000000
456,2024-04-09,ICZL.CFE,5291.0000000000,5338.8000000000,5284.2000000000,5334.2000000000,4054439.5000000000,38161.0000000000
455,2024-04-10,ICZL.CFE,5327.4000000000,5330.6000000000,5225.4000000000,5269.0000000000,4861846.6519999998,46073.0000000000
454,2024-04-11,ICZL.CFE,5240.0000000000,5360.0000000000,5233.8000000000,5303.0000000000,5265693.6080000000,49594.0000000000
453,2024-04-12,ICZL.CFE,5315.0000000000,5341.0000000000,5260.0000000000,5263.2000000000,4795827.0439999998,45254.0000000000
452,2024-04-15,ICZL.CFE,5264.8000000000,5385.4000000000,5216.8000000000,5345.0000000000,6576999.7160000000,61873.0000000000
451,2024-04-16,ICZL.CFE,5323.0000000000,5353.6000000000,5175.6000000000,5198.0000000000,6571507.2680000002,62405.0000000000
450,2024-04-17,ICZL.CFE,5246.8000000000,5346.6000000000,5221.0000000000,5341.8000000000,6072018.1720000003,57438.0000000000
449,2024-04-18,ICZL.CFE,5324.4000000000,5424.6000000000,5297.2000000000,5353.4000000000,4263775.3640000001,39791.0000000000
448,2024-04-19,ICZL.CFE,5328.8000000000,5358.8000000000,5271.0000000000,5288.0000000000,4919792.3320000004,46356.0000000000
447,2024-04-22,ICZL.CFE,5269.8000000000,5332.2000000000,5235.6000000000,5246.2000000000,4294414.3760000002,40714.0000000000
446,2024-04-23,ICZL.CFE,5255.0000000000,5285.0000000000,5174.8000000000,5185.6000000000,4471922.2719999999,42948.0000000000
445,2024-04-24,ICZL.CFE,5215.6000000000,5253.6000000000,5160.4000000000,5251.0000000000,3948033.5000000000,37906.0000000000
444,2024-04-25,ICZL.CFE,5229.4000000000,5288.8000000000,5212.0000000000,5246.8000000000,4142807.2319999998,39479.0000000000
443,2024-04-26,ICZL.CFE,5262.0000000000,5391.2000000000,5262.0000000000,5373.4000000000,5783123.0880000005,54249.0000000000
442,2024-04-29,ICZL.CFE,5399.2000000000,5505.4000000000,5393.0000000000,5484.8000000000,5226901.5480000004,47894.0000000000
441,2024-04-30,ICZL.CFE,5489.8000000000,5493.0000000000,5438.0000000000,5442.0000000000,3727392.2760000001,34131.0000000000
440,2024-05-06,ICZL.CFE,5529.6000000000,5548.0000000000,5500.2000000000,5523.4000000000,4383892.5480000004,39670.0000000000
439,2024-05-07,ICZL.CFE,5530.0000000000,5542.8000000000,5501.2000000000,5522.0000000000,3047761.4199999999,27593.0000000000
438,2024-05-08,ICZL.CFE,5501.6000000000,5508.8000000000,5444.6000000000,5450.6000000000,3250866.9399999999,29707.0000000000
437,2024-05-09,ICZL.CFE,5470.0000000000,5572.0000000000,5459.8000000000,5548.6000000000,4121808.8160000001,37228.0000000000
436,2024-05-10,ICZL.CFE,5558.0000000000,5576.8000000000,5486.2000000000,5530.8000000000,4135725.7640000000,37466.0000000000
435,2024-05-13,ICZL.CFE,5480.0000000000,5526.6000000000,5451.0000000000,5497.0000000000,4239105.0159999998,38609.0000000000
434,2024-05-14,ICZL.CFE,5520.0000000000,5544.2000000000,5473.2000000000,5488.6000000000,3755191.8799999999,34136.0000000000
433,2024-05-15,ICZL.CFE,5479.6000000000,5492.6000000000,5428.0000000000,5443.4000000000,3472377.9040000001,31763.0000000000
432,2024-05-16,ICZL.CFE,5430.0000000000,5445.0000000000,5358.6000000000,5378.4000000000,5185205.5319999997,47928.0000000000
431,2024-05-17,ICZL.CFE,5387.4000000000,5468.2000000000,5370.0000000000,5460.4000000000,6456423.4600000000,59718.0000000000
430,2024-05-20,ICZL.CFE,5472.2000000000,5511.6000000000,5446.6000000000,5474.0000000000,5421989.4040000001,49483.0000000000
429,2024-05-21,ICZL.CFE,5467.0000000000,5474.2000000000,5414.8000000000,5440.6000000000,3973508.3999999999,36500.0000000000
428,2024-05-22,ICZL.CFE,5436.6000000000,5448.0000000000,5410.6000000000,5424.0000000000,3661211.2960000001,33716.0000000000
427,2024-05-23,ICZL.CFE,5410.0000000000,5410.0000000000,5300.4000000000,5326.0000000000,5279894.1679999996,49426.0000000000
426,2024-05-24,ICZL.CFE,5320.0000000000,5368.8000000000,5266.6000000000,5270.4000000000,5151222.8480000002,48421.0000000000
425,2024-05-27,ICZL.CFE,5291.0000000000,5329.8000000000,5238.6000000000,5322.4000000000,4861812.4600000000,46017.0000000000
424,2024-05-28,ICZL.CFE,5312.6000000000,5322.0000000000,5261.2000000000,5280.0000000000,4518590.9239999996,42705.0000000000
423,2024-05-29,ICZL.CFE,5276.0000000000,5337.0000000000,5267.6000000000,5290.0000000000,5080493.1080000000,47891.0000000000
422,2024-05-30,ICZL.CFE,5280.0000000000,5324.8000000000,5260.6000000000,5287.0000000000,4873501.5559999999,46055.0000000000
421,2024-05-31,ICZL.CFE,5315.0000000000,5341.6000000000,5280.2000000000,5282.2000000000,4463293.0520000001,42065.0000000000
420,2024-06-03,ICZL.CFE,5280.2000000000,5295.0000000000,5194.0000000000,5239.8000000000,5594438.8480000002,53319.0000000000
419,2024-06-04,ICZL.CFE,5229.0000000000,5330.0000000000,5218.0000000000,5307.2000000000,5685715.0640000002,53950.0000000000
418,2024-06-05,ICZL.CFE,5300.0000000000,5318.0000000000,5245.6000000000,5247.6000000000,4364911.7039999999,41265.0000000000
417,2024-06-06,ICZL.CFE,5280.0000000000,5285.6000000000,5183.6000000000,5208.2000000000,6478873.7719999999,61802.0000000000
416,2024-06-07,ICZL.CFE,5239.0000000000,5248.6000000000,5149.0000000000,5178.0000000000,5521399.6919999998,53160.0000000000
415,2024-06-11,ICZL.CFE,5154.2000000000,5217.8000000000,5134.2000000000,5198.6000000000,4807786.0120000001,46475.0000000000
414,2024-06-12,ICZL.CFE,5190.0000000000,5228.8000000000,5186.0000000000,5210.0000000000,4103320.3640000001,39378.0000000000
413,2024-06-13,ICZL.CFE,5215.6000000000,5222.8000000000,5162.2000000000,5184.0000000000,4398942.7039999999,42403.0000000000
412,2024-06-14,ICZL.CFE,5175.4000000000,5239.0000000000,5152.0000000000,5211.6000000000,6083474.9960000003,58607.0000000000
411,2024-06-17,ICZL.CFE,5194.0000000000,5220.8000000000,5186.2000000000,5198.2000000000,4589187.9680000003,44082.0000000000
410,2024-06-18,ICZL.CFE,5206.4000000000,5247.8000000000,5201.8000000000,5226.6000000000,5237583.2439999999,50125.0000000000
409,2024-06-19,ICZL.CFE,5240.2000000000,5244.8000000000,5162.4000000000,5169.2000000000,5192432.4800000004,50079.0000000000
408,2024-06-20,ICZL.CFE,5171.6000000000,5184.6000000000,5085.0000000000,5091.0000000000,4388256.9919999996,42791.0000000000
407,2024-06-21,ICZL.CFE,5050.0000000000,5097.4000000000,5041.4000000000,5060.6000000000,4708081.6720000003,46410.0000000000
406,2024-06-24,ICZL.CFE,5042.0000000000,5048.0000000000,4949.2000000000,4965.0000000000,5660103.8880000003,56646.0000000000
405,2024-06-25,ICZL.CFE,4981.0000000000,4982.8000000000,4882.4000000000,4923.4000000000,5441992.4079999998,55099.0000000000
404,2024-06-26,ICZL.CFE,4920.0000000000,5003.8000000000,4886.6000000000,4990.2000000000,5475566.4000000004,55463.0000000000
403,2024-06-27,ICZL.CFE,4980.0000000000,4981.8000000000,4892.0000000000,4908.0000000000,4709215.0439999998,47806.0000000000
402,2024-06-28,ICZL.CFE,4900.0000000000,4992.0000000000,4897.2000000000,4909.0000000000,5245384.6600000001,53004.0000000000
401,2024-07-01,ICZL.CFE,4926.0000000000,4998.4000000000,4898.2000000000,4968.2000000000,4515197.0159999998,45638.0000000000
400,2024-07-02,ICZL.CFE,4963.6000000000,4973.2000000000,4902.4000000000,4924.6000000000,4089906.8199999998,41411.0000000000
399,2024-07-03,ICZL.CFE,4921.0000000000,4933.2000000000,4875.0000000000,4879.8000000000,3863313.0839999998,39403.0000000000
398,2024-07-04,ICZL.CFE,4895.0000000000,4907.8000000000,4795.0000000000,4803.8000000000,4381275.7560000001,45177.0000000000
397,2024-07-05,ICZL.CFE,4807.0000000000,4857.6000000000,4771.2000000000,4842.0000000000,4664797.4440000001,48528.0000000000
396,2024-07-08,ICZL.CFE,4840.0000000000,4840.0000000000,4738.6000000000,4762.4000000000,4058376.9600000000,42429.0000000000
395,2024-07-09,ICZL.CFE,4757.8000000000,4881.0000000000,4731.2000000000,4854.8000000000,5855517.1840000004,60958.0000000000
394,2024-07-10,ICZL.CFE,4853.8000000000,4881.8000000000,4827.0000000000,4831.4000000000,3926219.1359999999,40434.0000000000
393,2024-07-11,ICZL.CFE,4878.4000000000,4939.6000000000,4855.2000000000,4925.4000000000,4693489.3399999999,47850.0000000000
392,2024-07-12,ICZL.CFE,4920.4000000000,4934.6000000000,4893.6000000000,4908.0000000000,3171964.2480000001,32287.0000000000
391,2024-07-15,ICZL.CFE,4898.0000000000,4898.0000000000,4851.0000000000,4862.6000000000,3592443.2080000001,36883.0000000000
390,2024-07-16,ICZL.CFE,4861.2000000000,4903.0000000000,4834.2000000000,4881.2000000000,4123530.6839999999,42351.0000000000
389,2024-07-17,ICZL.CFE,4877.4000000000,4894.8000000000,4840.0000000000,4851.2000000000,4070639.6039999998,41903.0000000000
388,2024-07-18,ICZL.CFE,4824.8000000000,4881.6000000000,4787.8000000000,4879.2000000000,3889339.1719999998,40280.0000000000
387,2024-07-19,ICZL.CFE,4831.0000000000,4882.2000000000,4807.8000000000,4846.2000000000,4378011.0319999997,45201.0000000000
386,2024-07-22,ICZL.CFE,4856.2000000000,4874.4000000000,4807.0000000000,4834.4000000000,3478257.8679999998,35928.0000000000
385,2024-07-23,ICZL.CFE,4855.0000000000,4855.0000000000,4690.2000000000,4691.0000000000,4124075.5800000001,43339.0000000000
384,2024-07-24,ICZL.CFE,4692.0000000000,4711.4000000000,4624.8000000000,4631.4000000000,4638076.4400000004,49659.0000000000
383,2024-07-25,ICZL.CFE,4618.0000000000,4692.8000000000,4608.0000000000,4627.2000000000,4594144.5360000003,49530.0000000000
382,2024-07-26,ICZL.CFE,4652.8000000000,4727.0000000000,4647.2000000000,4709.4000000000,4473542.1679999996,47643.0000000000
381,2024-07-29,ICZL.CFE,4719.4000000000,4719.4000000000,4672.0000000000,4679.4000000000,3044022.1560000000,32458.0000000000
380,2024-07-30,ICZL.CFE,4666.0000000000,4694.0000000000,4618.6000000000,4673.0000000000,3759145.3199999998,40323.0000000000
379,2024-07-31,ICZL.CFE,4675.6000000000,4892.4000000000,4660.0000000000,4890.2000000000,6242886.5319999997,65007.0000000000
378,2024-08-01,ICZL.CFE,4891.8000000000,4936.2000000000,4816.6000000000,4841.0000000000,4642220.4639999997,47712.0000000000
377,2024-08-02,ICZL.CFE,4807.8000000000,4871.4000000000,4768.2000000000,4777.8000000000,4315293.2400000002,44787.0000000000
376,2024-08-05,ICZL.CFE,4752.0000000000,4849.6000000000,4676.4000000000,4689.8000000000,5995872.2039999999,63016.0000000000
375,2024-08-06,ICZL.CFE,4759.0000000000,4777.2000000000,4685.4000000000,4738.2000000000,4492788.8399999999,47514.0000000000
374,2024-08-07,ICZL.CFE,4729.2000000000,4780.0000000000,4704.0000000000,4735.6000000000,3674652.0079999999,38749.0000000000
373,2024-08-08,ICZL.CFE,4721.0000000000,4793.0000000000,4691.4000000000,4752.4000000000,4276090.8399999999,45060.0000000000
372,2024-08-09,ICZL.CFE,4780.0000000000,4808.2000000000,4703.2000000000,4707.8000000000,3661237.6639999999,38544.0000000000
371,2024-08-12,ICZL.CFE,4704.2000000000,4738.0000000000,4683.2000000000,4717.6000000000,3303980.8840000001,35050.0000000000
370,2024-08-13,ICZL.CFE,4715.0000000000,4734.8000000000,4675.0000000000,4729.2000000000,3570101.6080000000,37932.0000000000
369,2024-08-14,ICZL.CFE,4725.0000000000,4728.8000000000,4653.2000000000,4653.8000000000,3331623.2799999998,35579.0000000000
368,2024-08-15,ICZL.CFE,4623.8000000000,4735.8000000000,4616.0000000000,4661.2000000000,5670407.0199999996,60654.0000000000
367,2024-08-16,ICZL.CFE,4677.0000000000,4685.4000000000,4639.0000000000,4642.8000000000,4186437.0240000002,44945.0000000000
366,2024-08-19,ICZL.CFE,4638.8000000000,4720.4000000000,4638.8000000000,4662.0000000000,4204766.6880000001,44914.0000000000
365,2024-08-20,ICZL.CFE,4662.0000000000,4670.0000000000,4553.2000000000,4572.0000000000,5200992.0920000002,56620.0000000000
364,2024-08-21,ICZL.CFE,4569.0000000000,4586.0000000000,4556.6000000000,4570.6000000000,3302145.5000000000,36116.0000000000
363,2024-08-22,ICZL.CFE,4569.0000000000,4582.0000000000,4497.0000000000,4514.6000000000,4482355.8760000002,49428.0000000000
362,2024-08-23,ICZL.CFE,4519.0000000000,4538.6000000000,4500.6000000000,4518.6000000000,4204907.1919999998,46541.0000000000
361,2024-08-26,ICZL.CFE,4535.0000000000,4548.0000000000,4505.2000000000,4527.0000000000,3615295.9920000001,39957.0000000000
360,2024-08-27,ICZL.CFE,4516.8000000000,4518.0000000000,4472.8000000000,4480.2000000000,3836335.8199999998,42750.0000000000
359,2024-08-28,ICZL.CFE,4475.8000000000,4520.6000000000,4468.0000000000,4483.0000000000,3953290.8920000000,44030.0000000000
358,2024-08-29,ICZL.CFE,4470.0000000000,4576.2000000000,4461.6000000000,4547.2000000000,5541242.5959999999,61142.0000000000
357,2024-08-30,ICZL.CFE,4546.4000000000,4711.2000000000,4542.0000000000,4628.4000000000,7289243.5599999996,78511.0000000000
356,2024-09-02,ICZL.CFE,4623.0000000000,4631.8000000000,4526.8000000000,4532.4000000000,4564408.7999999998,49899.0000000000
355,2024-09-03,ICZL.CFE,4540.0000000000,4607.6000000000,4532.8000000000,4576.0000000000,4578078.2000000002,50062.0000000000
354,2024-09-04,ICZL.CFE,4555.0000000000,4618.4000000000,4532.0000000000,4569.2000000000,4646899.9919999996,50798.0000000000
353,2024-09-05,ICZL.CFE,4580.2000000000,4628.6000000000,4569.6000000000,4592.4000000000,4036483.9360000002,43941.0000000000
352,2024-09-06,ICZL.CFE,4603.8000000000,4615.4000000000,4512.8000000000,4524.2000000000,4564299.1040000003,50076.0000000000
351,2024-09-09,ICZL.CFE,4515.0000000000,4543.0000000000,4475.0000000000,4494.6000000000,4566736.4440000001,50661.0000000000
350,2024-09-10,ICZL.CFE,4505.0000000000,4524.2000000000,4411.6000000000,4493.0000000000,5983329.5959999999,67033.0000000000
349,2024-09-11,ICZL.CFE,4485.4000000000,4525.0000000000,4463.2000000000,4509.2000000000,4338225.3600000003,48234.0000000000
348,2024-09-12,ICZL.CFE,4526.0000000000,4573.8000000000,4485.4000000000,4496.4000000000,4743014.2000000002,52479.0000000000
347,2024-09-13,ICZL.CFE,4505.2000000000,4510.0000000000,4444.0000000000,4444.8000000000,4412444.7439999999,49248.0000000000
346,2024-09-18,ICZL.CFE,4452.0000000000,4476.6000000000,4385.0000000000,4460.0000000000,5482572.1239999998,61868.0000000000
345,2024-09-19,ICZL.CFE,4474.8000000000,4577.6000000000,4426.0000000000,4530.0000000000,4981846.3159999996,55324.0000000000
344,2024-09-20,ICZL.CFE,4496.0000000000,4500.0000000000,4446.2000000000,4474.8000000000,4424058.3760000002,49475.0000000000
343,2024-09-23,ICZL.CFE,4465.0000000000,4538.8000000000,4452.8000000000,4478.4000000000,4133769.7840000000,45993.0000000000
342,2024-09-24,ICZL.CFE,4530.0000000000,4706.0000000000,4490.8000000000,4705.6000000000,8277215.4720000001,90166.0000000000
341,2024-09-25,ICZL.CFE,4746.2000000000,4851.4000000000,4720.4000000000,4732.0000000000,8004083.5680000000,83625.0000000000
340,2024-09-26,ICZL.CFE,4731.0000000000,5002.0000000000,4723.2000000000,4995.2000000000,8248687.5240000002,85335.0000000000
339,2024-09-27,ICZL.CFE,5050.0000000000,5432.4000000000,5027.0000000000,5430.2000000000,13685444.3359999992,130777.0000000000
338,2024-09-30,ICZL.CFE,5631.0000000000,5902.8000000000,5451.0000000000,5902.8000000000,13773892.9159999993,120986.0000000000
337,2024-10-08,ICZL.CFE,6483.0000000000,6483.0000000000,5876.0000000000,6098.2000000000,18896802.7960000001,152218.0000000000
336,2024-10-09,ICZL.CFE,6013.0000000000,6108.2000000000,5690.0000000000,5790.8000000000,16304817.2320000008,137726.0000000000
335,2024-10-10,ICZL.CFE,5852.0000000000,5915.6000000000,5635.4000000000,5712.6000000000,12211539.5199999996,105722.0000000000
334,2024-10-11,ICZL.CFE,5681.0000000000,5684.8000000000,5403.6000000000,5485.0000000000,10185744.4440000001,91837.0000000000
333,2024-10-14,ICZL.CFE,5548.4000000000,5643.0000000000,5411.2000000000,5605.4000000000,8589012.5040000007,77725.0000000000
332,2024-10-15,ICZL.CFE,5565.8000000000,5669.2000000000,5450.2000000000,5456.4000000000,7252400.7680000002,65132.0000000000
331,2024-10-16,ICZL.CFE,5407.6000000000,5565.2000000000,5407.6000000000,5463.8000000000,6935976.0959999999,63349.0000000000
330,2024-10-17,ICZL.CFE,5511.0000000000,5555.0000000000,5403.8000000000,5407.0000000000,5540121.4960000003,50487.0000000000
329,2024-10-18,ICZL.CFE,5405.4000000000,5871.0000000000,5391.8000000000,5606.2000000000,10569155.5920000002,94384.0000000000
328,2024-10-21,ICZL.CFE,5656.0000000000,5793.2000000000,5624.2000000000,5682.4000000000,7216559.4359999998,63221.0000000000
327,2024-10-22,ICZL.CFE,5676.0000000000,5762.0000000000,5651.0000000000,5741.4000000000,6152595.1440000003,53852.0000000000
326,2024-10-23,ICZL.CFE,5732.8000000000,5850.0000000000,5712.6000000000,5755.8000000000,7694842.7000000002,66531.0000000000
325,2024-10-24,ICZL.CFE,5725.6000000000,5749.6000000000,5678.0000000000,5710.0000000000,6076804.5959999999,53231.0000000000
324,2024-10-25,ICZL.CFE,5724.8000000000,5839.2000000000,5712.4000000000,5797.0000000000,7181334.7960000001,62103.0000000000
323,2024-10-28,ICZL.CFE,5806.0000000000,5867.0000000000,5763.0000000000,5857.8000000000,5937346.2000000002,50896.0000000000
322,2024-10-29,ICZL.CFE,5882.0000000000,5900.0000000000,5777.0000000000,5800.8000000000,7111670.7359999996,60932.0000000000
321,2024-10-30,ICZL.CFE,5791.0000000000,5858.6000000000,5746.8000000000,5814.4000000000,7161835.5719999997,61665.0000000000
320,2024-10-31,ICZL.CFE,5821.0000000000,5920.8000000000,5783.6000000000,5859.6000000000,8953107.2160000000,76331.0000000000
319,2024-11-01,ICZL.CFE,5851.0000000000,5899.0000000000,5773.8000000000,5821.0000000000,8704583.6480000000,74508.0000000000
318,2024-11-04,ICZL.CFE,5841.2000000000,5920.0000000000,5822.0000000000,5917.4000000000,6187809.3839999996,52732.0000000000
317,2024-11-05,ICZL.CFE,5915.0000000000,6118.6000000000,5889.0000000000,6093.8000000000,9404066.5600000005,77965.0000000000
316,2024-11-06,ICZL.CFE,6100.0000000000,6186.6000000000,6044.0000000000,6096.0000000000,10938949.2039999999,89343.0000000000
315,2024-11-07,ICZL.CFE,6070.0000000000,6219.6000000000,6044.0000000000,6207.8000000000,8956394.8200000003,73005.0000000000
314,2024-11-08,ICZL.CFE,6260.0000000000,6304.8000000000,6151.6000000000,6174.0000000000,10154731.0319999997,81457.0000000000
313,2024-11-11,ICZL.CFE,6149.0000000000,6274.6000000000,6134.0000000000,6240.0000000000,9066308.0240000002,72838.0000000000
312,2024-11-12,ICZL.CFE,6250.0000000000,6316.8000000000,6153.0000000000,6184.0000000000,10523849.8080000002,84331.0000000000
311,2024-11-13,ICZL.CFE,6149.0000000000,6220.0000000000,6118.4000000000,6186.4000000000,9598691.0519999992,77789.0000000000
310,2024-11-14,ICZL.CFE,6170.8000000000,6174.8000000000,6035.2000000000,6057.4000000000,10252665.6640000008,84085.0000000000
309,2024-11-15,ICZL.CFE,6066.0000000000,6076.6000000000,5909.0000000000,5913.2000000000,12340690.3680000007,102856.0000000000
308,2024-11-18,ICZL.CFE,5947.0000000000,5949.0000000000,5772.2000000000,5822.0000000000,11631878.1720000003,99016.0000000000
307,2024-11-19,ICZL.CFE,5833.6000000000,5915.0000000000,5769.0000000000,5890.2000000000,11288614.9000000004,96561.0000000000
306,2024-11-20,ICZL.CFE,5872.0000000000,5979.8000000000,5872.0000000000,5943.8000000000,9863996.8680000007,83254.0000000000
305,2024-11-21,ICZL.CFE,5932.6000000000,5962.8000000000,5891.2000000000,5933.4000000000,7981790.9040000001,67277.0000000000
304,2024-11-22,ICZL.CFE,5929.0000000000,5937.4000000000,5703.6000000000,5709.0000000000,10219555.1919999998,87656.0000000000
303,2024-11-25,ICZL.CFE,5730.0000000000,5739.0000000000,5628.0000000000,5688.8000000000,10200706.3640000001,89635.0000000000
302,2024-11-26,ICZL.CFE,5667.8000000000,5726.0000000000,5631.2000000000,5652.8000000000,8478442.5600000005,74672.0000000000
301,2024-11-27,ICZL.CFE,5643.2000000000,5784.8000000000,5571.6000000000,5767.6000000000,11203421.6600000001,98774.0000000000
300,2024-11-28,ICZL.CFE,5752.0000000000,5798.0000000000,5700.6000000000,5723.6000000000,8451854.3680000007,73551.0000000000
299,2024-11-29,ICZL.CFE,5729.8000000000,5892.6000000000,5702.0000000000,5822.4000000000,11377214.8479999993,97959.0000000000
298,2024-12-02,ICZL.CFE,5828.2000000000,5948.0000000000,5822.2000000000,5912.0000000000,9431226.0040000007,79923.0000000000
297,2024-12-03,ICZL.CFE,5915.4000000000,5938.2000000000,5851.2000000000,5903.2000000000,8666956.9800000004,73607.0000000000
296,2024-12-04,ICZL.CFE,5893.6000000000,5913.4000000000,5818.2000000000,5860.0000000000,7580250.3880000003,64609.0000000000
295,2024-12-05,ICZL.CFE,5844.6000000000,5908.0000000000,5826.4000000000,5878.0000000000,7496460.6519999998,63859.0000000000
294,2024-12-06,ICZL.CFE,5880.8000000000,6006.4000000000,5838.2000000000,5963.4000000000,10607739.3159999996,89397.0000000000
293,2024-12-09,ICZL.CFE,5962.0000000000,5985.0000000000,5880.0000000000,5922.6000000000,7784567.4239999996,65617.0000000000
292,2024-12-10,ICZL.CFE,6120.4000000000,6165.0000000000,5967.6000000000,5991.4000000000,10182878.2400000002,84052.0000000000
291,2024-12-11,ICZL.CFE,5998.8000000000,6055.4000000000,5985.4000000000,6036.4000000000,7698470.6040000003,63842.0000000000
290,2024-12-12,ICZL.CFE,6038.0000000000,6115.6000000000,6018.0000000000,6093.0000000000,7814734.0400000000,64420.0000000000
289,2024-12-13,ICZL.CFE,6050.0000000000,6056.4000000000,5966.6000000000,5998.2000000000,9901185.7520000003,82430.0000000000
288,2024-12-16,ICZL.CFE,6002.2000000000,6002.2000000000,5888.6000000000,5908.0000000000,7160322.5800000001,60429.0000000000
287,2024-12-17,ICZL.CFE,5901.0000000000,5926.6000000000,5840.4000000000,5850.8000000000,7842511.1359999999,66735.0000000000
286,2024-12-18,ICZL.CFE,5887.2000000000,5930.0000000000,5850.0000000000,5888.6000000000,6587158.3320000004,55904.0000000000
285,2024-12-19,ICZL.CFE,5850.2000000000,5929.8000000000,5821.0000000000,5911.6000000000,5702807.0680000000,48608.0000000000
284,2024-12-20,ICZL.CFE,5873.0000000000,5946.4000000000,5870.0000000000,5895.6000000000,5568252.8600000003,47129.0000000000
283,2024-12-23,ICZL.CFE,5899.0000000000,5916.0000000000,5799.6000000000,5803.0000000000,6460909.0159999998,55190.0000000000
282,2024-12-24,ICZL.CFE,5815.0000000000,5892.2000000000,5815.0000000000,5879.2000000000,6374064.1200000001,54464.0000000000
281,2024-12-25,ICZL.CFE,5871.0000000000,5878.2000000000,5771.2000000000,5828.4000000000,6902830.6560000004,59311.0000000000
280,2024-12-26,ICZL.CFE,5826.0000000000,5887.0000000000,5820.8000000000,5870.0000000000,4770529.4759999998,40658.0000000000
279,2024-12-27,ICZL.CFE,5879.4000000000,5975.6000000000,5860.0000000000,5887.8000000000,6495177.5120000001,54899.0000000000
278,2024-12-30,ICZL.CFE,5890.0000000000,5923.6000000000,5855.2000000000,5889.2000000000,5349196.2719999999,45391.0000000000
277,2024-12-31,ICZL.CFE,5895.2000000000,5905.0000000000,5691.6000000000,5693.0000000000,7434982.1880000001,64273.0000000000
276,2025-01-02,ICZL.CFE,5695.2000000000,5706.8000000000,5477.2000000000,5534.6000000000,7373153.4919999996,65758.0000000000
275,2025-01-03,ICZL.CFE,5545.2000000000,5567.0000000000,5408.0000000000,5428.8000000000,7765476.0199999996,70670.0000000000
274,2025-01-06,ICZL.CFE,5421.2000000000,5476.0000000000,5381.0000000000,5418.0000000000,6675377.0319999997,61530.0000000000
273,2025-01-07,ICZL.CFE,5416.0000000000,5482.0000000000,5395.0000000000,5468.8000000000,5896224.8480000002,54204.0000000000
272,2025-01-08,ICZL.CFE,5455.0000000000,5498.8000000000,5308.6000000000,5448.2000000000,7964012.5719999997,73640.0000000000
271,2025-01-09,ICZL.CFE,5440.0000000000,5485.8000000000,5427.6000000000,5437.2000000000,4767785.7800000003,43668.0000000000
270,2025-01-10,ICZL.CFE,5432.0000000000,5496.0000000000,5365.2000000000,5365.6000000000,5391008.4239999996,49653.0000000000
269,2025-01-13,ICZL.CFE,5321.0000000000,5425.6000000000,5321.0000000000,5385.6000000000,6512380.3559999997,60597.0000000000
268,2025-01-14,ICZL.CFE,5401.0000000000,5594.6000000000,5369.8000000000,5569.0000000000,7420479.5999999996,67439.0000000000
267,2025-01-15,ICZL.CFE,5566.0000000000,5567.6000000000,5511.4000000000,5526.0000000000,4784575.8600000003,43243.0000000000
266,2025-01-16,ICZL.CFE,5550.2000000000,5644.0000000000,5505.4000000000,5545.0000000000,4484330.1720000003,40277.0000000000
265,2025-01-17,ICZL.CFE,5480.4000000000,5587.8000000000,5468.2000000000,5550.8000000000,6381305.1720000003,57692.0000000000
264,2025-01-20,ICZL.CFE,5594.0000000000,5644.2000000000,5564.4000000000,5579.6000000000,5533406.2079999996,49383.0000000000
263,2025-01-21,ICZL.CFE,5615.2000000000,5622.4000000000,5536.0000000000,5595.0000000000,5337503.5400000000,47880.0000000000
262,2025-01-22,ICZL.CFE,5584.0000000000,5584.0000000000,5510.2000000000,5572.6000000000,5449640.0839999998,49093.0000000000
261,2025-01-23,ICZL.CFE,5631.8000000000,5704.0000000000,5536.6000000000,5540.2000000000,8304524.4600000000,73922.0000000000
260,2025-01-24,ICZL.CFE,5545.0000000000,5648.0000000000,5540.0000000000,5638.6000000000,7027485.2999999998,62668.0000000000
259,2025-01-27,ICZL.CFE,5644.6000000000,5658.8000000000,5525.0000000000,5532.8000000000,5467925.9840000002,48896.0000000000
258,2025-02-05,ICZL.CFE,5592.0000000000,5613.0000000000,5540.6000000000,5567.8000000000,5752745.6399999997,51569.0000000000
257,2025-02-06,ICZL.CFE,5563.0000000000,5728.0000000000,5551.4000000000,5712.8000000000,6802000.0680000000,60055.0000000000
256,2025-02-07,ICZL.CFE,5712.8000000000,5877.4000000000,5703.6000000000,5807.6000000000,9172142.4320000000,79118.0000000000
255,2025-02-10,ICZL.CFE,5832.0000000000,5863.8000000000,5804.0000000000,5844.0000000000,5896376.6760000000,50534.0000000000
254,2025-02-11,ICZL.CFE,5848.8000000000,5848.8000000000,5782.6000000000,5822.8000000000,5436911.0000000000,46781.0000000000
253,2025-02-12,ICZL.CFE,5811.4000000000,5916.2000000000,5809.4000000000,5902.6000000000,6868692.0999999996,58621.0000000000
252,2025-02-13,ICZL.CFE,5895.0000000000,5917.8000000000,5850.0000000000,5873.0000000000,6946411.7120000003,59053.0000000000
251,2025-02-14,ICZL.CFE,5878.2000000000,5933.8000000000,5855.0000000000,5925.0000000000,7399101.7759999996,62706.0000000000
250,2025-02-17,ICZL.CFE,5958.0000000000,5960.0000000000,5860.6000000000,5909.4000000000,7663552.1119999997,64852.0000000000
249,2025-02-18,ICZL.CFE,5900.6000000000,5919.2000000000,5783.0000000000,5822.6000000000,8183589.4519999996,69781.0000000000
248,2025-02-19,ICZL.CFE,5822.6000000000,5924.6000000000,5806.6000000000,5913.4000000000,8261223.0000000000,70237.0000000000
247,2025-02-20,ICZL.CFE,5895.0000000000,5948.8000000000,5881.8000000000,5918.0000000000,7495591.8439999996,63368.0000000000
246,2025-02-21,ICZL.CFE,5933.0000000000,6048.2000000000,5909.0000000000,6028.8000000000,9710822.6480000000,81002.0000000000
245,2025-02-24,ICZL.CFE,6025.0000000000,6030.0000000000,5958.0000000000,5994.4000000000,8565292.6840000004,71380.0000000000
244,2025-02-25,ICZL.CFE,5948.0000000000,5998.8000000000,5916.6000000000,5950.4000000000,8210699.0039999997,68917.0000000000
243,2025-02-26,ICZL.CFE,5962.4000000000,6029.6000000000,5922.6000000000,5997.0000000000,9512872.6999999993,79564.0000000000
242,2025-02-27,ICZL.CFE,5990.6000000000,6014.4000000000,5888.6000000000,5982.4000000000,10079879.3039999995,84699.0000000000
241,2025-02-28,ICZL.CFE,5961.2000000000,5965.0000000000,5808.4000000000,5838.4000000000,10107543.0999999996,85967.0000000000
240,2025-03-03,ICZL.CFE,5853.0000000000,5938.0000000000,5822.2000000000,5847.2000000000,9511482.0680000000,80874.0000000000
239,2025-03-04,ICZL.CFE,5810.6000000000,5921.4000000000,5810.0000000000,5896.4000000000,7981645.7079999996,67897.0000000000
238,2025-03-05,ICZL.CFE,5900.0000000000,5919.0000000000,5837.0000000000,5905.8000000000,8348780.1799999997,71038.0000000000
237,2025-03-06,ICZL.CFE,5941.0000000000,6047.0000000000,5940.0000000000,6020.0000000000,9308708.6359999999,77533.0000000000
236,2025-03-07,ICZL.CFE,6006.0000000000,6036.0000000000,5968.2000000000,5992.4000000000,7761775.6639999999,64656.0000000000
235,2025-03-10,ICZL.CFE,5985.0000000000,6008.4000000000,5920.2000000000,5961.2000000000,7915442.2680000002,66437.0000000000
234,2025-03-11,ICZL.CFE,5906.0000000000,6011.8000000000,5901.0000000000,6011.0000000000,8229666.1320000002,68926.0000000000
233,2025-03-12,ICZL.CFE,6028.6000000000,6079.8000000000,5998.6000000000,6019.0000000000,8136284.4840000002,67452.0000000000
232,2025-03-13,ICZL.CFE,6013.4000000000,6027.8000000000,5914.6000000000,5967.8000000000,8535744.5319999997,71591.0000000000
231,2025-03-14,ICZL.CFE,5970.2000000000,6099.2000000000,5951.4000000000,6096.2000000000,10353352.5199999996,85658.0000000000
230,2025-03-17,ICZL.CFE,6109.0000000000,6110.0000000000,6077.2000000000,6083.0000000000,7012641.8760000002,57551.0000000000
229,2025-03-18,ICZL.CFE,6105.0000000000,6165.0000000000,6094.6000000000,6112.4000000000,6688811.6320000002,54619.0000000000
228,2025-03-19,ICZL.CFE,6099.8000000000,6121.0000000000,6058.2000000000,6099.4000000000,6493008.4479999999,53329.0000000000
227,2025-03-20,ICZL.CFE,6091.6000000000,6102.6000000000,6045.6000000000,6056.6000000000,5124530.5599999996,42196.0000000000
226,2025-03-21,ICZL.CFE,5988.8000000000,6020.0000000000,5880.4000000000,5913.6000000000,6944429.8600000003,58354.0000000000
225,2025-03-24,ICZL.CFE,5913.0000000000,5933.4000000000,5838.6000000000,5903.8000000000,6130816.1760000000,52006.0000000000
224,2025-03-25,ICZL.CFE,5900.0000000000,5936.0000000000,5864.0000000000,5895.2000000000,5832047.1320000002,49430.0000000000
223,2025-03-26,ICZL.CFE,5893.6000000000,5949.8000000000,5893.6000000000,5895.8000000000,5472795.4639999997,46238.0000000000
222,2025-03-27,ICZL.CFE,5894.0000000000,5967.0000000000,5836.4000000000,5922.2000000000,6194327.3240000000,52431.0000000000
221,2025-03-28,ICZL.CFE,5919.8000000000,5941.4000000000,5855.8000000000,5869.6000000000,5298255.5039999997,44969.0000000000
220,2025-03-31,ICZL.CFE,5848.8000000000,5875.0000000000,5751.2000000000,5819.6000000000,6345505.7039999999,54572.0000000000
219,2025-04-01,ICZL.CFE,5836.0000000000,5898.2000000000,5825.0000000000,5850.6000000000,4936379.6359999999,42101.0000000000
218,2025-04-02,ICZL.CFE,5854.4000000000,5910.8000000000,5843.4000000000,5868.6000000000,4222399.7640000004,35926.0000000000
217,2025-04-03,ICZL.CFE,5827.6000000000,5887.8000000000,5788.0000000000,5822.4000000000,6014139.1880000001,51562.0000000000
216,2025-04-07,ICZL.CFE,5659.8000000000,5659.8000000000,5236.2000000000,5236.2000000000,8400945.7599999998,77945.0000000000
215,2025-04-08,ICZL.CFE,5301.0000000000,5351.4000000000,5172.0000000000,5271.0000000000,9409382.8120000008,89328.0000000000
214,2025-04-09,ICZL.CFE,5200.0000000000,5442.6000000000,5101.4000000000,5387.2000000000,9497115.0879999995,89534.0000000000
213,2025-04-10,ICZL.CFE,5545.0000000000,5598.8000000000,5467.0000000000,5509.0000000000,6746519.7960000001,60899.0000000000
212,2025-04-11,ICZL.CFE,5500.0000000000,5620.0000000000,5492.0000000000,5555.8000000000,5387429.7719999999,48540.0000000000
211,2025-04-14,ICZL.CFE,5615.6000000000,5638.0000000000,5580.2000000000,5584.8000000000,4263782.6480000000,38051.0000000000
210,2025-04-15,ICZL.CFE,5581.0000000000,5598.8000000000,5542.2000000000,5580.0000000000,4300351.0360000003,38649.0000000000
209,2025-04-16,ICZL.CFE,5571.0000000000,5571.0000000000,5483.8000000000,5540.4000000000,4886288.0640000002,44211.0000000000
208,2025-04-17,ICZL.CFE,5523.0000000000,5610.2000000000,5521.8000000000,5551.2000000000,3852603.4199999999,34523.0000000000
207,2025-04-18,ICZL.CFE,5406.6000000000,5446.0000000000,5366.0000000000,5400.0000000000,4571413.0319999997,42314.0000000000
206,2025-04-21,ICZL.CFE,5393.0000000000,5521.8000000000,5375.4000000000,5499.8000000000,4650750.0080000004,42483.0000000000
205,2025-04-22,ICZL.CFE,5497.8000000000,5514.6000000000,5467.4000000000,5486.0000000000,4068953.8360000001,37064.0000000000
204,2025-04-23,ICZL.CFE,5530.0000000000,5564.6000000000,5476.0000000000,5495.0000000000,5067597.1359999999,45995.0000000000
203,2025-04-24,ICZL.CFE,5495.0000000000,5515.6000000000,5443.0000000000,5478.0000000000,4349327.0800000001,39686.0000000000
202,2025-04-25,ICZL.CFE,5491.8000000000,5546.2000000000,5467.0000000000,5498.6000000000,4821185.0880000005,43767.0000000000
201,2025-04-28,ICZL.CFE,5498.0000000000,5509.0000000000,5444.2000000000,5471.0000000000,4055275.8840000001,37058.0000000000
200,2025-04-29,ICZL.CFE,5460.0000000000,5505.8000000000,5440.8000000000,5487.2000000000,3731913.9360000002,34048.0000000000
199,2025-04-30,ICZL.CFE,5487.2000000000,5531.8000000000,5484.8000000000,5497.0000000000,4235174.8799999999,38409.0000000000
198,2025-05-06,ICZL.CFE,5544.0000000000,5625.4000000000,5537.0000000000,5622.0000000000,4835427.2560000001,43200.0000000000
197,2025-05-07,ICZL.CFE,5700.0000000000,5748.0000000000,5591.4000000000,5620.2000000000,6164708.2439999999,54572.0000000000
196,2025-05-08,ICZL.CFE,5610.0000000000,5685.6000000000,5609.6000000000,5660.0000000000,4896603.1960000005,43288.0000000000
195,2025-05-09,ICZL.CFE,5656.0000000000,5658.0000000000,5583.0000000000,5604.8000000000,4981414.1560000004,44378.0000000000
194,2025-05-12,ICZL.CFE,5658.0000000000,5692.0000000000,5625.0000000000,5688.0000000000,5937442.2039999999,52449.0000000000
193,2025-05-13,ICZL.CFE,5705.2000000000,5717.8000000000,5639.8000000000,5654.6000000000,5565453.2719999999,49100.0000000000
192,2025-05-14,ICZL.CFE,5663.4000000000,5749.2000000000,5635.8000000000,5697.8000000000,8247631.1119999997,72621.0000000000
191,2025-05-15,ICZL.CFE,5685.0000000000,5689.8000000000,5602.6000000000,5623.0000000000,6638524.8760000002,58925.0000000000
190,2025-05-16,ICZL.CFE,5615.8000000000,5641.6000000000,5601.2000000000,5601.8000000000,5379178.0640000002,47834.0000000000
189,2025-05-19,ICZL.CFE,5600.0000000000,5628.0000000000,5548.2000000000,5623.0000000000,5735197.8720000004,51297.0000000000
188,2025-05-20,ICZL.CFE,5630.2000000000,5663.0000000000,5596.6000000000,5650.8000000000,5110431.1359999999,45384.0000000000
187,2025-05-21,ICZL.CFE,5638.2000000000,5665.8000000000,5628.0000000000,5655.6000000000,4509319.1080000000,39909.0000000000
186,2025-05-22,ICZL.CFE,5650.4000000000,5686.6000000000,5598.0000000000,5614.8000000000,6057754.5199999996,53832.0000000000
185,2025-05-23,ICZL.CFE,5608.0000000000,5664.8000000000,5557.0000000000,5561.8000000000,7618239.5400000000,67871.0000000000
184,2025-05-26,ICZL.CFE,5561.8000000000,5622.0000000000,5560.0000000000,5594.6000000000,6312149.6679999996,56454.0000000000
183,2025-05-27,ICZL.CFE,5591.4000000000,5599.8000000000,5545.2000000000,5578.0000000000,5792721.6119999997,52001.0000000000
182,2025-05-28,ICZL.CFE,5587.2000000000,5596.0000000000,5549.0000000000,5568.0000000000,4687166.3439999996,42102.0000000000
181,2025-05-29,ICZL.CFE,5585.0000000000,5685.2000000000,5572.0000000000,5668.6000000000,7762509.6560000004,68773.0000000000
180,2025-05-30,ICZL.CFE,5641.8000000000,5645.0000000000,5590.2000000000,5627.8000000000,6013764.7800000003,53557.0000000000
179,2025-06-03,ICZL.CFE,5618.0000000000,5670.8000000000,5603.2000000000,5638.4000000000,5241326.7920000004,46453.0000000000
178,2025-06-04,ICZL.CFE,5643.8000000000,5706.0000000000,5641.4000000000,5688.8000000000,4398632.5999999996,38714.0000000000
177,2025-06-05,ICZL.CFE,5690.0000000000,5741.0000000000,5671.0000000000,5723.6000000000,4926204.1720000003,43186.0000000000
176,2025-06-06,ICZL.CFE,5725.0000000000,5734.6000000000,5708.0000000000,5725.4000000000,3896423.1200000001,34070.0000000000
175,2025-06-09,ICZL.CFE,5739.8000000000,5801.0000000000,5729.8000000000,5766.4000000000,5391845.0839999998,46713.0000000000
174,2025-06-10,ICZL.CFE,5766.0000000000,5774.0000000000,5685.6000000000,5718.2000000000,5977044.3480000002,52147.0000000000
173,2025-06-11,ICZL.CFE,5729.2000000000,5800.0000000000,5725.2000000000,5761.2000000000,5460432.2439999999,47295.0000000000
172,2025-06-12,ICZL.CFE,5752.8000000000,5787.6000000000,5731.4000000000,5780.0000000000,4673734.1720000003,40513.0000000000
171,2025-06-13,ICZL.CFE,5770.0000000000,5774.0000000000,5705.0000000000,5729.0000000000,6091432.5920000002,53130.0000000000
170,2025-06-16,ICZL.CFE,5724.0000000000,5773.4000000000,5718.4000000000,5756.2000000000,5474016.6279999996,47548.0000000000
169,2025-06-17,ICZL.CFE,5756.2000000000,5768.8000000000,5726.4000000000,5748.4000000000,5263948.8880000003,45830.0000000000
168,2025-06-18,ICZL.CFE,5742.0000000000,5755.0000000000,5700.0000000000,5738.0000000000,4954038.7520000003,43253.0000000000
167,2025-06-19,ICZL.CFE,5729.2000000000,5745.0000000000,5655.0000000000,5677.8000000000,4561711.4720000001,40032.0000000000
166,2025-06-20,ICZL.CFE,5617.6000000000,5633.0000000000,5585.8000000000,5588.4000000000,4211440.5240000002,37576.0000000000
165,2025-06-23,ICZL.CFE,5581.8000000000,5642.6000000000,5563.0000000000,5625.8000000000,4107217.1159999999,36618.0000000000
164,2025-06-24,ICZL.CFE,5638.2000000000,5737.4000000000,5638.2000000000,5726.4000000000,5072778.3720000004,44444.0000000000
163,2025-06-25,ICZL.CFE,5736.4000000000,5846.8000000000,5727.0000000000,5834.2000000000,5812252.0559999999,50210.0000000000
162,2025-06-26,ICZL.CFE,5827.0000000000,5846.2000000000,5805.2000000000,5809.2000000000,3967458.4600000000,34054.0000000000
161,2025-06-27,ICZL.CFE,5828.8000000000,5882.6000000000,5806.8000000000,5827.0000000000,4278295.1480000000,36609.0000000000
160,2025-06-30,ICZL.CFE,5864.0000000000,5880.4000000000,5831.6000000000,5863.0000000000,3865470.3480000002,32984.0000000000
159,2025-07-01,ICZL.CFE,5851.0000000000,5882.8000000000,5828.0000000000,5868.0000000000,3677132.7280000001,31394.0000000000
158,2025-07-02,ICZL.CFE,5857.4000000000,5865.8000000000,5830.4000000000,5856.6000000000,3520794.4759999998,30107.0000000000
157,2025-07-03,ICZL.CFE,5877.6000000000,5888.0000000000,5839.8000000000,5874.0000000000,3250078.6400000001,27703.0000000000
156,2025-07-04,ICZL.CFE,5866.0000000000,5938.0000000000,5836.8000000000,5874.2000000000,5143744.6639999999,43750.0000000000
155,2025-07-07,ICZL.CFE,5870.2000000000,5882.0000000000,5847.6000000000,5859.2000000000,2752718.0159999998,23473.0000000000
154,2025-07-08,ICZL.CFE,5863.6000000000,5962.8000000000,5858.8000000000,5958.0000000000,4624816.3279999997,39009.0000000000
153,2025-07-09,ICZL.CFE,5959.8000000000,5967.2000000000,5924.4000000000,5930.0000000000,3544379.3280000002,29791.0000000000
152,2025-07-10,ICZL.CFE,5930.0000000000,5987.4000000000,5922.2000000000,5958.8000000000,3691230.7599999998,31023.0000000000
151,2025-07-11,ICZL.CFE,5965.0000000000,6065.0000000000,5940.0000000000,6023.0000000000,5828036.3520000000,48478.0000000000
150,2025-07-14,ICZL.CFE,6029.0000000000,6035.0000000000,6001.6000000000,6008.4000000000,3384551.6760000000,28123.0000000000
149,2025-07-15,ICZL.CFE,6000.0000000000,6047.6000000000,5962.0000000000,6008.2000000000,4704853.8720000004,39182.0000000000
148,2025-07-16,ICZL.CFE,6012.0000000000,6067.0000000000,5986.0000000000,6006.6000000000,4375318.1359999999,36318.0000000000
147,2025-07-17,ICZL.CFE,5900.0000000000,5981.0000000000,5890.8000000000,5978.0000000000,4554788.0800000001,38304.0000000000
146,2025-07-18,ICZL.CFE,5988.8000000000,6022.0000000000,5968.0000000000,6000.8000000000,4939455.6119999997,41183.0000000000
145,2025-07-21,ICZL.CFE,6036.0000000000,6077.4000000000,6022.2000000000,6055.6000000000,5141576.7160000000,42464.0000000000
144,2025-07-22,ICZL.CFE,6064.0000000000,6133.0000000000,6050.0000000000,6129.4000000000,5972327.1639999999,49010.0000000000
143,2025-07-23,ICZL.CFE,6135.8000000000,6184.8000000000,6101.8000000000,6120.0000000000,6669857.5439999998,54336.0000000000
142,2025-07-24,ICZL.CFE,6120.4000000000,6234.6000000000,6115.0000000000,6226.0000000000,6096446.6760000000,49292.0000000000
141,2025-07-25,ICZL.CFE,6218.0000000000,6232.0000000000,6189.6000000000,6216.0000000000,4855811.1760000000,39078.0000000000
140,2025-07-28,ICZL.CFE,6218.4000000000,6251.8000000000,6176.2000000000,6222.0000000000,5764873.7599999998,46353.0000000000
139,2025-07-29,ICZL.CFE,6211.0000000000,6267.0000000000,6161.4000000000,6263.0000000000,5794954.9400000004,46670.0000000000
138,2025-07-30,ICZL.CFE,6261.0000000000,6275.0000000000,6173.2000000000,6215.4000000000,7262621.2920000004,58280.0000000000
137,2025-07-31,ICZL.CFE,6198.4000000000,6228.0000000000,6084.4000000000,6124.0000000000,8098875.9160000002,65759.0000000000
136,2025-08-01,ICZL.CFE,6130.0000000000,6163.8000000000,6078.8000000000,6104.0000000000,6024721.2599999998,49203.0000000000
135,2025-08-04,ICZL.CFE,6084.0000000000,6169.8000000000,6083.2000000000,6169.0000000000,5255793.2520000003,42885.0000000000
134,2025-08-05,ICZL.CFE,6177.0000000000,6204.0000000000,6160.0000000000,6198.6000000000,4214114.2840000000,34079.0000000000
133,2025-08-06,ICZL.CFE,6198.0000000000,6274.0000000000,6192.0000000000,6263.2000000000,4648838.4079999998,37260.0000000000
132,2025-08-07,ICZL.CFE,6262.0000000000,6288.8000000000,6195.2000000000,6226.4000000000,6045850.2640000004,48504.0000000000
131,2025-08-08,ICZL.CFE,6219.0000000000,6251.0000000000,6196.0000000000,6227.0000000000,4608955.0279999999,37017.0000000000
130,2025-08-11,ICZL.CFE,6254.0000000000,6339.0000000000,6240.8000000000,6298.8000000000,6074861.6440000003,48225.0000000000
129,2025-08-12,ICZL.CFE,6301.0000000000,6347.8000000000,6281.0000000000,6342.6000000000,5377391.8159999996,42560.0000000000
128,2025-08-13,ICZL.CFE,6351.0000000000,6466.0000000000,6351.0000000000,6451.8000000000,7348394.9280000003,57282.0000000000
127,2025-08-14,ICZL.CFE,6466.0000000000,6469.2000000000,6358.2000000000,6380.2000000000,8426606.2479999997,65643.0000000000
126,2025-08-15,ICZL.CFE,6365.0000000000,6541.0000000000,6365.0000000000,6531.0000000000,10029319.1600000001,77380.0000000000
125,2025-08-18,ICZL.CFE,6552.0000000000,6684.6000000000,6530.0000000000,6608.0000000000,11066856.0240000002,83689.0000000000
124,2025-08-19,ICZL.CFE,6600.0000000000,6652.0000000000,6583.2000000000,6600.0000000000,8491013.4079999998,64150.0000000000
123,2025-08-20,ICZL.CFE,6568.0000000000,6699.4000000000,6522.0000000000,6695.2000000000,10199590.4360000007,77339.0000000000
122,2025-08-21,ICZL.CFE,6703.0000000000,6724.4000000000,6618.4000000000,6656.4000000000,10136899.4759999998,75992.0000000000
121,2025-08-22,ICZL.CFE,6660.2000000000,6812.0000000000,6660.2000000000,6810.4000000000,11038381.6600000001,81929.0000000000
120,2025-08-25,ICZL.CFE,6836.0000000000,6958.2000000000,6831.0000000000,6909.6000000000,12890694.5280000009,93555.0000000000
119,2025-08-26,ICZL.CFE,6886.0000000000,6983.2000000000,6872.0000000000,6916.4000000000,10486262.9000000004,75616.0000000000
118,2025-08-27,ICZL.CFE,6929.8000000000,7042.8000000000,6813.4000000000,6837.8000000000,15189097.5879999995,109151.0000000000
117,2025-08-28,ICZL.CFE,6850.0000000000,6977.2000000000,6761.4000000000,6967.0000000000,15751678.6720000003,114593.0000000000
116,2025-08-29,ICZL.CFE,6960.0000000000,7039.4000000000,6925.2000000000,6996.8000000000,14341705.4480000008,102806.0000000000
115,2025-09-01,ICZL.CFE,7021.0000000000,7065.0000000000,6975.0000000000,7014.8000000000,10797371.4879999999,76930.0000000000
114,2025-09-02,ICZL.CFE,7026.0000000000,7031.8000000000,6830.0000000000,6896.2000000000,14658347.9199999999,105870.0000000000
113,2025-09-03,ICZL.CFE,6928.0000000000,6945.0000000000,6758.2000000000,6788.8000000000,13794844.8440000005,100697.0000000000
112,2025-09-04,ICZL.CFE,6818.0000000000,6857.2000000000,6550.0000000000,6647.0000000000,15194436.5319999997,113276.0000000000
111,2025-09-05,ICZL.CFE,6667.0000000000,6905.2000000000,6637.8000000000,6898.6000000000,13244333.5759999994,97724.0000000000
110,2025-09-08,ICZL.CFE,6906.2000000000,6953.4000000000,6841.6000000000,6920.8000000000,11127970.7479999997,80662.0000000000
109,2025-09-09,ICZL.CFE,6904.0000000000,6948.4000000000,6832.0000000000,6872.8000000000,10464176.8120000008,75927.0000000000
108,2025-09-10,ICZL.CFE,6883.8000000000,6948.8000000000,6833.0000000000,6863.4000000000,10441918.5920000002,75803.0000000000
107,2025-09-11,ICZL.CFE,6863.0000000000,7125.8000000000,6825.0000000000,7124.6000000000,14496445.3839999996,103556.0000000000
106,2025-09-12,ICZL.CFE,7109.8000000000,7198.0000000000,7107.6000000000,7140.0000000000,12357593.9639999997,86462.0000000000
105,2025-09-15,ICZL.CFE,7158.2000000000,7168.8000000000,7101.2000000000,7114.2000000000,9656593.8920000009,67687.0000000000
104,2025-09-16,ICZL.CFE,7140.0000000000,7190.2000000000,7053.6000000000,7165.2000000000,10304618.2280000001,72243.0000000000
103,2025-09-17,ICZL.CFE,7151.0000000000,7263.4000000000,7128.0000000000,7252.4000000000,9662512.5600000005,67086.0000000000
102,2025-09-18,ICZL.CFE,7238.2000000000,7351.6000000000,7099.2000000000,7171.6000000000,9289414.5879999995,63994.0000000000
101,2025-09-19,ICZL.CFE,6995.6000000000,7036.8000000000,6924.0000000000,6984.0000000000,12608906.4759999998,90167.0000000000
100,2025-09-22,ICZL.CFE,7007.0000000000,7019.8000000000,6925.2000000000,7013.2000000000,9486292.5360000003,67975.0000000000
99,2025-09-23,ICZL.CFE,7033.0000000000,7038.0000000000,6789.0000000000,6940.6000000000,14739686.2599999998,107027.0000000000
98,2025-09-24,ICZL.CFE,6910.0000000000,7162.6000000000,6906.0000000000,7157.0000000000,14614184.5800000001,103608.0000000000
97,2025-09-25,ICZL.CFE,7139.0000000000,7212.8000000000,7132.4000000000,7166.6000000000,10996176.9320000000,76629.0000000000
96,2025-09-26,ICZL.CFE,7147.0000000000,7196.6000000000,7080.0000000000,7080.0000000000,11714980.7880000006,82089.0000000000
95,2025-09-29,ICZL.CFE,7083.8000000000,7266.0000000000,7058.0000000000,7232.2000000000,13151638.1119999997,91906.0000000000
94,2025-09-30,ICZL.CFE,7252.0000000000,7323.0000000000,7236.2000000000,7290.4000000000,10431993.0000000000,71590.0000000000
93,2025-10-09,ICZL.CFE,7330.0000000000,7469.6000000000,7323.8000000000,7415.8000000000,13161497.6079999991,88806.0000000000
92,2025-10-10,ICZL.CFE,7398.8000000000,7398.8000000000,7252.2000000000,7266.0000000000,14591305.9120000005,99771.0000000000
91,2025-10-13,ICZL.CFE,7100.0000000000,7251.0000000000,7075.0000000000,7231.0000000000,14606080.8959999997,101843.0000000000
90,2025-10-14,ICZL.CFE,7252.0000000000,7317.8000000000,6971.8000000000,7010.0000000000,18806535.3720000014,131717.0000000000
89,2025-10-15,ICZL.CFE,7068.0000000000,7166.0000000000,7008.0000000000,7140.2000000000,14948713.8959999997,105607.0000000000
88,2025-10-16,ICZL.CFE,7123.0000000000,7144.0000000000,7018.0000000000,7062.0000000000,12464141.7960000001,88010.0000000000
87,2025-10-17,ICZL.CFE,7062.0000000000,7098.2000000000,6840.0000000000,6863.2000000000,13551450.7200000007,97770.0000000000
86,2025-10-20,ICZL.CFE,6968.4000000000,6997.4000000000,6885.0000000000,6909.2000000000,11339816.4279999994,81712.0000000000
85,2025-10-21,ICZL.CFE,6948.0000000000,7098.0000000000,6948.0000000000,7052.8000000000,12563576.8640000001,89215.0000000000
84,2025-10-22,ICZL.CFE,7021.8000000000,7052.4000000000,6970.0000000000,7011.6000000000,9664122.6679999996,68879.0000000000
83,2025-10-23,ICZL.CFE,6995.0000000000,7047.4000000000,6893.8000000000,7040.0000000000,12801349.9920000006,92122.0000000000
82,2025-10-24,ICZL.CFE,7078.0000000000,7159.8000000000,7043.6000000000,7159.8000000000,12031630.4839999992,84722.0000000000
81,2025-10-27,ICZL.CFE,7228.8000000000,7285.8000000000,7191.0000000000,7254.4000000000,12638853.0240000002,87202.0000000000
80,2025-10-28,ICZL.CFE,7240.0000000000,7313.0000000000,7203.6000000000,7231.0000000000,11908112.8200000003,82049.0000000000
79,2025-10-29,ICZL.CFE,7258.0000000000,7395.0000000000,7257.6000000000,7390.0000000000,12916931.0759999994,88124.0000000000
78,2025-10-30,ICZL.CFE,7370.0000000000,7374.0000000000,7265.0000000000,7299.0000000000,15551793.3000000007,106213.0000000000
77,2025-10-31,ICZL.CFE,7327.0000000000,7355.0000000000,7239.6000000000,7242.4000000000,13463846.0999999996,92416.0000000000
76,2025-11-03,ICZL.CFE,7240.0000000000,7250.8000000000,7108.0000000000,7239.6000000000,13055679.1359999999,90896.0000000000
75,2025-11-04,ICZL.CFE,7225.0000000000,7227.2000000000,7032.2000000000,7094.6000000000,12818476.8800000008,90041.0000000000
74,2025-11-05,ICZL.CFE,7038.0000000000,7159.0000000000,7006.0000000000,7108.0000000000,13191044.9560000002,93164.0000000000
73,2025-11-06,ICZL.CFE,7130.0000000000,7261.8000000000,7120.0000000000,7246.4000000000,12362590.6879999992,85816.0000000000
72,2025-11-07,ICZL.CFE,7211.8000000000,7268.8000000000,7172.0000000000,7230.2000000000,9953411.2359999996,68877.0000000000
71,2025-11-10,ICZL.CFE,7260.0000000000,7301.0000000000,7176.2000000000,7235.8000000000,11043811.2200000007,76452.0000000000
70,2025-11-11,ICZL.CFE,7296.0000000000,7296.0000000000,7160.0000000000,7173.0000000000,10045072.0160000008,69626.0000000000
69,2025-11-12,ICZL.CFE,7166.0000000000,7215.0000000000,7081.0000000000,7155.2000000000,12859001.5399999991,90041.0000000000
68,2025-11-13,ICZL.CFE,7140.0000000000,7278.2000000000,7138.0000000000,7269.0000000000,11621599.6079999991,80371.0000000000
67,2025-11-14,ICZL.CFE,7218.0000000000,7240.0000000000,7136.8000000000,7137.4000000000,10322524.6520000007,71699.0000000000
66,2025-11-17,ICZL.CFE,7169.0000000000,7181.8000000000,7107.0000000000,7143.4000000000,10517444.3080000002,73642.0000000000
65,2025-11-18,ICZL.CFE,7107.0000000000,7139.0000000000,7028.0000000000,7079.8000000000,11792567.3359999992,83267.0000000000
64,2025-11-19,ICZL.CFE,7085.4000000000,7113.6000000000,7013.0000000000,7054.8000000000,11815193.3039999995,83682.0000000000
63,2025-11-20,ICZL.CFE,7118.8000000000,7124.2000000000,6988.4000000000,7000.0000000000,12624955.0759999994,89650.0000000000
62,2025-11-21,ICZL.CFE,6949.0000000000,6964.8000000000,6765.0000000000,6770.0000000000,17940506.8599999994,131128.0000000000
61,2025-11-24,ICZL.CFE,6800.0000000000,6867.8000000000,6754.4000000000,6827.6000000000,12564052.5800000001,92262.0000000000
60,2025-11-25,ICZL.CFE,6876.0000000000,6991.8000000000,6873.0000000000,6900.0000000000,12966973.1520000007,93552.0000000000
59,2025-11-26,ICZL.CFE,6918.6000000000,6978.0000000000,6890.0000000000,6909.4000000000,10316229.7160000000,74334.0000000000
58,2025-11-27,ICZL.CFE,6916.4000000000,7008.8000000000,6881.2000000000,6896.2000000000,10571365.5480000004,76028.0000000000
57,2025-11-28,ICZL.CFE,6901.2000000000,6982.6000000000,6887.4000000000,6974.2000000000,10058795.8159999996,72395.0000000000
56,2025-12-01,ICZL.CFE,6998.0000000000,7049.0000000000,6977.4000000000,7031.6000000000,9026043.5960000008,64309.0000000000
55,2025-12-02,ICZL.CFE,7023.6000000000,7026.8000000000,6966.0000000000,6982.2000000000,7567557.0319999997,54148.0000000000
54,2025-12-03,ICZL.CFE,6987.2000000000,7018.0000000000,6925.4000000000,6950.4000000000,9381686.0280000009,67339.0000000000
53,2025-12-04,ICZL.CFE,6970.0000000000,7005.6000000000,6912.0000000000,6983.2000000000,9012132.5759999994,64721.0000000000
52,2025-12-05,ICZL.CFE,6976.0000000000,7087.4000000000,6921.2000000000,7083.2000000000,11691485.8599999994,83349.0000000000
51,2025-12-08,ICZL.CFE,7096.0000000000,7173.0000000000,7096.0000000000,7144.0000000000,9046511.0240000002,63355.0000000000
50,2025-12-09,ICZL.CFE,7130.0000000000,7161.2000000000,7082.4000000000,7094.4000000000,8132596.0880000005,57109.0000000000
49,2025-12-10,ICZL.CFE,7083.0000000000,7143.6000000000,7040.0000000000,7122.2000000000,9879469.4079999998,69706.0000000000
48,2025-12-11,ICZL.CFE,7140.8000000000,7151.6000000000,7066.4000000000,7074.4000000000,9074792.9519999996,63847.0000000000
47,2025-12-12,ICZL.CFE,7101.0000000000,7188.4000000000,7058.4000000000,7174.0000000000,11798154.5120000001,82739.0000000000
46,2025-12-15,ICZL.CFE,7130.0000000000,7179.8000000000,7110.0000000000,7115.8000000000,9280590.1119999997,65014.0000000000
45,2025-12-16,ICZL.CFE,7096.0000000000,7103.6000000000,6958.6000000000,7010.2000000000,10950810.3640000001,78132.0000000000
44,2025-12-17,ICZL.CFE,7012.6000000000,7178.8000000000,6987.6000000000,7146.8000000000,10740836.2359999996,75907.0000000000
43,2025-12-18,ICZL.CFE,7106.0000000000,7184.6000000000,7101.0000000000,7101.0000000000,6600081.4519999996,46235.0000000000
42,2025-12-19,ICZL.CFE,6999.0000000000,7087.8000000000,6988.0000000000,7055.4000000000,9835783.2359999996,69784.0000000000
41,2025-12-22,ICZL.CFE,7100.0000000000,7170.0000000000,7088.6000000000,7123.2000000000,8320090.1919999998,58271.0000000000
40,2025-12-23,ICZL.CFE,7121.0000000000,7178.6000000000,7108.0000000000,7133.2000000000,7697183.5199999996,53906.0000000000
39,2025-12-24,ICZL.CFE,7142.6000000000,7271.6000000000,7128.8000000000,7240.4000000000,10084225.1040000003,69984.0000000000
38,2025-12-25,ICZL.CFE,7240.0000000000,7344.0000000000,7219.8000000000,7320.6000000000,9202562.0160000008,63146.0000000000
37,2025-12-26,ICZL.CFE,7330.2000000000,7431.2000000000,7330.0000000000,7388.0000000000,12503617.5960000008,84671.0000000000
36,2025-12-29,ICZL.CFE,7386.2000000000,7414.6000000000,7318.0000000000,7336.6000000000,9419278.9600000009,63940.0000000000
35,2025-12-30,ICZL.CFE,7317.2000000000,7425.2000000000,7308.8000000000,7381.0000000000,9768166.8640000001,66223.0000000000
34,2025-12-31,ICZL.CFE,7393.0000000000,7400.2000000000,7335.0000000000,7362.8000000000,9178620.4920000006,62267.0000000000
33,2026-01-05,ICZL.CFE,7424.4000000000,7599.2000000000,7422.0000000000,7596.0000000000,12000127.6559999995,79757.0000000000
32,2026-01-06,ICZL.CFE,7630.0000000000,7786.4000000000,7616.0000000000,7786.4000000000,14556684.2640000004,94435.0000000000
31,2026-01-07,ICZL.CFE,7804.0000000000,7845.6000000000,7770.0000000000,7802.6000000000,13422549.6760000009,85963.0000000000
30,2026-01-08,ICZL.CFE,7786.0000000000,7883.8000000000,7774.6000000000,7814.4000000000,13727844.0199999996,87667.0000000000
29,2026-01-09,ICZL.CFE,7822.0000000000,8037.8000000000,7822.0000000000,8037.8000000000,17506422.2360000014,110023.0000000000
28,2026-01-12,ICZL.CFE,8099.0000000000,8268.0000000000,8044.0000000000,8236.6000000000,18653264.0760000013,114590.0000000000
27,2026-01-13,ICZL.CFE,8260.6000000000,8265.0000000000,8078.0000000000,8131.2000000000,19714075.6600000001,120900.0000000000
26,2026-01-14,ICZL.CFE,8168.0000000000,8388.6000000000,8059.4000000000,8197.8000000000,28568192.4959999993,173512.0000000000
25,2026-01-15,ICZL.CFE,8130.0000000000,8239.2000000000,8115.0000000000,8206.8000000000,18019027.9640000015,110213.0000000000
24,2026-01-16,ICZL.CFE,8277.8000000000,8280.2000000000,8162.4000000000,8210.4000000000,16880489.4959999993,102740.0000000000
23,2026-01-19,ICZL.CFE,8182.6000000000,8324.8000000000,8172.2000000000,8266.0000000000,16252259.2760000005,98224.0000000000
22,2026-01-20,ICZL.CFE,8289.0000000000,8348.0000000000,8112.0000000000,8248.8000000000,20246495.1200000010,123309.0000000000
21,2026-01-21,ICZL.CFE,8216.6000000000,8372.0000000000,8205.0000000000,8371.0000000000,16940243.3839999996,101832.0000000000
20,2026-01-22,ICZL.CFE,8405.0000000000,8434.0000000000,8333.6000000000,8400.0000000000,13612850.5680000000,81239.0000000000
19,2026-01-23,ICZL.CFE,8440.0000000000,8660.0000000000,8427.0000000000,8658.2000000000,17627830.7360000014,103171.0000000000
18,2026-01-26,ICZL.CFE,8695.0000000000,8728.2000000000,8428.2000000000,8470.0000000000,22027755.2919999994,128932.0000000000
17,2026-01-27,ICZL.CFE,8461.0000000000,8604.6000000000,8346.0000000000,8547.6000000000,20664817.3960000016,121961.0000000000
16,2026-01-28,ICZL.CFE,8564.2000000000,8658.0000000000,8515.2000000000,8622.0000000000,16150686.4719999991,94115.0000000000
15,2026-01-29,ICZL.CFE,8615.0000000000,8700.0000000000,8488.2000000000,8517.6000000000,19903371.9560000002,115687.0000000000
14,2026-01-30,ICZL.CFE,8469.2000000000,8535.0000000000,8135.0000000000,8362.4000000000,22982453.9959999993,137793.0000000000
13,2026-02-02,ICZL.CFE,8262.2000000000,8334.4000000000,7832.0000000000,7903.2000000000,24492860.2840000018,151002.0000000000
12,2026-02-03,ICZL.CFE,8100.0000000000,8296.8000000000,8011.2000000000,8282.0000000000,19953925.5599999987,122145.0000000000
11,2026-02-04,ICZL.CFE,8245.0000000000,8317.8000000000,8133.6000000000,8313.6000000000,16531533.9839999992,100543.0000000000
10,2026-02-05,ICZL.CFE,8221.0000000000,8229.0000000000,8030.0000000000,8120.2000000000,18229382.2840000018,112281.0000000000
9,2026-02-06,ICZL.CFE,8000.0000000000,8249.6000000000,7950.0000000000,8117.4000000000,18425271.2199999988,113205.0000000000
8,2026-02-09,ICZL.CFE,8260.0000000000,8324.0000000000,8220.0000000000,8311.6000000000,12612955.6720000003,76113.0000000000
7,2026-02-10,ICZL.CFE,8318.0000000000,8329.0000000000,8244.8000000000,8290.8000000000,9110593.6439999994,54914.0000000000
6,2026-02-11,ICZL.CFE,8290.8000000000,8384.0000000000,8282.8000000000,8336.4000000000,9994821.0240000002,59866.0000000000
5,2026-02-12,ICZL.CFE,8348.2000000000,8458.8000000000,8331.2000000000,8448.8000000000,11673516.5920000002,69413.0000000000
4,2026-02-13,ICZL.CFE,8398.0000000000,8419.0000000000,8250.0000000000,8274.8000000000,13585888.7679999992,81351.0000000000
3,2026-02-24,ICZL.CFE,8360.0000000000,8455.0000000000,8314.0000000000,8371.6000000000,12300661.4959999993,73322.0000000000
2,2026-02-25,ICZL.CFE,8411.0000000000,8558.0000000000,8394.0000000000,8529.0000000000,13146463.8760000002,77377.0000000000
1,2026-02-26,ICZL.CFE,8558.6000000000,8568.0000000000,8477.4000000000,8537.4000000000,11637401.4680000003,68251.0000000000
0,2026-02-27,ICZL.CFE,8490.0000000000,8650.0000000000,8484.0000000000,8645.4000000000,13493814.3120000008,78564.0000000000
