time,open,close,high,low,ma5,ma10,adx14
2022-11-01,0.9214817160,0.9218667903,0.9232576109,0.9214817160,,,
2022-11-02,0.9215668060,0.9187691366,0.9219171708,0.9187691366,,,100.0000000000
2022-11-03,0.9199445557,0.9146174239,0.9199445557,0.9146174239,,,100.0000000000
2022-11-04,0.9115361263,0.9124892538,0.9156544410,0.9115361263,,,100.0000000000
2022-11-07,0.9119945331,0.9142703895,0.9161086924,0.9119945331,0.9164025988,,99.2843013026
2022-11-08,1.0132001191,0.9160951756,1.0132001191,0.9152996517,0.9152482759,,98.2525771276
2022-11-09,0.9187511193,0.9173608198,0.9187511193,0.9173608198,0.9149666125,,97.2945475366
2022-11-10,0.9199156372,0.9229141475,0.9229141475,0.9197540123,0.9166259573,,96.4523309359
2022-11-11,0.9191176471,0.9239428141,0.9243277425,0.9191176471,0.9189166693,,95.6865802806
2022-11-14,0.9268146371,0.9293407360,0.9310649446,0.9253798034,0.9219307386,0.9191666687,95.0517474286
2022-11-15,0.9299469295,0.9227306382,0.9301795643,0.9227306382,0.9232578311,0.9192530535,94.0526638578
2022-11-16,0.9243308930,0.9265772894,0.9265772894,0.9243308930,0.9251011251,0.9200338688,93.1249433992
2022-11-17,0.9264635460,0.9255420538,0.9274344287,0.9252900922,0.9256267063,0.9211263318,92.2788912820
2022-11-18,0.9294988508,0.9351829562,0.9351829562,0.9278402367,0.9278747347,0.9233957020,91.6267189616
2022-11-21,0.9345160607,0.9280777861,0.9345160607,0.9280777861,0.9276221448,0.9247764417,91.0211303784
2022-11-22,0.9289781241,0.9358567681,0.9375844283,0.9280971466,0.9302473707,0.9267526009,90.5115506391
2022-11-23,0.9338717050,0.9351786859,0.9431036094,0.9338717050,0.9319676500,0.9285343875,90.1284319871
2022-11-24,0.9373211568,0.9350835468,0.9373211568,0.9350835468,0.9338759486,0.9297513275,89.7726789532
2022-11-25,0.9356474974,0.9383099892,0.9383099892,0.9349385090,0.9345013552,0.9311880450,89.4593102572
2022-11-28,0.9359920301,0.9357362908,0.9379728160,0.9352982802,0.9360330562,0.9318276005,89.1683250396
2022-11-29,0.9374653953,0.9356980446,0.9375480695,0.9354721988,0.9360013115,0.9331243411,88.8981244804
2022-11-30,0.9337292809,0.9363492739,0.9363492739,0.9337292809,0.9362354291,0.9341015395,88.1966860799
2022-12-01,0.9370492788,0.9291504053,0.9370492788,0.9291504053,0.9350488008,0.9344623747,86.4221677770
2022-12-02,0.9279217075,0.9243018348,0.9281332692,0.9239958500,0.9322471699,0.9333742625,83.6518113458
2022-12-05,0.9243275375,0.9263911681,0.9270193316,0.9243275375,0.9303781453,0.9332056008,81.0793375169
2022-12-06,0.9267585423,0.9278569082,0.9289169295,0.9267585423,0.9288099181,0.9324056148,78.8381875942
2022-12-07,0.9275314658,0.9262157964,0.9281792551,0.9262157964,0.9267832226,0.9315093258,76.6287230747
2022-12-08,0.9259557704,0.9292295687,0.9295426452,0.9259557704,0.9267990553,0.9309239280,74.6941454931
2022-12-09,0.9297029703,0.9281055529,0.9308957842,0.9281055529,0.9275597989,0.9299034844,73.0149981782
2022-12-12,0.9276430069,0.9271180837,0.9286059873,0.9261761014,0.9277051820,0.9290416637,70.9419737824
2022-12-13,0.9268146191,0.9291727229,0.9291727229,0.9268146191,0.9279683449,0.9283891315,69.0763402843
2022-12-14,0.9280725624,0.9285627358,0.9292670269,0.9277536756,0.9284377328,0.9276104777,67.3544106094
2022-12-15,0.9290458201,0.9241584098,0.9290458201,0.9241584098,0.9274235010,0.9271112781,64.7393926481
2022-12-16,0.9284819984,0.9348112312,0.9348112312,0.9284819984,0.9287646367,0.9281622178,63.0279789764
2022-12-19,0.9331391784,0.9306217859,0.9331391784,0.9295615631,0.9294653771,0.9285852796,61.4388091384
2022-12-20,0.9302514446,0.9286659108,0.9302514446,0.9281747034,0.9293640147,0.9286661798,59.5724431892
2022-12-21,0.9290119572,0.9307543398,0.9322749968,0.9285063895,0.9298023355,0.9291200341,58.1052665752
2022-12-22,0.9307816303,0.9349017080,0.9349017080,0.9307816303,0.9319509951,0.9296872481,57.0670993558
2022-12-23,0.9361048204,0.9394342438,0.9394342438,0.9361048204,0.9328755977,0.9308201172,56.5929422558
2022-12-26,0.9391140922,0.9324444727,0.9392888399,0.9324444727,0.9332401350,0.9313527561,55.1255216397
2022-12-27,0.9369389374,0.9307787002,0.9369389374,0.9307787002,0.9336626929,0.9315133538,53.3280217707
2022-12-28,0.9329635499,0.9346934884,0.9360452122,0.9329635499,0.9344505226,0.9321264291,51.6589147494
2022-12-29,0.9349023854,0.9362279079,0.9362279079,0.9341937133,0.9347157626,0.9333333789,50.1373467456
2022-12-30,0.9355823344,0.9339781730,0.9359137056,0.9339781730,0.9336245484,0.9332500730,48.6579788649
2023-01-03,0.9322611465,0.9281619938,0.9322611465,0.9281619938,0.9327680526,0.9330040938,45.6956947765
2023-01-04,0.9281308411,0.9286916937,0.9292862745,0.9276906352,0.9323506514,0.9330066721,42.8318770844
2023-01-05,0.9291553981,0.9274312831,0.9293501694,0.9274312831,0.9308982103,0.9326743665,40.1071493484
2023-01-06,0.9267480577,0.9260591527,0.9272328733,0.9260591527,0.9288644593,0.9317901109,37.2600109459
2023-01-09,0.9280476205,0.9256543217,0.9280476205,0.9256543217,0.9271996890,0.9304121187,34.7903727612
2023-01-10,0.9264286809,0.9264566302,0.9274290469,0.9262823450,0.9268586163,0.9298133345,32.4971373040
2023-01-11,0.9252485089,0.9277531412,0.9277889215,0.9252485089,0.9266709058,0.9295107786,30.2868192155
2023-01-12,0.9284615385,0.9275415896,0.9284615385,0.9269903388,0.9266929671,0.9287955887,28.2164203296
2023-01-13,0.9278626071,0.9296282710,0.9296282710,0.9278626071,0.9274067908,0.9281356250,26.6455492756
2023-01-16,0.9308868502,0.9294570588,0.9308868502,0.9294570588,0.9281673382,0.9276835136,25.5537523023
2023-01-17,0.9299122010,0.9287249175,0.9299122010,0.9264285499,0.9286209956,0.9277398060,23.9056803757
2023-01-18,0.9287397293,0.9293481544,0.9294249327,0.9287397293,0.9289399983,0.9278054520,22.3753278725
2023-01-19,0.9299615606,0.9287914586,0.9302911619,0.9284604351,0.9291899721,0.9279414696,20.8897497996
2023-01-20,0.9288025890,0.9260210104,0.9295858517,0.9260210104,0.9284685199,0.9279376553,20.0628626175
2023-01-30,0.9236761030,0.9248910611,0.9259581882,0.9236761030,0.9275553204,0.9278613293,19.9421559574
2023-01-31,0.9240457903,0.9243179818,0.9257630321,0.9240457903,0.9266739333,0.9276474644,19.8300712016
2023-02-01,0.9241692285,0.9188744113,0.9241692285,0.9188744113,0.9245791846,0.9267595915,20.9125843257
2023-02-02,0.9210108762,0.9193129330,0.9210108762,0.9179374403,0.9226834795,0.9259367258,22.0951415366
2023-02-03,0.9204052098,0.9166473988,0.9204052098,0.9166473988,0.9208087572,0.9246386386,23.4326161508
2023-02-06,0.9163692290,0.9156609029,0.9166691032,0.9146809924,0.9189627256,0.9232590230,25.0163858213
2023-02-07,0.9149318123,0.9142460363,0.9154484856,0.9142460363,0.9169483365,0.9218111349,26.5604566019
2023-02-08,0.9152306757,0.9126394593,0.9152306757,0.9121552605,0.9157013461,0.9201402654,28.3339274757
2023-02-09,0.9153924865,0.9063069736,0.9153924865,0.9063069736,0.9131001542,0.9178918169,30.7155470430
2023-02-10,0.9061599475,0.9082492548,0.9090435538,0.9061599475,0.9114205254,0.9161146413,32.9426458421
2023-02-13,0.9084151312,0.9050514234,0.9084509066,0.9050514234,0.9092986295,0.9141306775,35.1310030126
2023-02-14,0.9055399540,0.9064856284,0.9070063694,0.9055399540,0.9077465479,0.9123474422,37.1630489566
2023-02-15,0.9056357603,0.9048483645,0.9063887553,0.9046344796,0.9061883289,0.9109448375,39.1545269842
2023-02-16,0.9067303048,0.9078040873,0.9094351352,0.8985460797,0.9064877517,0.9097939529,41.5667133494
2023-02-17,0.9085450346,0.9104791381,0.9104791381,0.9085450346,0.9069337283,0.9091771269,43.3128863369
2023-02-20,0.9096201426,0.9141288645,0.9144151946,0.9096201426,0.9087492166,0.9090239230,43.2786003157
2023-02-21,0.9147197274,0.9163398316,0.9174455733,0.9140575811,0.9107200572,0.9092333025,42.1881886603
2023-02-22,0.9159919028,0.9131745121,0.9164206749,0.9131745121,0.9123852867,0.9092868078,41.3378127794
2023-02-23,0.9137772675,0.9146123718,0.9158313722,0.9132127319,0.9137469436,0.9101173476,40.5481780329
2023-02-24,0.9152439902,0.9149611754,0.9152439902,0.9131915141,0.9146433511,0.9107885397,39.8193178774
2023-02-27,0.9158361340,0.9161821142,0.9166129882,0.9146852339,0.9150540010,0.9119016088,38.6071979673
2023-02-28,0.9162487317,0.9147230951,0.9164086687,0.9141213690,0.9147306537,0.9127253555,37.6187084992
2023-03-01,0.9167653088,0.9149643297,0.9172131382,0.9149643297,0.9150886173,0.9137369520,36.3728204239
2023-03-02,0.9157065062,0.9165996323,0.9166474588,0.9136534733,0.9154860693,0.9146165065,35.5618300957
2023-03-03,0.9189383483,0.9179775281,0.9189383483,0.9149124814,0.9160893399,0.9153663455,33.8936430374
2023-03-06,0.9169664700,0.9148410097,0.9180840891,0.9148410097,0.9158211190,0.9154375600,32.3661293640
2023-03-07,0.9155780630,0.9167202197,0.9167543245,0.9155010483,0.9162205439,0.9154755988,30.9477238100
2023-03-08,0.9165202109,0.9151506331,0.9170893313,0.9150603809,0.9162578046,0.9156732109,29.7802949194
2023-03-09,0.9162303665,0.9127147966,0.9162303665,0.9127147966,0.9154808374,0.9154834534,29.4325334027
2023-03-10,0.9130803415,0.9124205695,0.9130803415,0.9119570982,0.9143694457,0.9152293928,29.3257555416
2023-03-13,0.9134570082,0.9135321839,0.9155744025,0.9131324949,0.9141076806,0.9149643998,28.0843247902
2023-03-14,0.9140251591,0.9145783524,0.9156860403,0.9138582262,0.9136793071,0.9149499255,26.8836758183
2023-03-15,0.9144117647,0.9149723822,0.9153061826,0.9130536267,0.9136436569,0.9149507307,26.0503132368
2023-03-16,0.9146820127,0.9178347748,0.9180004188,0.9146820127,0.9146676526,0.9150742450,24.2389919968
2023-03-17,0.9199106478,0.9184359203,0.9201544447,0.9184359203,0.9158707227,0.9151200842,23.3107273495
2023-03-20,0.9176905996,0.9174677818,0.9198444744,0.9174677818,0.9166578423,0.9153827614,22.0601112100
2023-03-21,0.9169139466,0.9167771005,0.9181399495,0.9164194013,0.9170975919,0.9153884495,20.4910124834
2023-03-22,0.9167523124,0.9177508204,0.9177508204,0.9162208775,0.9176532796,0.9156484682,19.0985656624
2023-03-23,0.9174002347,0.9194791545,0.9194791545,0.9174002347,0.9179821555,0.9163249040,18.3312164724
2023-03-24,0.9189181304,0.9200233338,0.9200233338,0.9188937409,0.9182996382,0.9170851805,17.8179594745
2023-03-27,0.9193816538,0.9178134111,0.9193816538,0.9173541715,0.9183687641,0.9175133032,16.6674978243
2023-03-28,0.9192582859,0.9209655213,0.9209869291,0.9192582859,0.9192064482,0.9181520201,16.2101276218
2023-03-29,0.9202803329,0.9199529827,0.9209052867,0.9199529827,0.9196468807,0.9186500801,15.7854267196
2023-03-30,0.9209404849,0.9239767796,0.9241233728,0.9209404849,0.9205464057,0.9192642806,16.4696198472
2023-03-31,0.9246212010,0.9233611685,0.9246212010,0.9233611685,0.9212139726,0.9197568054,17.2503155868
2023-04-03,0.9233405955,0.9230547550,0.9238196500,0.9230547550,0.9222622414,0.9203155027,17.8136856966
2023-04-04,0.9230680640,0.9229950217,0.9239388500,0.9227008685,0.9226681415,0.9209372949,18.1437011258
2023-04-06,0.9248554913,0.9212575797,0.9248554913,0.9212575797,0.9229290609,0.9212879708,17.6922114514
2023-04-07,0.9205506955,0.9189889272,0.9210216336,0.9189889272,0.9219314904,0.9212389481,16.6058866877
2023-04-10,0.9191531685,0.9210156362,0.9211873670,0.9182416709,0.9214623840,0.9213381783,15.8995438115
2023-04-11,0.9200160426,0.9201996443,0.9207025626,0.9200160426,0.9208913618,0.9215768016,15.2436539978
2023-04-12,0.9184696948,0.9191682614,0.9196292789,0.9184696948,0.9201260098,0.9213970756,15.2633256469
2023-04-13,0.9190850608,0.9197646046,0.9199885041,0.9187015062,0.9198274147,0.9213782378,15.0913026686
2023-04-14,0.9202946319,0.9171354330,0.9209897856,0.9171354330,0.9194567159,0.9206941032,15.5396838103
2023-04-17,0.9167952454,0.9207943392,0.9207943392,0.9167952454,0.9194124565,0.9204374202,16.0815302179
2023-04-18,0.9225732666,0.9224664050,0.9225732666,0.9213268248,0.9198658086,0.9203785852,15.6017428391
2023-04-19,0.9233394516,0.9222739821,0.9233394516,0.9214201388,0.9204869528,0.9203064813,14.7712252065
2023-04-20,0.9220409220,0.9206705196,0.9228700330,0.9206705196,0.9206681358,0.9202477752,14.3386227832
2023-04-21,0.9227344992,0.9217748368,0.9229947450,0.9217748368,0.9215960165,0.9205263662,13.8688423936
2023-04-24,0.9221296953,0.9229121419,0.9237690951,0.9221296953,0.9220195770,0.9207160168,13.0063759385
2023-04-25,0.9261744966,0.9238656987,0.9261744966,0.9238656987,0.9222994358,0.9210826222,13.0856086714
2023-04-26,0.9242336961,0.9249660582,0.9249660582,0.9242336961,0.9228378510,0.9216624019,13.1591819234
2023-04-27,0.9277101133,0.9283651243,0.9283651243,0.9265681995,0.9243767720,0.9225224539,14.4784291773
2023-04-28,0.9280601504,0.9282025407,0.9283952103,0.9280601504,0.9256623127,0.9236291646,15.7129186221
2023-05-04,0.9280975755,0.9303217748,0.9307818807,0.9272883567,0.9271442393,0.9245819082,17.5521928087
2023-05-05,0.9303840776,0.9317894737,0.9328974848,0.9303840776,0.9287289943,0.9255142151,19.7597424154
2023-05-08,0.9316816817,0.9314572804,0.9316816817,0.9299984978,0.9300272388,0.9264325449,21.5665939952
2023-05-09,0.9317264272,0.9337728317,0.9341806898,0.9317264272,0.9311087803,0.9277427761,23.7855767478
2023-05-10,0.9329885996,0.9309824286,0.9331084367,0.9309824286,0.9316647579,0.9286635353,25.3844506588
2023-05-11,0.9341918750,0.9292278856,0.9341918750,0.9289171204,0.9314459800,0.9292951097,25.6960518504
2023-05-12,0.9298367804,0.9301991252,0.9311665237,0.9298367804,0.9311279103,0.9299284523,25.9853958141
2023-05-15,0.9308795207,0.9356869184,0.9359246887,0.9308795207,0.9319738379,0.9310005383,27.4126984042
2023-05-16,0.9333535752,0.9377224199,0.9379713714,0.9333535752,0.9327637556,0.9319362679,29.1109550326
2023-05-17,0.9382013836,0.9344823371,0.9382013836,0.9344823371,0.9334637373,0.9325642476,30.7282074415
2023-05-18,0.9340441736,0.9306843401,0.9340441736,0.9306843401,0.9337550282,0.9326005041,30.3818566469
2023-05-19,0.9307974335,0.9268958820,0.9307974335,0.9268958820,0.9330943795,0.9321111449,28.6683926011
2023-05-22,0.9273826156,0.9263628348,0.9286623432,0.9263628348,0.9312295628,0.9316017004,26.9031493381
2023-05-23,0.9259878419,0.9259020421,0.9261272884,0.9258652592,0.9288654872,0.9308146214,25.0967746390
2023-05-24,0.9251422420,0.9223949515,0.9251422420,0.9223949515,0.9264480101,0.9299558737,24.2389456644
2023-05-25,0.9228945343,0.9212265316,0.9228945343,0.9209455947,0.9245564484,0.9291557383,23.8216747698
2023-05-26,0.9213292117,0.9214786254,0.9231845747,0.9212855573,0.9234729971,0.9282836883,23.3243059308
2023-05-29,0.9217152449,0.9219051706,0.9219051706,0.9204317422,0.9225814642,0.9269055135,23.0974496308
2023-05-30,0.9211042945,0.9221713937,0.9221902017,0.9211042945,0.9218353346,0.9253504109,22.7664266158
2023-05-31,0.9205801527,0.9215824042,0.9215824042,0.9205801527,0.9216728251,0.9240604176,22.6164463394
2023-06-01,0.9215926493,0.9207320787,0.9221246006,0.9207320787,0.9215739345,0.9230651915,22.2252700277
2023-06-02,0.9213817387,0.9219647934,0.9219647934,0.9213817387,0.9216711681,0.9225720826,21.8620348812
2023-06-05,0.9205788170,0.9195680450,0.9205788170,0.9192074550,0.9212037430,0.9218926036,22.2329822815
2023-06-06,0.9199515592,0.9217972108,0.9233917222,0.9199515592,0.9211289064,0.9214821205,21.2806014038
2023-06-07,0.9216333837,0.9227607096,0.9229935260,0.9216333837,0.9213645675,0.9215186963,20.3962477316
2023-06-08,0.9218619603,0.9255715706,0.9257919951,0.9218619603,0.9223324659,0.9219532002,19.4046473902
2023-06-09,0.9245868089,0.9268044417,0.9279837956,0.9245868089,0.9233003955,0.9224857818,19.1960406641
2023-06-12,0.9258333333,0.9236627157,0.9258333333,0.9236627157,0.9241193297,0.9226615363,18.6180412721
2023-06-13,0.9243118561,0.9235474006,0.9243118561,0.9227505799,0.9244693677,0.9227991370,17.7099303839
2023-06-14,0.9231521374,0.9202326927,0.9231521374,0.9202326927,0.9239637643,0.9226641659,16.9470627889
2023-06-15,0.9210286340,0.9222666182,0.9222666182,0.9210286340,0.9233027738,0.9228176198,16.2386857364
2023-06-16,0.9233385980,0.9247957061,0.9247957061,0.9233385980,0.9229010267,0.9231007111,15.5288585716
2023-06-19,0.9232113270,0.9190709708,0.9232113270,0.9190709708,0.9219826777,0.9230510037,15.3709702081
2023-06-20,0.9199554136,0.9179218905,0.9199554136,0.9173229525,0.9208575757,0.9226634717,15.6904842061
2023-06-21,0.9173195131,0.9163244038,0.9173195131,0.9155836194,0.9200759179,0.9220198411,16.4145790038
2023-06-26,0.9155254655,0.9164177247,0.9174632927,0.9152963554,0.9189061392,0.9211044565,17.1563749763
2023-06-27,0.9170966739,0.9142689553,0.9170966739,0.9128950929,0.9168007890,0.9198509079,18.3968660477
2023-06-28,0.9134971598,0.9177781216,0.9177781216,0.9134971598,0.9165422192,0.9192624484,19.2485811636
2023-06-29,0.9181775918,0.9129055116,0.9181775918,0.9129055116,0.9155389434,0.9181982595,20.1807080571
2023-06-30,0.9129871332,0.9114524715,0.9129871332,0.9108550637,0.9145645569,0.9173202374,21.5094097331
2023-07-03,0.9091680558,0.9144540981,0.9144540981,0.9091680558,0.9141718316,0.9165389854,23.0852479414
2023-07-04,0.9147015923,0.9129041038,0.9147015923,0.9129041038,0.9138988613,0.9153498252,24.4233356398
2023-07-05,0.9121883321,0.9148670464,0.9148670464,0.9121883321,0.9133166463,0.9149294327,25.8180677029
2023-07-06,0.9146865945,0.9129383683,0.9146865945,0.9127985303,0.9133232176,0.9144310805,27.1131760471
2023-07-07,0.9117214771,0.9137110395,0.9152469002,0.9117214771,0.9137749312,0.9141697441,28.5563200391
2023-07-10,0.9144998470,0.9153119441,0.9155828145,0.9144998470,0.9139465004,0.9140591660,29.6882366902
2023-07-11,0.9160871297,0.9160858317,0.9167537336,0.9159574468,0.9145828460,0.9142408536,30.0263403133
2023-07-12,0.9164334388,0.9190289645,0.9192318380,0.9164334388,0.9154152296,0.9143659379,29.0335218889
2023-07-13,0.9205992740,0.9239037498,0.9239037498,0.9205992740,0.9176083059,0.9154657618,27.6035956888
2023-07-14,0.9232855837,0.9212964379,0.9232855837,0.9211194372,0.9191253856,0.9164501584,26.2758070744
2023-07-17,0.9217935349,0.9219930006,0.9223354958,0.9214064749,0.9204615969,0.9172040486,25.0428605040
2023-07-18,0.9215523853,0.9205525710,0.9215523853,0.9205525710,0.9213549447,0.9179688954,23.5312639123
2023-07-19,0.9212620196,0.9218889402,0.9222153465,0.9208890794,0.9219269399,0.9186710847,22.3877440325
2023-07-20,0.9175153684,0.9240983760,0.9240983760,0.9175153684,0.9219658651,0.9197870855,21.5717462789
2023-07-21,0.9227789579,0.9248322148,0.9254582485,0.9227789579,0.9226730205,0.9208992030,20.2635951141
2023-07-24,0.9241476384,0.9253628629,0.9253628629,0.9241476384,0.9233469930,0.9219042949,19.0488833182
2023-07-25,0.9244403273,0.9264343758,0.9265065840,0.9244403273,0.9245233539,0.9229391493,17.9234854488
2023-07-26,0.9261871035,0.9283594088,0.9284296085,0.9261871035,0.9258174476,0.9238721938,17.5902317493
2023-07-27,0.9282556953,0.9288272855,0.9291648448,0.9274156264,0.9267632295,0.9243645473,17.5329485099
2023-07-28,0.9301925722,0.9349048443,0.9349048443,0.9301925722,0.9287777554,0.9257253880,18.9950653451
2023-07-31,0.9384141647,0.9340649235,0.9384141647,0.9340649235,0.9305181676,0.9269325803,20.9892418955
2023-08-01,0.9357837572,0.9370102934,0.9375731084,0.9357837572,0.9326333511,0.9285783525,22.8409772638
2023-08-02,0.9369385997,0.9353428369,0.9380020850,0.9353428369,0.9340300367,0.9299237422,24.3451731283
2023-08-03,0.9363226484,0.9380503726,0.9380503726,0.9359804256,0.9358746541,0.9313189418,25.7515981250
2023-08-04,0.9399441769,0.9375631255,0.9399441769,0.9375631255,0.9364063104,0.9325920329,27.4273745733
2023-08-07,0.9372892785,0.9368899257,0.9372892785,0.9362559606,0.9369713108,0.9337447392,28.2977022221
2023-08-08,0.9366695374,0.9371453245,0.9372076454,0.9356482761,0.9369983170,0.9348158341,28.7946582189
2023-08-09,0.9397553043,0.9382577877,0.9397553043,0.9379320988,0.9375813072,0.9358056720,29.8272430037
2023-08-10,0.9387825004,0.9386420944,0.9387825004,0.9376491369,0.9376996516,0.9367871529,30.6371266519
2023-08-11,0.9378401070,0.9375317259,0.9381895025,0.9374127206,0.9376933716,0.9370498410,31.2588024797
2023-08-14,0.9425232149,0.9349380061,0.9425232149,0.9349380061,0.9373029877,0.9371371493,32.7170388735
2023-08-15,0.9348484848,0.9381002521,0.9396596184,0.9348484848,0.9374939732,0.9372461451,34.0223331350
2023-08-16,0.9388951161,0.9428626830,0.9428626830,0.9388951161,0.9384149523,0.9379981297,35.7519591850
2023-08-17,0.9424041417,0.9420545181,0.9445749331,0.9403794038,0.9390974370,0.9383985443,37.5920283550
2023-08-18,0.9404058156,0.9444462578,0.9445388032,0.9404058156,0.9404803434,0.9390868575,39.3006640128
2023-08-21,0.9436219237,0.9440021144,0.9644017325,0.9432702282,0.9422931651,0.9397980764,42.2987762262
2023-08-22,0.9424004726,0.9420118343,0.9463251298,0.9420118343,0.9430754815,0.9402847274,44.6444963072
2023-08-23,0.9426801950,0.9435629645,0.9439519108,0.9426801950,0.9432155378,0.9408152450,46.8226649539
2023-08-24,0.9426639126,0.9452288544,0.9461667787,0.9426639126,0.9438504051,0.9414739210,48.9600087168
2023-08-25,0.9462184874,0.9500153014,0.9500153014,0.9455080017,0.9449642138,0.9427222786,51.1238797583
2023-08-28,0.9475120385,0.9559211863,0.9559211863,0.9475120385,0.9473480282,0.9448205966,53.3574074201
2023-08-29,0.9546377793,0.9462224554,0.9548164205,0.9462224554,0.9481901524,0.9456328170,54.9837709576
2023-08-30,0.9460872406,0.9416468131,0.9460872406,0.9395189890,0.9478069221,0.9455112300,54.4645721550
2023-08-31,0.9421331069,0.9397440513,0.9438326709,0.9397440513,0.9467099615,0.9452801833,53.9824589813
2023-09-01,0.9404579155,0.9423234475,0.9429445230,0.9404579155,0.9451715907,0.9450679023,53.5347824627
2023-09-04,0.9437520392,0.9412391094,0.9444280515,0.9412391094,0.9422351753,0.9447916018,53.2784960010
2023-09-05,0.9408723748,0.9391775665,0.9408723748,0.9391775665,0.9408261975,0.9445081750,52.3974236839
2023-09-06,0.9401139138,0.9364601541,0.9416376878,0.9364601541,0.9397888657,0.9437978939,50.7885963854
2023-09-07,0.9366883117,0.9381952215,0.9382333553,0.9365074221,0.9394790998,0.9430945306,49.2946853226
2023-09-08,0.9404336903,0.9377160352,0.9404336903,0.9368679431,0.9385576173,0.9418646040,48.2515452456
2023-09-11,0.9373707533,0.9343065693,0.9393529218,0.9343065693,0.9371711093,0.9397031423,46.5201504771
2023-09-12,0.9352473642,0.9346748323,0.9352473642,0.9341336690,0.9362705625,0.9385483800,44.8616659604
2023-09-13,0.9353361481,0.9373810305,0.9396828550,0.9353361481,0.9364547378,0.9381218018,44.0704275080
2023-09-14,0.9371738060,0.9394787073,0.9409736039,0.9371738060,0.9367114349,0.9380952674,43.5299730683
2023-09-15,0.9418144656,0.9417542934,0.9423332448,0.9401636661,0.9375190866,0.9380383519,43.2300394887
2023-09-18,0.9433774834,0.9421395227,0.9433774834,0.9413211058,0.9390856772,0.9381283933,43.1054338473
2023-09-19,0.9432068705,0.9450920652,0.9450920652,0.9429896704,0.9411691238,0.9387198431,43.2366948725
2023-09-20,0.9455149502,0.9467864778,0.9468671679,0.9442734703,0.9430502133,0.9397524755,43.6016483214
2023-09-21,0.9469346734,0.9463125652,0.9476418595,0.9463125652,0.9444169849,0.9405642099,44.0446871511
2023-09-22,0.9462770971,0.9442044518,0.9481536488,0.9438035597,0.9449070165,0.9412130516,43.4969718152
2023-09-25,0.9449729158,0.9429319893,0.9449729158,0.9426688633,0.9450655098,0.9420755935,42.5809146392
2023-09-26,0.9434369603,0.9441669996,0.9446073857,0.9434369603,0.9448804967,0.9430248103,41.7302901187
2023-09-27,0.9443463780,0.9421176159,0.9449464804,0.9421176159,0.9439467244,0.9434984688,40.4420570862
2023-09-28,0.9433980935,0.9374485597,0.9433980935,0.9374485597,0.9421739232,0.9432954541,37.7519091052
2023-10-09,0.9366255144,0.9344673823,0.9369037437,0.9344673823,0.9402265094,0.9425667629,35.6214243395
2023-10-10,0.9351025649,0.9339719580,0.9351250246,0.9337137549,0.9384345031,0.9417500065,33.8244622036
2023-10-11,0.9331991155,0.9306006225,0.9331991155,0.9304919534,0.9357212277,0.9403008622,32.8762753753
2023-10-12,0.9317209608,0.9298867553,0.9320885658,0.9298867553,0.9332750555,0.9386108900,32.1222551962
2023-10-13,0.9303015324,0.9276157917,0.9303015324,0.9276157917,0.9313085020,0.9367412126,31.8803963254
2023-10-16,0.9266690749,0.9289586590,0.9289586590,0.9266690749,0.9302067573,0.9352166333,31.8378223064
2023-10-17,0.9288395734,0.9305430693,0.9320919309,0.9288395734,0.9295209796,0.9339777413,30.7382895823
2023-10-18,0.9312520868,0.9361176032,0.9361176032,0.9312520868,0.9306243757,0.9331728017,28.5923611693
2023-10-19,0.9347065022,0.9355026346,0.9355026346,0.9250376867,0.9317475516,0.9325113036,27.9018089718
2023-10-20,0.9384192440,0.9414519094,0.9414817653,0.9368374256,0.9345147751,0.9329116385,25.9145830894
2023-10-23,0.9408144104,0.9401999286,0.9410578294,0.9396898334,0.9367630290,0.9334848932,24.0693019129
2023-10-24,0.9407747306,0.9366718354,0.9415259090,0.9346724891,0.9379887822,0.9337548809,23.3064701307
2023-10-25,0.9395633188,0.9317374033,0.9395633188,0.9317374033,0.9371127423,0.9338685590,23.0816901454
2023-10-26,0.9313684358,0.9305632438,0.9341985268,0.9305632438,0.9361248641,0.9339362078,23.0587523556
2023-10-27,0.9308944500,0.9288979177,0.9330225114,0.9288979177,0.9336140658,0.9340644204,23.2989684138
2023-10-30,0.9280921721,0.9251548117,0.9286392620,0.9251548117,0.9306050424,0.9336840357,24.0629705229
2023-10-31,0.9262928870,0.9277375946,0.9286124920,0.9256711633,0.9288181942,0.9334034882,24.7724010528
2023-11-01,0.9283361345,0.9277315454,0.9283361345,0.9263631444,0.9280170227,0.9325648825,25.4311579733
2023-11-02,0.9267020990,0.9288801171,0.9288801171,0.9263267221,0.9276803973,0.9319026307,25.8673273719
2023-11-03,0.9288722826,0.9235985230,0.9288722826,0.9235985230,0.9266205184,0.9301172921,26.7130796178
2023-11-06,0.9258024733,0.9195175655,0.9258024733,0.9194399816,0.9254930691,0.9280490558,28.0718622078
2023-11-07,0.9182332063,0.9180059036,0.9197041733,0.9180059036,0.9235467309,0.9261824626,29.5106320370
2023-11-08,0.9168115467,0.9152947337,0.9168115467,0.9152947337,0.9210593686,0.9245381956,31.1613528003
2023-11-09,0.9157653228,0.9194031817,0.9194031817,0.9157653228,0.9191639815,0.9234221894,31.8162179338
2023-11-10,0.9199391776,0.9167820640,0.9199391776,0.9167820640,0.9178006897,0.9222106040,32.2476808598
2023-11-13,0.9148544774,0.9129000653,0.9148544774,0.9129000653,0.9164771897,0.9209851294,33.1846778334
2023-11-14,0.9124755062,0.9109871217,0.9136040842,0.9109871217,0.9150734333,0.9193100821,34.2899054809
2023-11-15,0.9156199678,0.9123112660,0.9156199678,0.9123112660,0.9144767397,0.9177680541,34.6365103770
2023-11-16,0.9163814181,0.9164695835,0.9167488657,0.9156171694,0.9138900201,0.9165270008,34.5889558788
2023-11-17,0.9161485575,0.9087304167,0.9161485575,0.9087304167,0.9122796906,0.9150401902,35.4704271866
2023-11-20,0.9078405294,0.9065306254,0.9086301056,0.9065306254,0.9110058026,0.9137414962,36.5286717222
2023-11-21,0.9073734940,0.9116167354,0.9116167354,0.9073734940,0.9111317254,0.9131025793,36.6027258731
2023-11-22,0.9123840521,0.9110126375,0.9123840521,0.9083454399,0.9108719997,0.9126743697,36.4466423036
2023-11-23,0.9106433286,0.9086552472,0.9106433286,0.9086552472,0.9093091324,0.9115995763,36.3017075604
2023-11-24,0.9083238682,0.9128103930,0.9128267758,0.9081678993,0.9101251277,0.9112024092,35.4929760464
2023-11-27,0.9128774160,0.9120568309,0.9128774160,0.9118822913,0.9112303688,0.9111180857,34.7263826633
2023-11-28,0.9126939676,0.9121892016,0.9128107964,0.9121892016,0.9113448620,0.9112382937,34.0145459505
2023-11-29,0.9122386688,0.9118625095,0.9122386688,0.9114488683,0.9115148364,0.9111934181,33.5084788806
2023-11-30,0.9118878813,0.9142147117,0.9153668882,0.9118878813,0.9126267293,0.9109679309,31.9871755721
2023-12-01,0.9145129225,0.9087029316,0.9145129225,0.9087029316,0.9118052371,0.9109651824,31.2819132475
2023-12-04,0.9090163934,0.9114646948,0.9115131905,0.9090163934,0.9116868098,0.9114585893,30.6270268032
2023-12-05,0.9108789792,0.9123896479,0.9128708874,0.9108789792,0.9117268991,0.9115358806,29.5581624705
2023-12-06,0.9144493095,0.9115675748,0.9144493095,0.9103687779,0.9116679122,0.9115913743,28.0531463023
2023-12-07,0.9120802005,0.9106780619,0.9120802005,0.9104966887,0.9109605822,0.9117936558,26.6556312890
2023-12-08,0.9096793467,0.9162778296,0.9162778296,0.9096793467,0.9124755618,0.9121403994,25.3898900815
2023-12-11,0.9181985602,0.9155931868,0.9181985602,0.9153861706,0.9133012602,0.9124940350,24.6915804650
2023-12-12,0.9141350906,0.9163020234,0.9165068448,0.9141350906,0.9140837353,0.9129053172,23.6391193883
2023-12-13,0.9168288740,0.9154850065,0.9168288740,0.9146514000,0.9148672216,0.9132675669,22.7478937313
2023-12-14,0.9172018804,0.9166666667,0.9172018804,0.9157842815,0.9160649426,0.9135127624,22.0245025953
2023-12-15,0.9187959866,0.9200745384,0.9206657137,0.9187959866,0.9168242843,0.9146499231,22.2329835707
2023-12-18,0.9200814802,0.9232114686,0.9244412302,0.9200814802,0.9183479407,0.9158246004,23.1880181558
2023-12-19,0.9226227257,0.9203836930,0.9226227257,0.9203836930,0.9191642746,0.9166240050,24.0748359848
2023-12-20,0.9219979473,0.9260574413,0.9260574413,0.9199085449,0.9212787616,0.9180729916,25.4977601922
2023-12-21,0.9268386465,0.9246819868,0.9282990892,0.9246819868,0.9228818256,0.9194733841,27.1547155509
2023-12-22,0.9265835100,0.9300342490,0.9300342490,0.9264178281,0.9248737677,0.9208490260,28.9328925579
2023-12-25,0.9297491791,0.9297957185,0.9316837956,0.9297491791,0.9261906177,0.9222692792,30.7989160269
2023-12-26,0.9302447736,0.9350317567,0.9350317567,0.9302447736,0.9291202304,0.9241422525,32.9187436744
2023-12-27,0.9323736427,0.9312180504,0.9323736427,0.9312180504,0.9301523523,0.9257155569,34.8871550615
2023-12-28,0.9326382753,0.9284212703,0.9341438344,0.9284212703,0.9309002090,0.9268910173,35.5159410283
2023-12-29,0.9287463356,0.9214561987,0.9287463356,0.9214561987,0.9291845989,0.9270291833,33.8512662336
2024-01-02,0.9214249364,0.9246777290,0.9246913580,0.9214249364,0.9281610010,0.9271758094,32.2970180900
2024-01-03,0.9252320385,0.9275656694,0.9299340964,0.9252320385,0.9266677836,0.9278940070,31.8609907511
2024-01-04,0.9280000000,0.9276000833,0.9280000000,0.9273996510,0.9259441901,0.9280482712,31.4561082222
2024-01-05,0.9281864024,0.9324601045,0.9324601045,0.9275086505,0.9267519570,0.9288260830,31.8004856166
2024-01-08,0.9338998053,0.9362067078,0.9380880899,0.9331399462,0.9297020588,0.9294433289,32.8330477423
2024-01-09,0.9339485540,0.9349947401,0.9374885761,0.9327746141,0.9317654610,0.9299632310,33.6787275522
2024-01-10,0.9348411025,0.9369507348,0.9399135287,0.9348411025,0.9336424741,0.9301551288,34.7479344137
2024-01-11,0.9368482462,0.9310837861,0.9373218332,0.9302836879,0.9343392147,0.9301417024,34.3928285487
2024-01-12,0.9317839466,0.9347144659,0.9347144659,0.9317839466,0.9347900869,0.9307710220,34.0630873883
2024-01-15,0.9350578871,0.9363494991,0.9376136777,0.9350578871,0.9348186452,0.9322603520,34.1864777032
2024-01-16,0.9365860721,0.9384001451,0.9396672311,0.9365860721,0.9354997262,0.9336325936,34.5823003142
2024-01-17,0.9385113269,0.9385380817,0.9385380817,0.9381238274,0.9358171956,0.9347298348,34.9498498816
2024-01-18,0.9390065604,0.9439434195,0.9441847889,0.9390065604,0.9383891223,0.9363641685,35.9953380112
2024-01-19,0.9468368902,0.9489017518,0.9489017518,0.9468368902,0.9412265795,0.9380083332,37.4280538417
2024-01-22,0.9502766677,0.9617422988,0.9650444350,0.9483161565,0.9463051394,0.9405618923,39.7660641744
2024-01-23,0.9645563331,0.9604641857,0.9655562539,0.9586793199,0.9507179475,0.9431088368,41.9601818038
2024-01-24,0.9595252226,0.9605955842,0.9691289054,0.9584034436,0.9551294480,0.9454733218,44.1564539553
2024-01-25,0.9606757131,0.9535295670,0.9619690353,0.9535295670,0.9570466775,0.9477178999,44.9662060672
2024-01-26,0.9543906132,0.9570234627,0.9570234627,0.9510231718,0.9586710197,0.9499487996,45.1370845813
2024-01-29,0.9561737805,0.9664625716,0.9664625716,0.9542057139,0.9596150742,0.9529601068,45.9539023692
2024-01-30,0.9644105497,0.9715927617,0.9715927617,0.9641526454,0.9618407894,0.9562793685,47.0006373363
2024-01-31,0.9715688280,0.9852343882,0.9875913649,0.9715688280,0.9667685502,0.9609489991,48.6418682680
2024-02-01,0.9889829427,0.9892747702,0.9892747702,0.9802807624,0.9739175909,0.9654821342,50.2221508530
2024-02-02,0.9887435995,1.0012424565,1.0017515557,0.9853801170,0.9827613896,0.9707162046,52.0512320013
2024-02-05,1.0049404896,1.0486998994,1.0486998994,1.0049404896,0.9992088552,0.9794119647,54.4616859596
2024-02-06,1.0561987458,1.0463441094,1.0561987458,1.0426191399,1.0141591247,0.9879999571,56.7671631251
2024-02-07,1.0477540340,1.0700187774,1.0700187774,1.0477540340,1.0311160026,0.9989422764,59.0180287633
2024-02-08,1.0688787091,1.0261424785,1.0688787091,1.0261424785,1.0384895442,1.0062035676,58.9072018425
2024-02-19,1.0258382643,1.0259960441,1.0347596886,1.0176472885,1.0434402618,1.0131008257,58.0755557888
2024-02-20,1.0295802690,1.0217278012,1.0341105000,1.0183690509,1.0380458421,1.0186273486,57.3033130247
2024-02-21,1.0230669791,1.0211540769,1.0239656708,1.0064429530,1.0330078356,1.0235834802,55.5824948795
2024-02-22,1.0171337706,1.0071841324,1.0171337706,1.0071841324,1.0204409066,1.0257784546,53.9845923161
2024-02-23,1.0058252427,0.9940578877,1.0058252427,0.9940578877,1.0140239884,1.0262567663,51.4676845582
2024-02-26,0.9928694652,0.9910258869,0.9958940192,0.9891804268,1.0070299570,1.0252351094,48.7773652275
2024-02-27,0.9946029298,0.9854808763,0.9946029298,0.9846062539,0.9997805720,1.0189132071,45.9511534152
2024-02-28,0.9850370370,1.0112552759,1.0137647059,0.9850370370,0.9978008118,1.0154043237,44.3256587300
2024-02-29,1.0184025059,1.0023622933,1.0184025059,1.0023622933,0.9968364440,1.0086386753,43.0280201627
2024-03-01,1.0021368322,0.9982566766,1.0059762463,0.9982566766,0.9976762018,1.0058500951,41.5032519730
2024-03-04,0.9981481481,0.9988111602,1.0049158631,0.9974163068,0.9992332565,1.0031316067,40.0199271855
2024-03-05,1.0005609574,1.0044056181,1.0056426570,1.0005609574,1.0030182048,1.0013993884,38.6831935497
2024-03-06,1.0038111769,0.9995884004,1.0038111769,0.9991509782,1.0006848297,0.9992428208,37.3139209516
2024-03-07,0.9988802210,0.9991282926,1.0005315110,0.9939091916,1.0000380296,0.9984372368,35.5656870148
2024-03-08,0.9995849213,0.9996634256,1.0019407131,0.9976584278,1.0003193794,0.9989977906,34.0413931725
2024-03-11,1.0018011257,0.9987552627,1.0028572503,0.9987552627,1.0003081999,0.9997707282,32.6935091266
2024-03-12,0.9959849619,0.9889581283,0.9959849619,0.9889581283,0.9972187019,1.0001184534,30.5156129169
2024-03-13,0.9907548955,0.9818030232,0.9907548955,0.9818030232,0.9936616265,0.9971732281,28.7724764446
2024-03-14,0.9826497278,0.9839620922,0.9856748297,0.9826497278,0.9906283864,0.9953332080,27.1538497203
2024-03-15,0.9895568102,0.9856115108,0.9895568102,0.9856115108,0.9878180034,0.9940686914,25.2817410715
2024-03-18,0.9829136691,0.9810979502,0.9889235909,0.9810979502,0.9842865409,0.9922973704,23.9499878639
2024-03-19,0.9817081851,0.9803998853,0.9817081851,0.9799595644,0.9825748923,0.9898967971,22.8158602537
2024-03-20,0.9802185988,0.9745958430,0.9802185988,0.9741983436,0.9811334563,0.9873975414,22.2702825559
2024-03-21,0.9724030569,0.9699306913,0.9733709833,0.9699306913,0.9783271761,0.9844777813,22.1155647955
2024-03-22,0.9709499198,0.9654961502,0.9709499198,0.9654961502,0.9743041040,0.9810610537,22.3201702821
2024-03-25,0.9638779847,0.9739485594,0.9741706948,0.9638779847,0.9728742259,0.9785803834,22.1034545298
2024-03-26,0.9740121301,0.9752638400,0.9766288952,0.9723888239,0.9718470168,0.9772109546,21.5946750527
2024-03-27,0.9760667904,0.9873102285,0.9873102285,0.9760667904,0.9743898939,0.9777616751,20.1688984467
2024-03-28,0.9872808525,0.9751757141,0.9872808525,0.9751757141,0.9754388985,0.9768830373,18.7519290729
2024-03-29,0.9740332524,0.9771618625,0.9812495284,0.9740332524,0.9777720409,0.9760380725,17.5134438598
2024-04-01,0.9771449568,0.9751696261,0.9771449568,0.9743755848,0.9780162542,0.9754452401,16.3634218762
2024-04-02,0.9749774001,0.9773362874,0.9797524897,0.9749774001,0.9784307437,0.9751388803,15.4123863283
2024-04-03,0.9776888080,0.9811872146,0.9854270430,0.9773264053,0.9772061409,0.9757980174,15.1766197854
2024-04-08,0.9822344322,0.9883703538,0.9888422944,0.9822344322,0.9798450689,0.9776419837,15.3163173617
2024-04-09,0.9880485528,0.9820678990,0.9882550963,0.9816135912,0.9808262762,0.9792991585,15.3535034549
2024-04-10,0.9832779623,0.9885553471,0.9886479737,0.9825990783,0.9835034204,0.9807598373,15.4330053627
2024-04-11,0.9886046336,0.9905114125,0.9905114125,0.9876543210,0.9861384454,0.9822845945,15.7264313611
2024-04-12,0.9907911416,0.9913731400,0.9933524702,0.9899907322,0.9881756304,0.9826908857,16.3264046219
2024-04-15,0.9946346256,1.0156190621,1.0156190621,0.9946346256,0.9936253721,0.9867352205,18.6436548355
2024-04-16,1.0158009236,1.0282888229,1.0282888229,1.0158009236,1.0028695569,0.9918479165,21.4027810683
2024-04-17,1.0214936531,1.0099447932,1.0214936531,1.0099357764,1.0071474461,0.9953254332,23.1063148095
2024-04-18,1.0108980444,1.0119466183,1.0145560408,1.0108980444,1.0114344873,0.9987864663,24.6881675692
2024-04-19,1.0375389408,1.0330546222,1.0379662085,1.0320468377,1.0197707837,1.0039732071,27.1789423362
2024-04-22,1.0325247855,1.0249687402,1.0374920736,1.0249687402,1.0216407194,1.0076330457,28.5980879811
2024-04-23,1.0249658670,1.0202250728,1.0249658670,1.0202250728,1.0200279693,1.0114487631,29.3532555455
2024-04-24,1.0193089431,1.0086826232,1.0193089431,1.0086008294,1.0197755353,1.0134614907,28.8233277710
2024-04-25,1.0083686849,1.0062521576,1.0083686849,1.0034150414,1.0186366432,1.0150355652,27.8421216529
2024-04-26,1.0084323496,1.0041486022,1.0084323496,1.0041486022,1.0128554392,1.0163131115,26.9355017814
2024-04-29,1.0050632911,0.9953903670,1.0050632911,0.9953903670,1.0069397645,1.0142902420,25.2790900842
2024-04-30,0.9962977750,0.9987520188,1.0010308519,0.9942081448,1.0026451537,1.0113365615,23.6358249580
2024-05-06,0.9945323741,0.9954583138,0.9954583138,0.9912098907,1.0000002919,1.0098879136,22.0577617221
2024-05-07,0.9972948602,0.9936658749,0.9972948602,0.9923019084,0.9974830353,1.0080598393,20.5462426427
2024-05-08,0.9934272300,0.9980590346,0.9988259035,0.9934272300,0.9962651218,1.0045602805,19.2921417620
2024-05-09,0.9983938089,0.9974473287,0.9983938089,0.9973151960,0.9966765142,1.0018081394,18.1276195156
2024-05-10,0.9960573477,1.0049422196,1.0049422196,0.9960573477,0.9979145543,1.0002798540,17.7031766713
2024-05-13,1.0053201247,1.0097725853,1.0113923111,1.0053201247,1.0007774086,1.0003888503,17.8821705299
2024-05-14,1.0078510133,1.0034003656,1.0078510133,1.0029305355,1.0027243068,1.0001036711,17.7463785995
2024-05-15,1.0035897436,1.0035766962,1.0036611072,1.0012030623,1.0038278391,1.0000464805,17.3994865668
2024-05-16,0.9926510914,0.9932409972,0.9932409972,0.9920761284,1.0029865728,0.9998315435,16.2977639582
2024-05-17,0.9925568370,0.9873783950,0.9929733728,0.9873783950,0.9994738079,0.9986941811,15.7510318477
2024-05-20,0.9889756380,0.9882293472,0.9890680613,0.9864337617,0.9951651602,0.9979712844,15.3380825283
2024-05-21,0.9903985507,0.9933903009,0.9944536272,0.9890868355,0.9931631473,0.9979437270,14.3117996665
2024-05-22,0.9911759344,0.9898532740,0.9942300625,0.9897896152,0.9904184629,0.9971231510,13.3588227234
2024-05-23,0.9913872091,0.9938421347,0.9953428979,0.9912055698,0.9905386904,0.9967626316,12.4740500746
2024-05-24,0.9943925234,0.9960689447,0.9967325115,0.9943925234,0.9922768003,0.9958753041,11.8308250147
2024-05-27,0.9945488722,0.9974886615,1.0012997439,0.9945488722,0.9941286632,0.9946469117,11.7984806436
2024-05-28,0.9986090226,1.0001894298,1.0001894298,0.9951383695,0.9954884889,0.9943258181,11.7684465847
2024-05-29,0.9980704476,1.0011355034,1.0029702970,0.9980704476,0.9977449348,0.9940816988,12.0867705700
2024-05-30,1.0022779043,0.9991684620,1.0038929812,0.9991684620,0.9988102003,0.9946744453,12.4970583615
2024-05-31,1.0003764352,0.9940158073,1.0003764352,0.9940158073,0.9983995728,0.9953381866,12.0080941960
2024-06-03,0.9943879473,1.0033318015,1.0033318015,0.9943879473,0.9995682008,0.9968484320,11.9584965763
2024-06-04,1.0036853622,1.0073264245,1.0085146641,1.0036853622,1.0009955997,0.9982420443,12.5573393150
2024-06-05,1.0083330162,1.0072942260,1.0083330162,1.0055591272,1.0022273443,0.9999861395,13.1134075724
2024-06-06,1.0085189288,1.0208553844,1.0221240683,1.0075486085,1.0065647287,1.0026874645,14.9899760414
2024-06-07,1.0170840613,1.0123167155,1.0174280746,1.0123167155,1.0102249104,1.0043122416,16.7325039054
2024-06-11,1.0117383794,1.0047545419,1.0170760697,1.0047545419,1.0105094585,1.0050388296,17.0366925638
2024-06-12,1.0048791822,1.0056750183,1.0056750183,1.0041866718,1.0101791772,1.0055873885,17.2278963820
2024-06-13,1.0030385784,1.0069147696,1.0069147696,1.0030385784,1.0101032860,1.0061653151,17.5443661265
2024-06-14,1.0084174428,1.0063335136,1.0087026840,1.0063335136,1.0071989118,1.0068818203,18.0411308893
2024-06-17,1.0081521739,1.0047160694,1.0084389827,1.0026502785,1.0056787826,1.0079518465,17.8403150358
2024-06-18,1.0068069307,0.9993499044,1.0068069307,0.9993499044,1.0045978551,1.0075536568,17.1021389754
2024-06-19,0.9999236729,1.0027546072,1.0041626143,0.9982489532,1.0040137728,1.0070964750,16.2361264449
2024-06-20,1.0031812539,1.0053317536,1.0072099196,1.0022811630,1.0036971696,1.0069002278,15.8765355843
2024-06-21,1.0119834876,1.0132142714,1.0147745572,1.0119834876,1.0050733212,1.0061361165,16.4877657056
2024-06-24,1.0162863823,1.0270997104,1.0270997104,1.0136953291,1.0095500494,1.0076144160,18.1740868713
2024-06-25,1.0265869744,1.0239164795,1.0265869744,1.0236666941,1.0144633644,1.0095306097,19.7399565251
2024-06-26,1.0232093836,1.0072259002,1.0239292599,1.0072259002,1.0153576230,1.0096856979,18.7643295048
2024-06-27,1.0088323475,1.0150982420,1.0153590702,1.0078494841,1.0173109207,1.0105040452,17.8583901288
2024-06-28,1.0155440415,1.0118728614,1.0155440415,1.0081182600,1.0170426387,1.0110579799,17.0383466033
2024-07-01,1.0139975298,1.0153273931,1.0219060335,1.0139975298,1.0146881752,1.0121191123,16.9772078113
2024-07-02,1.0129795918,1.0125005140,1.0133112857,1.0113474600,1.0124049822,1.0134341733,16.5480655392
2024-07-03,1.0123014893,1.0098505857,1.0123014893,1.0098505857,1.0129299192,1.0141437711,15.9389778127
2024-07-04,1.0106119415,1.0158172975,1.0199089633,1.0106119415,1.0130737303,1.0151923255,16.2074954451
2024-07-05,1.0167089679,1.0133523084,1.0194871795,1.0106524634,1.0133696197,1.0152061292,16.4568332466
2024-07-08,1.0149303808,1.0213167489,1.0219107181,1.0148878172,1.0145674909,1.0146278331,16.9453559244
2024-07-09,1.0218642612,1.0185037553,1.0225641912,1.0178079907,1.0157681392,1.0140865607,17.4693504337
2024-07-10,1.0206064174,1.0154266499,1.0206064174,1.0141681901,1.0168833520,1.0149066356,17.3209419791
2024-07-11,1.0079338843,1.0090138075,1.0115842987,1.0079338843,1.0155226540,1.0142981922,16.2224133905
2024-07-12,1.0101416547,1.0090045640,1.0106150097,1.0087080948,1.0146531051,1.0140113624,15.2023511297
2024-07-15,1.0098552637,1.0111878223,1.0126503006,1.0085660160,1.0126273198,1.0135974053,14.5511970366
2024-07-16,1.0136369323,1.0134119503,1.0140969163,1.0134119503,1.0116089588,1.0136885490,14.1567805056
2024-07-17,1.0118667275,1.0128611993,1.0143348143,1.0118667275,1.0110958687,1.0139896103,13.5195527382
2024-07-18,1.0128474263,1.0145554354,1.0157847838,1.0108925243,1.0122041943,1.0138634241,13.1577677535
2024-07-19,1.0246023330,1.0187513139,1.0246023330,1.0121486027,1.0141535442,1.0144033247,14.0117526426
2024-07-22,1.0164092260,1.0143090932,1.0164092260,1.0138103161,1.0147777984,1.0137025591,14.8047386110
2024-07-23,1.0165410385,1.0142702703,1.0165410385,1.0142288729,1.0149494624,1.0132792106,15.5579054886
2024-07-24,1.0156283822,1.0133910989,1.0156283822,1.0133350540,1.0150554423,1.0130756555,16.0562584071
2024-07-25,1.0138309550,1.0104821803,1.0145310436,1.0104821803,1.0142407913,1.0132224928,15.8919639317
2024-07-26,1.0111705133,1.0096042533,1.0111705133,1.0096042533,1.0124113792,1.0132824617,15.5509584831
2024-07-29,1.0086343236,1.0087957573,1.0114305507,1.0086343236,1.0113087120,1.0130432552,15.0211818632
2024-07-30,1.0102628502,1.0036512027,1.0102628502,1.0018354890,1.0091848985,1.0120671805,14.6690222069
2024-07-31,1.0033476395,0.9990194076,1.0033476395,0.9986935576,1.0063105603,1.0106830013,14.8390063366
2024-08-01,0.9984895493,0.9962135243,1.0002431611,0.9962135243,1.0034568291,1.0088488102,15.3625639090
2024-08-02,0.9974688797,0.9968703055,0.9974688797,0.9957890433,1.0009100395,1.0066607093,15.9112628317
2024-08-05,0.9941422594,1.0041108209,1.0052018400,0.9941422594,0.9999730522,1.0056408821,14.8317860154
2024-08-06,1.0041355446,1.0017759736,1.0041355446,1.0017759736,0.9995980064,1.0043914524,13.8294146859
2024-08-07,1.0017369201,1.0035176944,1.0044126917,1.0017369201,1.0004976637,1.0034041120,12.8449387995
2024-08-08,1.0042116906,1.0036747624,1.0078195489,1.0036747624,1.0019899114,1.0027233702,12.5663122630
2024-08-09,1.0016764459,1.0044378067,1.0045279795,1.0016764459,1.0035034116,1.0022067255,11.8895716829
2024-08-12,1.0036697248,1.0083789330,1.0083789330,1.0036697248,1.0043570340,1.0021650431,11.9554501212
2024-08-13,1.0078662734,1.0084012111,1.0084012111,1.0063336876,1.0056820815,1.0026400439,12.0205121276
2024-08-14,1.0074626866,1.0026284040,1.0074626866,1.0026284040,1.0055042234,1.0030009436,11.2698862591
2024-08-15,1.0095633188,1.0051321861,1.0095633188,1.0034750180,1.0057957082,1.0038928098,10.9799643143
2024-08-16,1.0060228006,1.0079458122,1.0080399826,1.0035555175,1.0064973093,1.0050003604,10.7107510798
2024-08-19,1.0066840278,1.0084797093,1.0084797093,1.0066840278,1.0065174645,1.0054372493,10.5525886969
2024-08-20,1.0077821012,1.0077143487,1.0080297013,1.0077143487,1.0063800921,1.0060310868,10.4057236271
2024-08-21,1.0085647433,1.0107474569,1.0107474569,1.0059223514,1.0080039026,1.0067540630,10.8597722586
2024-08-22,1.0090547703,1.0092551194,1.0096514036,1.0090547703,1.0088284893,1.0073120987,11.2813888450
2024-08-23,1.0091558732,1.0097430168,1.0123717833,1.0091558732,1.0091879302,1.0078426197,12.2372073032
2024-08-26,1.0122767857,1.0084202085,1.0122767857,1.0068629621,1.0091760300,1.0078467473,12.4184485371
2024-08-27,1.0091152815,1.0085543199,1.0113050556,1.0084821429,1.0093440243,1.0078620582,12.5867439685
2024-08-28,1.0096548613,1.0073704553,1.0105853614,1.0059637723,1.0086686240,1.0083362633,11.9907025788
2024-08-29,1.0079826816,1.0043733710,1.0079826816,1.0043733710,1.0076922743,1.0082603818,11.2686107276
2024-08-30,1.0041523103,1.0016013850,1.0041523103,1.0016013850,1.0060639479,1.0076259391,11.2941274236
2024-09-02,1.0023850824,1.0037204358,1.0039921930,0.9993527229,1.0051239934,1.0071500117,11.8217700998
2024-09-03,1.0035366932,1.0062893082,1.0062893082,1.0032224351,1.0046709911,1.0070075077,11.6272992829
2024-09-04,1.0055187638,1.0072748115,1.0072748115,1.0055187638,1.0046518623,1.0066602431,11.1664855601
2024-09-05,1.0078334727,1.0033208075,1.0078334727,1.0033208075,1.0044413496,1.0060668119,11.2770857982
2024-09-06,1.0019151251,1.0060037357,1.0068719322,1.0019151251,1.0053218197,1.0056928838,11.7034587829
2024-09-09,1.0061954002,1.0083456724,1.0083456724,1.0053999026,1.0062468670,1.0056854302,11.6356677567
2024-09-10,1.0076045627,1.0043365522,1.0076045627,1.0043365522,1.0058563158,1.0052636535,11.8356723276
2024-09-11,1.0056950673,1.0076874944,1.0076874944,1.0054516783,1.0059388524,1.0052953574,11.9931693507
2024-09-12,1.0093666369,1.0062662250,1.0093666369,1.0053344092,1.0065279359,1.0054846428,11.5691117164
2024-09-13,1.0067486034,1.0063394313,1.0070111195,1.0063394313,1.0065950751,1.0059584474,11.1753439131
2024-09-18,1.0088375255,1.0124858116,1.0124858116,1.0088375255,1.0074231029,1.0068349850,11.5302221803
2024-09-19,1.0118945321,1.0094932478,1.0118945321,1.0075717556,1.0084544420,1.0071553789,11.4487929234
2024-09-20,1.0089766607,1.0118030118,1.0132172645,1.0089766607,1.0092775455,1.0076081990,11.7111670592
2024-09-23,1.0112792172,1.0093306288,1.0114483009,1.0091155676,1.0098904262,1.0082091811,11.9548001853
2024-09-24,1.0075622776,1.0112610677,1.0118516516,1.0075622776,1.0108747535,1.0087349143,11.6293443823
2024-09-25,1.0076857749,1.0118894876,1.0118894876,1.0076857749,1.0107554887,1.0090892958,11.3387559768
2024-09-26,1.0127584878,1.0117065662,1.0130404942,1.0117065662,1.0111981524,1.0098262972,11.4282726326
2024-09-27,1.0055754679,1.0126813621,1.0146536412,1.0055754679,1.0113738225,1.0103256840,11.6259742500
2024-09-30,1.0199239268,1.0153782640,1.0199239268,1.0108296555,1.0125833495,1.0112368879,11.2538170865
2024-10-08,1.0159531123,0.9804495321,1.0159531123,0.9804495321,1.0064210424,1.0086478980,14.0082137050
2024-10-09,0.9938842975,1.0071306828,1.0071306828,0.9938842975,1.0054692815,1.0081123851,16.5658677079
2024-10-10,0.9986348123,1.0085805085,1.0085805085,0.9967984363,1.0048440699,1.0080211112,18.6367606695
2024-10-11,1.0090227701,1.0114327863,1.0114327863,1.0061592920,1.0045943547,1.0079840886,19.9693566314
2024-10-14,1.0161904762,0.9986460004,1.0161904762,0.9986460004,1.0012479020,1.0069156258,21.8281620672
2024-10-15,1.0019441944,0.9954391214,1.0019441944,0.9930981326,1.0042458199,1.0053334311,23.9374941615
2024-10-16,0.9943365696,0.9885294543,0.9967926267,0.9885294543,1.0005255742,1.0029974278,26.1775192569
2024-10-17,0.9862204724,0.9848816029,0.9862204724,0.9844421774,0.9957857931,1.0003149315,28.4886355500
2024-10-18,0.9909074244,0.9787360335,0.9929650092,0.9787360335,0.9892464425,0.9969203986,29.3442386622
2024-10-21,0.9785467128,0.9759214097,0.9785467128,0.9746298789,0.9847015244,0.9929747132,30.4343562543
2024-10-22,0.9757607014,0.9813352477,0.9813352477,0.9757607014,0.9818807496,0.9930632847,30.9468467662
2024-10-23,0.9836650652,0.9811803212,0.9836650652,0.9789156627,0.9804109230,0.9904682486,31.0126702237
2024-10-24,0.9804109589,0.9790809328,0.9831013228,0.9790809328,0.9792507890,0.9875182910,31.0737920058
2024-10-25,0.9776290174,0.9694952671,0.9776290174,0.9694952671,0.9774026357,0.9833245391,31.9384815782
2024-10-28,0.9706757615,0.9691925877,0.9716742539,0.9691925877,0.9760568713,0.9803791978,32.7641917560
2024-10-29,0.9682304527,0.9747605444,0.9747605444,0.9682304527,0.9747419306,0.9783113401,32.9357623129
2024-10-30,0.9755727763,0.9731213389,0.9755727763,0.9731213389,0.9731301342,0.9767705286,32.9387652687
2024-10-31,0.9720784209,0.9663566198,0.9720784209,0.9654002935,0.9705852716,0.9749180303,33.6222016755
2024-11-01,0.9674272487,0.9882852292,0.9882852292,0.9674272487,0.9743432640,0.9758729498,31.7810335785
2024-11-04,0.9931986669,0.9803837105,0.9931986669,0.9800999967,0.9765814886,0.9763191799,29.5172599848
2024-11-05,0.9826560787,0.9732328233,0.9826560787,0.9722248705,0.9762759444,0.9755089375,28.2081210858
2024-11-06,0.9733524813,0.9725279985,0.9746815030,0.9725279985,0.9761572763,0.9746437052,26.9924921082
2024-11-07,0.9750690741,0.9716387541,0.9750690741,0.9713293906,0.9772137031,0.9738994874,25.9874034791
2024-11-08,0.9720496894,0.9674386537,0.9720496894,0.9674386537,0.9730443880,0.9736938260,25.4510689298
2024-11-11,0.9669759396,0.9614199433,0.9671417760,0.9614199433,0.9692516346,0.9729165616,25.5126504200
2024-11-12,0.9615384615,0.9650738163,0.9670270950,0.9615384615,0.9676198332,0.9719478888,25.5698332323
2024-11-13,0.9626463774,0.9670178510,0.9706815586,0.9626463774,0.9665178037,0.9713375400,25.0510436734
2024-11-14,0.9670584548,0.9707994102,0.9707994102,0.9652951476,0.9663499349,0.9717818190,24.5507489943
2024-11-15,0.9690095847,0.9689005407,0.9694831829,0.9635913863,0.9666423123,0.9698433502,24.2797532045
2024-11-18,0.9683775158,0.9777971852,0.9781068899,0.9682617188,0.9699177607,0.9695846976,22.7108626426
2024-11-19,0.9756815521,0.9667159035,0.9756815521,0.9667159035,0.9702461781,0.9689330056,21.4538441763
2024-11-20,0.9657894737,0.9601020870,0.9672849471,0.9601020870,0.9688630253,0.9676904145,21.0766536171
2024-11-21,0.9599676375,0.9589798293,0.9618285714,0.9580334190,0.9664991091,0.9664245220,20.9526203275
2024-11-22,0.9604730277,0.9593023256,0.9604730277,0.9561646483,0.9645794661,0.9656108892,21.0417000763
2024-11-25,0.9592848055,0.9492724603,0.9592848055,0.9492724603,0.9588745211,0.9643961409,21.8103264026
2024-11-26,0.9477609445,0.9558336152,0.9565483268,0.9477609445,0.9566980635,0.9634721208,22.6620306470
2024-11-27,0.9587169991,0.9475586515,0.9604550939,0.9475586515,0.9541893764,0.9615262008,22.7547943415
2024-11-28,0.9443441143,0.9481182083,0.9482982334,0.9443441143,0.9520170522,0.9592580807,23.1712641871
2024-11-29,0.9502155887,0.9458089669,0.9522060051,0.9458089669,0.9493183804,0.9569489233,22.8806132305
2024-12-02,0.9467203795,0.9433841833,0.9467203795,0.9430791184,0.9481407250,0.9535076231,22.9144729448
2024-12-03,0.9431140589,0.9421904427,0.9447781438,0.9389646121,0.9454120906,0.9510550770,23.3763113256
2024-12-04,0.9406882462,0.9494798924,0.9494798924,0.9406882462,0.9457963387,0.9499928576,22.9899477785
2024-12-05,0.9494460509,0.9396380843,0.9494460509,0.9396380843,0.9441003139,0.9480586830,22.7529273786
2024-12-06,0.9389449483,0.9415498295,0.9454268688,0.9389449483,0.9432484864,0.9462834334,22.6163424929
2024-12-09,0.9427875644,0.9454980843,0.9456112701,0.9418374091,0.9436712666,0.9459059958,22.4536724434
2024-12-10,0.9416000000,0.9423107169,0.9429489140,0.9416000000,0.9436953215,0.9445537060,22.3351933668
2024-12-11,0.9436823559,0.9387577369,0.9436823559,0.9384143318,0.9415508904,0.9436736146,22.6574108915
2024-12-12,0.9387145922,0.9405971163,0.9437631340,0.9387145922,0.9417426968,0.9429215053,22.9377496530
2024-12-13,0.9425144103,0.9432615191,0.9432615191,0.9400260756,0.9420850347,0.9426667606,23.1980642172
2024-12-16,0.9435937746,0.9432576556,0.9435937746,0.9430304173,0.9416369490,0.9426541078,23.3508715232
2024-12-17,0.9441902141,0.9523406472,0.9523406472,0.9441902141,0.9436429350,0.9436691282,21.8249563447
2024-12-18,0.9541962462,0.9513393001,0.9549461312,0.9498638475,0.9461592477,0.9438550690,20.8656492534
2024-12-19,0.9540754754,0.9507237054,0.9548884514,0.9507237054,0.9481845655,0.9449636311,19.9748640971
2024-12-20,0.9665898618,0.9600078161,0.9670510708,0.9600078161,0.9515338249,0.9468094298,20.8579934986
2024-12-23,0.9604363400,0.9692667446,0.9693788861,0.9604363400,0.9567356427,0.9491862958,21.9251042165
2024-12-24,0.9675540765,0.9712227839,0.9746245642,0.9675540765,0.9605120700,0.9520775025,23.4221266621
2024-12-25,0.9729864103,0.9711086674,0.9729864103,0.9708959995,0.9644659435,0.9553125956,24.8122189330
2024-12-26,0.9710000000,0.9697991012,0.9710000000,0.9676836084,0.9682810226,0.9582327941,25.3611663878
2024-12-27,0.9703581449,0.9703991825,0.9737454304,0.9703581449,0.9703592959,0.9609465604,26.1732452691
2024-12-30,0.9717868339,0.9721681138,0.9745672437,0.9710819672,0.9709395698,0.9638376062,27.0168612884
2024-12-31,0.9712026359,0.9733953425,0.9734222678,0.9709615891,0.9713740815,0.9659430758,27.7695099401
2025-01-02,0.9735051793,0.9710846756,0.9735051793,0.9692584667,0.9713692831,0.9679176133,28.0230992747
2025-01-03,0.9692711064,0.9775632946,0.9781153916,0.9692711064,0.9729221218,0.9706015722,28.8310780591
2025-01-06,0.9766520141,0.9802431611,0.9802431611,0.9766520141,0.9748909175,0.9726251067,29.8189112080
2025-01-07,0.9783236994,0.9767458475,0.9815872785,0.9767458475,0.9758064642,0.9733730170,30.8834476461
2025-01-08,0.9793536804,0.9789413160,0.9826009699,0.9780860904,0.9769156589,0.9741448702,31.9839778356
2025-01-09,0.9819140103,0.9777026541,0.9819140103,0.9769902048,0.9782392546,0.9748042689,32.6717499099
2025-01-10,0.9771541644,0.9834310850,0.9840792370,0.9761989343,0.9794128127,0.9761674673,33.5760853942
2025-01-13,0.9799985266,0.9826302730,0.9888496562,0.9799985266,0.9798902351,0.9773905763,34.9285582042
2025-01-14,0.9800399202,0.9689261605,0.9804272412,0.9689261605,0.9783262977,0.9770663810,33.4925066165
2025-01-15,0.9708703994,0.9690656566,0.9714114495,0.9690656566,0.9763511658,0.9766334124,32.1590301423
2025-01-16,0.9679793505,0.9693378085,0.9697727673,0.9643577214,0.9746781967,0.9764587257,30.0299289927
2025-01-17,0.9609679116,0.9606784354,0.9616953922,0.9581275720,0.9701276668,0.9747702398,28.6969596553
2025-01-20,0.9611683849,0.9592875318,0.9611683849,0.9590824129,0.9654591186,0.9726746768,27.4592024134
2025-01-21,0.9590435525,0.9571301492,0.9601109955,0.9571301492,0.9630999163,0.9707131070,26.6039401161
2025-01-22,0.9599449888,0.9597010299,0.9599449888,0.9579687768,0.9612269910,0.9687890784,25.8097679829
2025-01-23,0.9612220515,0.9591426890,0.9612220515,0.9567580261,0.9591879671,0.9669330819,24.7915133034
2025-01-24,0.9598739787,0.9524662162,0.9598739787,0.9524662162,0.9575455232,0.9638365950,24.5389622623
2025-01-27,0.9489274427,0.9554795703,0.9554795703,0.9489274427,0.9567839309,0.9611215247,24.8036662503
2025-02-05,0.9541033953,0.9546654779,0.9559351277,0.9507113821,0.9562909966,0.9596954565,24.9381171911
2025-02-06,0.9543988471,0.9539458304,0.9576332586,0.9527611444,0.9551399568,0.9581834739,24.6419625360
2025-02-07,0.9526414088,0.9527840667,0.9527840667,0.9516515544,0.9538682323,0.9565280997,24.5463155581
2025-02-10,0.9537203598,0.9512338043,0.9541344731,0.9504035787,0.9536217499,0.9555836366,24.1061653117
2025-02-11,0.9527284574,0.9493902041,0.9527284574,0.9493902041,0.9524038767,0.9545939038,23.8795220750
2025-02-12,0.9490479146,0.9485135787,0.9499662802,0.9485135787,0.9511734968,0.9537322467,23.8287388078
2025-02-13,0.9482065305,0.9510931174,0.9510931174,0.9482065305,0.9506029542,0.9528714555,23.4502300298
2025-02-14,0.9514729686,0.9548443241,0.9548443241,0.9514729686,0.9510150057,0.9524416190,22.0915779128
2025-02-17,0.9546547028,0.9501865192,0.9546547028,0.9501005123,0.9508055487,0.9522136493,21.1356221482
2025-02-18,0.9506976444,0.9529311643,0.9534093907,0.9491982040,0.9515137407,0.9519588087,20.4483119791
2025-02-19,0.9534304896,0.9476602564,0.9534304896,0.9476602564,0.9513430763,0.9512582866,20.1475430917
2025-02-20,0.9459546199,0.9462138654,0.9477602320,0.9454845990,0.9503672259,0.9504850901,20.3182967597
2025-02-21,0.9455281443,0.9421472105,0.9460454691,0.9416472054,0.9478278032,0.9494214044,21.1685579229
2025-02-24,0.9443573668,0.9415386549,0.9443573668,0.9407469812,0.9460982303,0.9484518895,22.1063092560
2025-02-25,0.9427203855,0.9362746641,0.9427203855,0.9362746641,0.9427669303,0.9471403355,23.6376177775
2025-02-26,0.9350437537,0.9339957638,0.9367941539,0.9326527456,0.9400340317,0.9456885540,25.5004325860
2025-02-27,0.9341920594,0.9325643024,0.9341920594,0.9310628340,0.9373041191,0.9438356725,27.4067013504
2025-02-28,0.9332164438,0.9370826913,0.9370826913,0.9324683445,0.9362912153,0.9420595092,28.2226076692
2025-03-03,0.9364800000,0.9407600476,0.9407600476,0.9364800000,0.9361354938,0.9411168621,27.9157254396
2025-03-04,0.9394968309,0.9390368200,0.9418058032,0.9390104662,0.9366879250,0.9397274276,27.3490142531
2025-03-05,0.9387430390,0.9354981784,0.9387430390,0.9351006351,0.9369884079,0.9385112198,27.4720615309
2025-03-06,0.9351781891,0.9296148738,0.9351781891,0.9296148738,0.9363985222,0.9368513207,28.3285339556
2025-03-07,0.9304415182,0.9286511282,0.9304415182,0.9286153846,0.9347122096,0.9355017124,29.2446531451
2025-03-10,0.9267575101,0.9274667828,0.9288628091,0.9267575101,0.9320535566,0.9340945252,30.3179885781
2025-03-11,0.9270130278,0.9261941448,0.9271013354,0.9261747034,0.9294850216,0.9330864733,31.3846384965
2025-03-12,0.9239233716,0.9240381958,0.9253956990,0.9229998482,0.9271930251,0.9320907165,32.7407221761
2025-03-13,0.9241432304,0.9286959228,0.9299393101,0.9241432304,0.9270092349,0.9317038786,32.6471893099
2025-03-14,0.9287225437,0.9289022978,0.9314781193,0.9286236297,0.9270594688,0.9308858392,32.1480312011
2025-03-17,0.9308243181,0.9296390256,0.9316286485,0.9295603225,0.9274939174,0.9297737370,31.6431910405
2025-03-18,0.9296765548,0.9293598905,0.9296784429,0.9292475582,0.9281270665,0.9288060441,31.2289944678
2025-03-19,0.9298475610,0.9312061069,0.9312061069,0.9296780073,0.9295606487,0.9283768369,30.3866656340
2025-03-20,0.9314373089,0.9269076551,0.9314373089,0.9269076551,0.9292029952,0.9281061150,30.1250033153
2025-03-21,0.9528719173,0.9572959498,0.9572959498,0.9528719173,0.9348817256,0.9309705972,30.3750249944
2025-03-24,0.9558062848,0.9610926613,0.9629886195,0.9558062848,0.9411724527,0.9343331850,31.0881637740
2025-03-25,0.9620715520,0.9639610177,0.9661899427,0.9620715520,0.9480926782,0.9381098723,31.9969503165
2025-03-26,0.9633213468,0.9618886025,0.9641092753,0.9618886025,0.9542291773,0.9418949130,32.8043600216
2025-03-27,0.9633237448,0.9639938796,0.9656518862,0.9620779723,0.9616464222,0.9454247087,33.6805641170
2025-03-28,0.9627256464,0.9656488550,0.9656488550,0.9613915858,0.9633170032,0.9490993644,34.3414165245
2025-03-31,0.9666798889,0.9620763763,0.9666798889,0.9617712967,0.9635137462,0.9523430995,35.0500133548
2025-04-01,0.9616398629,0.9647768873,0.9647768873,0.9613480327,0.9636769201,0.9558847991,35.6029639110
2025-04-02,0.9641316162,0.9620655738,0.9641316162,0.9620655738,0.9637123144,0.9589707458,36.1164179989
2025-04-03,0.9600975320,0.9652839948,0.9652839948,0.9597378888,0.9639703374,0.9628083798,35.9706075847
2025-04-07,0.9844842581,0.9638478813,0.9844842581,0.9638478813,0.9636101427,0.9634635730,37.4908439957
2025-04-08,0.9638181818,0.9919828365,0.9942329873,0.9638181818,0.9695914347,0.9665525905,39.3948357890
2025-04-09,0.9995771020,0.9921909533,1.0095385103,0.9917274052,0.9750742479,0.9693755840,41.7114601442
2025-04-10,0.9990270971,0.9875945646,0.9990270971,0.9820388690,0.9801800461,0.9719461802,42.2986007364
2025-04-11,0.9900990099,0.9794788618,0.9904418395,0.9779695820,0.9830190195,0.9734946785,42.2601604886
2025-04-14,0.9795220652,0.9809942034,0.9809942034,0.9771569205,0.9864482839,0.9750292133,42.1071588376
2025-04-15,0.9808780625,0.9823251884,0.9831825439,0.9784690668,0.9845167543,0.9770540945,42.1041143548
2025-04-16,0.9842756184,0.9888274139,0.9888274139,0.9829210628,0.9838440464,0.9794591472,42.4440022101
2025-04-17,0.9883679313,0.9818529131,0.9899247042,0.9816622922,0.9826957161,0.9814378811,42.5550506629
2025-04-18,0.9570897504,0.9571074087,0.9592763417,0.9556062467,0.9782214255,0.9806202225,39.5417340311
2025-04-21,0.9583126022,0.9531715771,0.9592761796,0.9531715771,0.9726569002,0.9795525921,36.9031089738
2025-04-22,0.9527919310,0.9508458125,0.9538048219,0.9503343214,0.9663610251,0.9754388897,34.7020354884
2025-04-23,0.9469178082,0.9441580756,0.9474562419,0.9441580756,0.9574271574,0.9706356019,33.1775928812
2025-04-24,0.9465977606,0.9498214100,0.9498214100,0.9465977606,0.9510208568,0.9668582865,31.5114739669
2025-04-25,0.9488251555,0.9502298414,0.9517757660,0.9488251555,0.9496453433,0.9639333844,29.7540835824
2025-04-28,0.9512110727,0.9549659626,0.9551228070,0.9507127325,0.9500042204,0.9613305603,27.7625624923
2025-04-29,0.9547123623,0.9503949009,0.9547123623,0.9503949009,0.9499140381,0.9581375316,25.9468901529
2025-04-30,0.9485220398,0.9475299066,0.9497489177,0.9475299066,0.9505884043,0.9540077809,24.5710614719
2025-05-06,0.9468830060,0.9443660552,0.9468830060,0.9443660552,0.9494973333,0.9502590951,23.6282572513
2025-05-07,0.9476309227,0.9437466416,0.9476309227,0.9437466416,0.9482006934,0.9489230184,22.6523689970
2025-05-08,0.9436501262,0.9403867881,0.9436501262,0.9403867881,0.9452848585,0.9476445395,22.1163471611
2025-05-09,0.9406599255,0.9427437260,0.9444143717,0.9406599255,0.9437546235,0.9468343308,21.5042575064
2025-05-12,0.9426857714,0.9421898294,0.9426857714,0.9413910831,0.9426866081,0.9466375062,20.9358885414
2025-05-13,0.9390657405,0.9429676817,0.9429676817,0.9390657405,0.9424069334,0.9459521333,20.6969195381
2025-05-14,0.9422980932,0.9428760549,0.9434511852,0.9422137730,0.9422328160,0.9452167547,20.3879704330
2025-05-15,0.9433805715,0.9452008741,0.9456822632,0.9433805715,0.9431956332,0.9442402459,19.6939613666
2025-05-16,0.9455482220,0.9440493444,0.9455482220,0.9414906045,0.9434567569,0.9436056902,19.3224296179
2025-05-19,0.9427609428,0.9410248686,0.9451466730,0.9410248686,0.9432237648,0.9429551864,19.0459840357
2025-05-20,0.9408756684,0.9387646609,0.9417129396,0.9387646609,0.9423831606,0.9423950470,19.1238897526
2025-05-21,0.9382925612,0.9425057494,0.9425057494,0.9382925612,0.9423090995,0.9422709578,19.0203107053
2025-05-22,0.9439358503,0.9436638655,0.9440134907,0.9418331180,0.9420016978,0.9425986655,18.5854420871
2025-05-23,0.9426794419,0.9471730245,0.9471730245,0.9426794419,0.9426264338,0.9430415954,17.5092475448
2025-05-26,0.9458843537,0.9442362869,0.9470277636,0.9442362869,0.9432687175,0.9432462411,16.5099240412
2025-05-27,0.9448124366,0.9430262046,0.9460861257,0.9430262046,0.9441210262,0.9432520934,15.8280275109
2025-05-28,0.9429873418,0.9438887947,0.9447357668,0.9413268739,0.9443976353,0.9433533674,15.5352756549
2025-05-29,0.9442415635,0.9399104626,0.9442415635,0.9399104626,0.9436469547,0.9428243262,15.5406201059
2025-05-30,0.9401119776,0.9433121019,0.9433121019,0.9401119776,0.9428747701,0.9427506020,15.5455828105
2025-06-03,0.9440430180,0.9400466822,0.9440430180,0.9400466822,0.9420368492,0.9426527833,15.3384917833
2025-06-04,0.9394433717,0.9396762471,0.9414886515,0.9394433717,0.9413668577,0.9427439420,15.2852129372
2025-06-05,0.9389438944,0.9380490363,0.9404643449,0.9380490363,0.9401989060,0.9422982706,15.5562656091
2025-06-06,0.9392945037,0.9385593915,0.9392945037,0.9378536617,0.9399286918,0.9417878232,15.8534226223
2025-06-09,0.9378758170,0.9349200687,0.9380812050,0.9349200687,0.9382502852,0.9405625277,16.7764483964
2025-06-10,0.9345218801,0.9352939252,0.9379082811,0.9345218801,0.9372997338,0.9396682915,17.7160976167
2025-06-11,0.9354406818,0.9376953125,0.9376953125,0.9351234810,0.9369035469,0.9391352023,18.5886290355
2025-06-12,0.9396008232,0.9387993763,0.9396008232,0.9373238752,0.9370536149,0.9386262604,18.6320653717
2025-06-13,0.9417333116,0.9416192762,0.9417333116,0.9388923217,0.9376655918,0.9387971418,17.9014036681
2025-06-16,0.9439625317,0.9394196560,0.9439625317,0.9394196560,0.9385655092,0.9384078972,16.7388714587
2025-06-17,0.9382559087,0.9377487765,0.9387540984,0.9377487765,0.9390564795,0.9381781066,15.9315065845
2025-06-18,0.9374693878,0.9369387022,0.9376850694,0.9369387022,0.9389051574,0.9379043521,15.4182891562
2025-06-19,0.9384438984,0.9384172947,0.9384438984,0.9369190124,0.9388287411,0.9379411780,14.6767520642
2025-06-20,0.9665519615,0.9655482221,0.9668726399,0.9655482221,0.9436145303,0.9406400610,17.6140313625
2025-06-23,0.9673830156,0.9614779874,0.9673830156,0.9614779874,0.9480261966,0.9432958529,19.4291810304
2025-06-24,0.9606747316,0.9551959967,0.9610349765,0.9551959967,0.9515156406,0.9452860601,19.8895401985
2025-06-25,0.9568640534,0.9533629649,0.9568640534,0.9533344203,0.9548004932,0.9468528253,19.9856080361
2025-06-26,0.9544635545,0.9526714553,0.9544635545,0.9509418003,0.9576513253,0.9482400332,19.6544551309
2025-06-27,0.9524183007,0.9535576357,0.9535576357,0.9518408025,0.9552532080,0.9494338691,19.3469560046
2025-06-30,0.9549866458,0.9535504017,0.9549866458,0.9525074511,0.9536676908,0.9508469437,19.2581154366
2025-07-01,0.9524662217,0.9567287312,0.9591521016,0.9524662217,0.9539742378,0.9527449392,19.7176377087
2025-07-02,0.9555301794,0.9574301128,0.9589473684,0.9555301794,0.9547876673,0.9547940802,20.1443369613
2025-07-03,0.9592636114,0.9573323772,0.9592636114,0.9556890115,0.9557198517,0.9566855885,20.5835097493
2025-07-04,0.9569331158,0.9610614836,0.9610614836,0.9569331158,0.9572206213,0.9562369146,21.2398419339
2025-07-07,0.9623278689,0.9587014857,0.9623278689,0.9587014857,0.9582508381,0.9559592645,22.0227088810
2025-07-08,0.9590134441,0.9554507842,0.9601442150,0.9554507842,0.9579952487,0.9559847432,21.9259592546
2025-07-09,0.9550961538,0.9542967493,0.9550961538,0.9542862666,0.9573685760,0.9560781217,21.5555069686
2025-07-10,0.9542967493,0.9562231209,0.9562231209,0.9542967493,0.9571467247,0.9564332882,21.4066851573
2025-07-11,0.9558988494,0.9530364885,0.9563061468,0.9530364885,0.9555417257,0.9563811735,20.9440490723
2025-07-14,0.9530509010,0.9533813589,0.9536945813,0.9530509010,0.9544777003,0.9563642692,20.5144584218
2025-07-15,0.9526833916,0.9571160034,0.9571359769,0.9526833916,0.9548107442,0.9564029964,20.7685631916
2025-07-16,0.9561068702,0.9537313433,0.9561068702,0.9537313433,0.9546976630,0.9560331195,21.0045176206
2025-07-17,0.9372517871,0.9354656985,0.9372517871,0.9354656985,0.9505461785,0.9538464516,21.3132000250
2025-07-18,0.9348735560,0.9356367719,0.9364800402,0.9348735560,0.9470662352,0.9513039805,21.6729572943
2025-07-21,0.9372670807,0.9369352643,0.9372670807,0.9345245418,0.9437770163,0.9491273583,21.8333259461
2025-07-22,0.9382349301,0.9407557479,0.9409328015,0.9378100198,0.9405049652,0.9476578547,21.2030124126
2025-07-23,0.9409004478,0.9415384615,0.9426037126,0.9409004478,0.9380663888,0.9463820259,20.2833361833
2025-07-24,0.9427603204,0.9406823195,0.9427603204,0.9406823195,0.9391097130,0.9448279458,19.4672646511
2025-07-25,0.9394168303,0.9409912501,0.9425308360,0.9394168303,0.9401806087,0.9436234219,18.9367686937
2025-07-28,0.9409557244,0.9424416843,0.9424416843,0.9408276900,0.9412818927,0.9425294545,18.4441653047
2025-07-29,0.9434908097,0.9401080757,0.9434908097,0.9401080757,0.9411523582,0.9408286617,17.7268354020
2025-07-30,0.9429216867,0.9411283729,0.9429216867,0.9411283729,0.9410703405,0.9395683647,17.0607433495
2025-07-31,0.9407193808,0.9366778831,0.9407193808,0.9364649387,0.9402694532,0.9396895831,17.3805657098
2025-08-01,0.9352210661,0.9329339121,0.9352210661,0.9329339121,0.9386579856,0.9394192971,18.2643256123
2025-08-04,0.9319852941,0.9287026164,0.9341236449,0.9286273329,0.9359101720,0.9385960324,19.6915603190
2025-08-05,0.9277560829,0.9276563903,0.9289699894,0.9276563903,0.9334198350,0.9372860966,21.1426337562
2025-08-06,0.9286784537,0.9261526632,0.9286784537,0.9246868091,0.9304246930,0.9357475168,22.8579854545
2025-08-07,0.9251270535,0.9224296296,0.9255585318,0.9224296296,0.9275750423,0.9339222478,24.7080480060
2025-08-08,0.9227002967,0.9245731255,0.9245947225,0.9227002967,0.9259028850,0.9322804353,26.4259632325
2025-08-11,0.9251753010,0.9193717889,0.9251753010,0.9193717889,0.9240367195,0.9299734458,28.3907115316
2025-08-12,0.9195586819,0.9214074031,0.9214074031,0.9195586819,0.9227869221,0.9281033785,30.2151206664
2025-08-13,0.9203280779,0.9214487703,0.9216077537,0.9203280779,0.9218461435,0.9261354183,31.8322602763
2025-08-14,0.9217391304,0.9207700745,0.9224140432,0.9205156664,0.9215142324,0.9245446374,33.0124560727
2025-08-15,0.9186029730,0.9216505320,0.9229835751,0.9186029730,0.9209297138,0.9234162994,34.3663912571
2025-08-18,0.9197080292,0.9197706141,0.9207691672,0.9197080292,0.9210094788,0.9225230991,35.6236167855
2025-08-19,0.9186570904,0.9195530415,0.9200067080,0.9186570904,0.9206386065,0.9217127643,36.9374448506
2025-08-20,0.9189355570,0.9201759208,0.9202246240,0.9189355570,0.9203840366,0.9211150900,38.0535877371
2025-08-21,0.9188485264,0.9242176002,0.9248483832,0.9188485264,0.9210735417,0.9212938871,37.1566234602
2025-08-22,0.9237447989,0.9267615600,0.9268279409,0.9237447989,0.9220957473,0.9215127305,35.6459177063
2025-08-25,0.9237837838,0.9321928712,0.9321928712,0.9237837838,0.9245801987,0.9227948388,33.4545244910
2025-08-26,0.9316232378,0.9327076085,0.9327349468,0.9309887013,0.9272111121,0.9239248593,31.5506225923
2025-08-27,0.9314247312,0.9383302229,0.9383302229,0.9314247312,0.9308419726,0.9256130046,30.9582923365
2025-08-28,0.9370725034,0.9461918731,0.9461918731,0.9370725034,0.9352368271,0.9281551844,31.5641157185
2025-08-29,0.9459349262,0.9498004507,0.9512637363,0.9459349262,0.9398446053,0.9309701763,32.6794028843
2025-09-01,0.9487837838,0.9504376338,0.9516467924,0.9487837838,0.9434935578,0.9340368783,33.7538358413
2025-09-02,0.9516198938,0.9510163555,0.9516198938,0.9509356204,0.9471553072,0.9371832097,34.7515235872
2025-09-03,0.9512302285,0.9504662168,0.9519436373,0.9504662168,0.9495825060,0.9402122393,35.5259230056
2025-09-04,0.9511718750,0.9491646437,0.9517279667,0.9479015919,0.9501770601,0.9427069436,35.4322994034
2025-09-05,0.9495257356,0.9546913922,0.9546913922,0.9485823711,0.9511552484,0.9454999268,35.7618201304
2025-09-08,0.9564049301,0.9564400221,0.9564400221,0.9550771980,0.9523557261,0.9479246419,36.2961314533
2025-09-09,0.9568953569,0.9591113344,0.9599280616,0.9566845656,0.9539747218,0.9505650145,37.2088959071
2025-09-10,0.9591740051,0.9597818487,0.9597818487,0.9559762272,0.9558378482,0.9527101771,37.8224129150
2025-09-11,0.9606662934,0.9643736972,0.9643736972,0.9606662934,0.9588796589,0.9545283595,38.9071598838
2025-09-12,0.9624746176,0.9658045666,0.9664339420,0.9624746176,0.9611022938,0.9561287711,40.1171525673
2025-09-15,0.9647169811,0.9654751242,0.9654751242,0.9641819416,0.9629093142,0.9576325201,41.2407172020
2025-09-16,0.9660397781,0.9602251407,0.9660397781,0.9602251407,0.9631320755,0.9585533987,40.9640259330
2025-09-17,0.9594794043,0.9609646217,0.9609646217,0.9592248688,0.9633686301,0.9596032391,40.4002537616
2025-09-18,0.9625265957,0.9620110533,0.9631257631,0.9597389034,0.9628961013,0.9608878801,40.2010119645
2025-09-19,0.9683831672,0.9712410302,0.9712410302,0.9672577320,0.9639833940,0.9625428439,40.9752384406
2025-09-22,0.9719794701,0.9699869990,0.9719794701,0.9693729003,0.9648857690,0.9638975416,41.7664047813
2025-09-23,0.9718383816,0.9738459380,0.9738459380,0.9704671508,0.9676099284,0.9653710020,42.6833877362
2025-09-24,0.9732394366,0.9799813780,0.9799813780,0.9732394366,0.9714132797,0.9673909549,44.0490595350
2025-09-25,0.9792866941,0.9841797358,0.9841797358,0.9792866941,0.9758470162,0.9693715587,45.6026519520
2025-09-26,0.9844352617,0.9848105492,0.9870347135,0.9844352617,0.9785609200,0.9712721570,47.2191356598
2025-09-29,0.9831783484,0.9856624963,0.9859194278,0.9831783484,0.9816960194,0.9732908942,48.3279109768
2025-09-30,0.9853260870,0.9843644514,0.9853260870,0.9843644514,0.9837997221,0.9757048253,49.3574880568
2025-10-09,0.9846856529,0.9954628436,0.9954628436,0.9846856529,0.9868960152,0.9791546475,50.9359897632
2025-10-10,0.9978152394,0.9898643126,0.9978152394,0.9897911833,0.9880329306,0.9819399734,52.5143383058
2025-10-13,0.9921743991,0.9897615593,0.9921743991,0.9888176735,0.9890231326,0.9837920263,53.6830525679
2025-10-14,0.9853260870,0.9809958297,0.9883576445,0.9809958297,0.9880897993,0.9848929094,52.6925006223
2025-10-15,0.9823761606,0.9814438091,0.9831649832,0.9809719370,0.9875056709,0.9856526965,51.7670521917
2025-10-16,0.9818056513,0.9801526718,0.9826955350,0.9800033514,0.9844436365,0.9856698259,50.6671165947
2025-10-17,0.9801798801,0.9775524157,0.9806852722,0.9768358516,0.9819812571,0.9850070939,48.8835648795
2025-10-20,0.9814647887,0.9787511333,0.9814647887,0.9785478548,0.9797791719,0.9844011523,47.3352373492
2025-10-21,0.9787293985,0.9819012084,0.9819328777,0.9787293985,0.9799602477,0.9840250235,45.9649317875
2025-10-22,0.9799866019,0.9788362743,0.9799866019,0.9788362743,0.9794387407,0.9834722058,44.6925051946
2025-10-23,0.9784585257,0.9806379719,0.9828067974,0.9784585257,0.9795358007,0.9819897186,43.9373643121
2025-10-24,0.9816920943,0.9810633050,0.9816920943,0.9790392528,0.9802379786,0.9811096178,43.2361620641
2025-10-27,0.9797777175,0.9906863682,0.9906863682,0.9797777175,0.9826250256,0.9812020987,43.6912149682
2025-10-28,0.9897470950,0.9857407710,0.9897470950,0.9857407710,0.9833929381,0.9816765929,44.1137640933
2025-10-29,0.9866775421,0.9924258702,0.9926174497,0.9866775421,0.9861108573,0.9827747990,44.7942358159
2025-10-30,0.9919513311,0.9911194395,0.9919513311,0.9905964535,0.9882071508,0.9838714758,45.4261024155
2025-10-31,0.9928184282,0.9829266307,0.9928184282,0.9829266307,0.9885798159,0.9844088972,43.8317421226
2025-11-03,0.9803921569,0.9785888078,0.9803921569,0.9770446735,0.9861603038,0.9843926647,41.1114399186
2025-11-04,0.9783609576,0.9739443194,0.9783609576,0.9739443194,0.9838010135,0.9835969758,38.3241171907
2025-11-05,0.9769030037,0.9722602178,0.9769030037,0.9722602178,0.9797678830,0.9829393701,36.0264675768
2025-11-06,0.9738308566,0.9785820392,0.9789431114,0.9738308566,0.9772604029,0.9827337769,33.5030607021
2025-11-07,0.9771821902,0.9754722072,0.9771821902,0.9754722072,0.9757695183,0.9821746671,31.1598971755
2025-11-10,0.9733208205,0.9750437946,0.9764089122,0.9733208205,0.9750605156,0.9806104097,29.4037457997
2025-11-11,0.9802762401,0.9705834596,0.9802762401,0.9705834596,0.9743883437,0.9790946786,27.6161991950
2025-11-12,0.9699775305,0.9708811637,0.9727652690,0.9699775305,0.9741125329,0.9769402079,25.8292627639
2025-11-13,0.9705042816,0.9719993582,0.9727976450,0.9705042816,0.9727959967,0.9750281998,24.1767811792
2025-11-14,0.9702917059,0.9681768855,0.9702917059,0.9680954965,0.9713369323,0.9735532253,22.7913336796
2025-11-17,0.9690456880,0.9660553933,0.9690456880,0.9660553933,0.9695392520,0.9722998838,21.9282813760
2025-11-18,0.9636087534,0.9630022580,0.9647818801,0.9623442421,0.9680230117,0.9712056777,21.8201939883
2025-11-19,0.9620366599,0.9666493108,0.9670169052,0.9620366599,0.9671766411,0.9706445870,21.1533605653
2025-11-20,0.9688078389,0.9637094554,0.9688078389,0.9637094554,0.9655186606,0.9691573286,20.1020807265
2025-11-21,0.9632925781,0.9646348066,0.9647746720,0.9627868399,0.9648102448,0.9680735886,19.3195070660
2025-11-24,0.9636915053,0.9622843613,0.9637027737,0.9622843613,0.9640560384,0.9667976452,18.7012579387
2025-11-25,0.9635380174,0.9620747351,0.9643862069,0.9620747351,0.9638705338,0.9659467728,17.9383440378
2025-11-26,0.9646681539,0.9628215490,0.9646681539,0.9628215490,0.9631049815,0.9651408113,17.1488966986
2025-11-27,0.9629650256,0.9606073269,0.9648678414,0.9600424131,0.9624845558,0.9640016082,17.0829014326
2025-11-28,0.9598331015,0.9605277655,0.9617661844,0.9598331015,0.9616631476,0.9632366962,17.0699055698
2025-12-01,0.9614486302,0.9645541838,0.9645541838,0.9614486302,0.9621171121,0.9630865752,16.1915988864
2025-12-02,0.9639857260,0.9644455495,0.9648199446,0.9639857260,0.9625912750,0.9632309044,15.2971689071
2025-12-03,0.9641240755,0.9659504684,0.9660013765,0.9641240755,0.9632170588,0.9631610201,14.2980176230
2025-12-04,0.9676523671,0.9680871711,0.9697674419,0.9676523671,0.9647130277,0.9635987917,14.3679273220
2025-12-05,0.9675450763,0.9676767125,0.9685960591,0.9675450763,0.9661428170,0.9639029823,14.3972443802
2025-12-08,0.9678123295,0.9679692158,0.9680684517,0.9678123295,0.9668258234,0.9644714678,14.4244673628
2025-12-09,0.9676981542,0.9655134870,0.9676981542,0.9645104181,0.9670394109,0.9648153429,13.4345408110
2025-12-10,0.9648812119,0.9661936674,0.9666314849,0.9648812119,0.9670880508,0.9651525548,12.5153232986
2025-12-11,0.9662526048,0.9684856118,0.9684856118,0.9662526048,0.9671677389,0.9659403833,12.1562673748
2025-12-12,0.9691551795,0.9744899345,0.9744899345,0.9691551795,0.9685303833,0.9673366002,13.2655326079
2025-12-15,0.9740437158,0.9737000547,0.9745065789,0.9737000547,0.9696765511,0.9682511873,14.2989289637
2025-12-16,0.9721613327,0.9751286688,0.9751286688,0.9721613327,0.9715995875,0.9693194992,14.7028989640
2025-12-17,0.9751640894,0.9796847156,0.9807103825,0.9751640894,0.9742977971,0.9706929239,16.1767996663
2025-12-18,0.9787878788,0.9760288094,0.9791781577,0.9760288094,0.9758064366,0.9714870878,17.5454217471
2025-12-19,0.9857746479,0.9879022095,0.9879022095,0.9857746479,0.9784888916,0.9735096375,20.0095690458
2025-12-22,0.9888579387,0.9888389139,0.9888579387,0.9884474344,0.9815166634,0.9755966073,22.3990270760
2025-12-23,0.9861515026,0.9910801123,0.9910801123,0.9861515026,0.9847069521,0.9781532698,23.8386266522
2025-12-24,0.9920277778,0.9880997871,0.9920277778,0.9880997871,0.9863899664,0.9803438818,25.3010797828
2025-12-25,0.9886388464,0.9867367570,0.9886388464,0.9865928692,0.9885315559,0.9821689963,26.1453456986
2025-12-26,0.9878443211,0.9887051014,0.9887051014,0.9874036673,0.9886921343,0.9835905130,26.9398805276
2025-12-29,0.9882261647,0.9862347090,0.9887451660,0.9862347090,0.9881712934,0.9848439784,27.2578565070
2025-12-30,0.9858266868,0.9895163020,0.9897627299,0.9858266868,0.9878585313,0.9862827417,27.7422284973
2025-12-31,0.9897186002,0.9901293671,0.9904131785,0.9897186002,0.9882644473,0.9873272069,28.3139211558
2026-01-05,0.9910299535,0.9943709910,0.9946128488,0.9910299535,0.9897912941,0.9891614250,29.5446456638
2026-01-06,0.9973856209,1.0030918273,1.0030918273,0.9962587971,0.9926686393,0.9906803868,31.6559931659
2026-01-07,1.0033169628,1.0054637767,1.0063880551,1.0033169628,0.9965144528,0.9923428731,33.8923005449
2026-01-08,1.0058391897,0.9992072220,1.0058391897,0.9992072220,0.9984526368,0.9931555841,34.6593708417
2026-01-09,1.0008957134,0.9986829680,1.0008957134,0.9985588988,1.0001633570,0.9942139021,35.1779121057
2026-01-12,0.9960644447,0.9910003128,0.9984856384,0.9906542056,0.9994892214,0.9946402577,33.6564654929
2026-01-13,0.9922881030,0.9964217440,0.9964217440,0.9916016797,0.9981552047,0.9954119220,32.2436936383
2026-01-14,0.9960975610,1.0051250613,1.0051250613,0.9960975610,0.9980874616,0.9973009572,32.1712133807
2026-01-15,1.0030102645,1.0013910242,1.0040831477,1.0013910242,0.9985242221,0.9984884294,32.1039102843
2026-01-16,1.0033696970,1.0038145540,1.0058410351,0.9995654168,0.9995505393,0.9998569481,31.6034596975
2026-01-19,1.0030154450,1.0096987760,1.0096987760,1.0030154450,1.0032902319,1.0013897266,31.6529445117
2026-01-20,1.0099914707,1.0157619939,1.0157619939,1.0099914707,1.0071582819,1.0026567433,32.3755036543
2026-01-21,1.0143950617,1.0170088689,1.0170088689,1.0143950617,1.0095350434,1.0038112525,33.1714580039
2026-01-22,1.0175544794,1.0129513060,1.0175544794,1.0129513060,1.0118470998,1.0051856609,33.5402504965
2026-01-23,1.0124031380,1.0166263532,1.0166467094,1.0124031380,1.0144094596,1.0069799994,33.7388798737
2026-01-26,1.0179353298,1.0218115138,1.0230881282,1.0179353298,1.0168320072,1.0100611195,34.6308062252
2026-01-27,1.0232192526,1.0227827502,1.0275794139,1.0227827502,1.0182361584,1.0126972202,35.8607175508
2026-01-28,1.0219809069,1.0291484638,1.0292439372,1.0219809069,1.0206640774,1.0150995604,37.1405835451
2026-01-29,1.0307983153,1.0226437748,1.0307983153,1.0226437748,1.0226025712,1.0172248355,38.4569104302
2026-01-30,1.0201397254,1.0123235600,1.0227926373,1.0105590062,1.0217420125,1.0180757361,36.9579996820
2026-02-02,1.0100242048,1.0039889225,1.0114563107,0.9989795918,1.0181774943,1.0175047507,34.7627573734
2026-02-03,1.0101010101,1.0120982525,1.0120982525,1.0045139934,1.0160405947,1.0171383766,32.6340267952
2026-02-04,1.0104909675,1.0134334544,1.0134334544,1.0103599911,1.0128975928,1.0167808351,30.4626967698
2026-02-05,1.0098516116,1.0100002488,1.0104371316,1.0076040856,1.0103688876,1.0164857294,28.8274823485
2026-02-06,1.0126325916,1.0158432197,1.0158432197,1.0087808344,1.0110728196,1.0164074160,27.0217966310
2026-02-09,1.0128755365,1.0095959964,1.0128755365,1.0095959964,1.0121942344,1.0151858643,25.3450884648
2026-02-10,1.0100789314,1.0075100255,1.0100789314,1.0075100255,1.0112765890,1.0136585918,23.6082630824
2026-02-11,1.0075100255,1.0115762650,1.0115762650,1.0067335975,1.0109051511,1.0119013720,22.0868728088
2026-02-12,1.0118539707,1.0132885584,1.0153808653,1.0118539707,1.0115628130,1.0109658503,21.2527695493
2026-02-13,1.0132722008,1.0104774698,1.0132722008,1.0104774698,1.0104896630,1.0107812413,20.2314229870
2026-02-24,1.0062832519,1.0121629791,1.0121629791,1.0062832519,1.0110030596,1.0115986470,19.0011161748
2026-02-25,1.0133734940,1.0146806891,1.0146806891,1.0113253012,1.0124371923,1.0118568906,17.8469254260
2026-02-26,1.0158575668,1.0111329559,1.0158575668,1.0111329559,1.0123485305,1.0116268408,16.9680513552
2026-02-27,1.0106902217,1.0133624024,1.0133624024,1.0106902217,1.0123632993,1.0119630561,16.0680157031
2026-03-02,1.0141509434,1.0241221302,1.0241221302,1.0141509434,1.0150922313,1.0127909472,16.7736717959
2026-03-03,1.0233037300,1.0168278102,1.0233037300,1.0164330833,1.0160251975,1.0135141286,17.4289238821
2026-03-04,1.0218914836,1.0192455544,1.0218914836,1.0188688421,1.0169381706,1.0146876814,18.0373722478
2026-03-05,1.0182417582,1.0154489545,1.0182417582,1.0148872292,1.0178013703,1.0150749504,17.7527346577
2026-03-06,1.0176521417,1.0134927787,1.0176521417,1.0134927787,1.0178274456,1.0150953724,17.2082259376
2026-03-09,1.0170882937,1.0092784764,1.0170882937,0.9821656051,1.0148587148,1.0149754731,18.8283726100
2026-03-10,1.0088228185,1.0096227868,1.0096227868,1.0079027356,1.0134177101,1.0147214538,20.3327945201
2026-03-11,1.0112659782,1.0056537953,1.0112659782,1.0056537953,1.0106993583,1.0138187645,21.8862026281
2026-03-12,1.0069904785,1.0061007958,1.0069904785,1.0061007958,1.0088297266,1.0133155484,23.3286530142
