time,next_time,ret_1000,ret_500,signal,close_im,close_ic,next_close_im,next_close_ic,ret_next_im,ret_next_ic,trade_ret,direction
2024-01-03,2024-01-04,-0.0052447334466612094,-0.0014900575758511891,-1,5809.4,5388.6,5765.2,5347.8,-0.007608358866664333,-0.007571539917603842,3.681894906049088e-05,short_IM_long_IC
2024-01-04,2024-01-05,-0.007044470895715249,-0.008529907551660276,1,5765.2,5347.8,5664.8,5282.2,-0.01741483383056952,-0.012266726504357006,-0.005148107326212514,long_IM_short_IC
2024-01-05,2024-01-08,-0.01853814847980262,-0.013715422804860156,-1,5664.8,5282.2,5480.2,5130.6,-0.032587205197006086,-0.028700162810949892,0.0038870423860561942,short_IM_long_IC
2024-01-08,2024-01-09,-0.02329792945291287,-0.021615711144484462,-1,5480.2,5130.6,5513.4,5155.0,0.006058173059377392,0.004755779051182962,-0.0013023940081944296,short_IM_long_IC
2024-01-09,2024-01-10,0.0017550048258574424,0.002506589150294447,-1,5513.4,5155.0,5484.6,5138.8,-0.005223636957231381,-0.0031425800193985998,0.0020810569378327815,short_IM_long_IC
2024-01-10,2024-01-11,-0.007425291990614258,-0.004357481576164224,-1,5484.6,5138.8,5595.2,5209.6,0.0201655544615833,0.013777535611426917,-0.006388018850156385,short_IM_long_IC
2024-01-11,2024-01-12,0.017968988992626,0.012753761168112554,1,5595.2,5209.6,5551.0,5188.6,-0.007899628252788116,-0.004031019656019708,-0.003868608596768408,long_IM_short_IC
2024-01-12,2024-01-15,-0.006526742127487051,-0.0033854829241033446,-1,5551.0,5188.6,5530.2,5178.2,-0.0037470725995316645,-0.0020043942489305078,0.0017426783506011567,short_IM_long_IC
2024-01-15,2024-01-16,-0.00271174456308354,-0.00247444478463843,-1,5530.2,5178.2,5513.0,5173.4,-0.003110194929658916,-0.0009269630373489601,0.002183231892309956,short_IM_long_IC
2024-01-16,2024-01-17,-0.003579880187992268,-0.0005580464166146104,-1,5513.0,5173.4,5346.4,5017.8,-0.030219481226192668,-0.03007693199829886,0.00014254922789380675,short_IM_long_IC
2024-01-17,2024-01-18,-0.027142016965112203,-0.024826229590315663,-1,5346.4,5017.8,5344.6,5045.0,-0.00033667514589241776,0.00542070229981273,0.005757377445705147,short_IM_long_IC
2024-01-18,2024-01-19,-0.002912849470681933,0.0010705043396381786,-1,5344.6,5045.0,5217.4,4950.8,-0.023799723084983126,-0.018671952428146676,0.00512777065683645,short_IM_long_IC
2024-01-19,2024-01-22,-0.012364127832907301,-0.009576692950221677,-1,5217.4,4950.8,4830.4,4645.6,-0.07417487637520603,-0.06164660256928167,0.012528273805924361,short_IM_long_IC
2024-01-22,2024-01-23,-0.057688599227938564,-0.04731723837631241,-1,4830.4,4645.6,4998.0,4800.4,0.034696919509771496,0.03332185293611145,-0.0013750665736600443,short_IM_long_IC
2024-01-23,2024-01-24,0.015756953000795715,0.01773031725663987,-1,4998.0,4800.4,5090.8,4890.2,0.01856742697078828,0.018706774435463647,0.00013934746467536563,short_IM_long_IC
2024-01-24,2024-01-25,0.012555300517370194,0.013966602839484032,-1,5090.8,4890.2,5306.6,5060.0,0.042390194075587306,0.034722506236963824,-0.007667687838623483,short_IM_long_IC
2024-01-25,2024-01-26,0.03359391413607127,0.028270258539588422,1,5306.6,5060.0,5216.8,4992.6,-0.016922323144763163,-0.013320158102766766,-0.003602165041996397,long_IM_short_IC
2024-01-26,2024-01-29,-0.00873376540928228,-0.009083990529880626,1,5216.8,4992.6,5063.0,4893.2,-0.0294816745897869,-0.019909466009694454,-0.009572208580092445,long_IM_short_IC
2024-01-29,2024-01-30,-0.026285443566113065,-0.019728995674876293,-1,5063.0,4893.2,4907.2,4767.8,-0.030772269405490826,-0.025627401291588248,0.005144868113902579,short_IM_long_IC
2024-01-30,2024-01-31,-0.028567464065505255,-0.022914950803623158,-1,4907.2,4767.8,4727.2,4657.4,-0.036680795565699365,-0.023155333696883384,0.01352546186881598,short_IM_long_IC
2024-01-31,2024-02-01,-0.04004843018574711,-0.024509122634252978,-1,4727.2,4657.4,4699.2,4648.8,-0.005923168048739158,-0.001846523811568579,0.004076644237170579,short_IM_long_IC
2024-02-01,2024-02-02,-0.007228394710839914,-0.003885220195548489,-1,4699.2,4648.8,4507.2,4512.8,-0.04085801838610825,-0.029254861469626525,0.011603156916481727,short_IM_long_IC
2024-02-02,2024-02-05,-0.03700174208982865,-0.024688041466288335,-1,4507.2,4512.8,4176.6,4380.0,-0.07334930777422777,-0.029427406488211294,0.043921901286016474,short_IM_long_IC
2024-02-05,2024-02-06,-0.06155629788488326,-0.0225626975290113,-1,4176.6,4380.0,4609.0,4822.6,0.10352918641957554,0.10105022831050237,-0.0024789581090731705,short_IM_long_IC
2024-02-06,2024-02-07,0.06973446388417437,0.07749268625048722,-1,4609.0,4822.6,4793.0,5128.6,0.03992189195053153,0.0634512503628748,0.02352935841234327,short_IM_long_IC
2024-02-07,2024-02-08,0.04472589804244542,0.06318631637316385,-1,4793.0,5128.6,4980.4,5110.6,0.03909868558314211,-0.0035097297508092096,-0.04260841533395132,short_IM_long_IC
2024-02-08,2024-02-19,0.0406972246043098,0.007957677835222166,1,4980.4,5110.6,4954.6,5083.4,-0.005180306802666346,-0.005322271357570685,0.00014196455490433912,long_IM_short_IC
2024-02-19,2024-02-20,0.007306376077120591,-0.0016747022967212866,1,4954.6,5083.4,4989.0,5097.4,0.006943042828886137,0.002754062241806743,0.004188980587079394,long_IM_short_IC
2024-02-20,2024-02-21,0.0032658750985492535,-0.00012568063151174869,1,4989.0,5097.4,5001.4,5107.2,0.0024854680296650944,0.001922548750343367,0.0005629192793217275,long_IM_short_IC
2024-02-21,2024-02-22,0.005443902918901067,-0.00037352963917725024,1,5001.4,5107.2,5122.4,5159.2,0.024193225896748993,0.01018170426065157,0.014011521636097424,long_IM_short_IC
2024-02-22,2024-02-23,0.015384345201493899,0.007259316978674546,1,5122.4,5159.2,5217.0,5186.0,0.018467905669217632,0.005194603814544951,0.013273301854672681,long_IM_short_IC
2024-02-23,2024-02-26,0.014390935919809333,0.004128088031877253,1,5217.0,5186.0,5215.0,5168.2,-0.0003833620854897246,-0.0034323177786348413,0.0030489556931451167,long_IM_short_IC
2024-02-26,2024-02-27,0.005688553181996792,-0.00043236335837415485,1,5215.0,5168.2,5386.0,5307.8,0.03279002876318304,0.027011338570488874,0.005778690192694169,long_IM_short_IC
2024-02-27,2024-02-28,0.02638012334826434,0.021622726223385236,1,5386.0,5307.8,5117.6,5175.2,-0.04983290011139985,-0.024982101812427104,-0.024850798298972743,long_IM_short_IC
2024-02-28,2024-02-29,-0.044861098581836845,-0.023316081943714484,-1,5117.6,5175.2,5333.8,5346.4,0.04224636548382055,0.03308084711701964,-0.009165518366800907,short_IM_long_IC
2024-02-29,2024-03-01,0.037374099434052566,0.0313935805097143,1,5333.8,5346.4,5392.0,5382.6,0.010911545239791431,0.006770911267395041,0.00414063397239639,long_IM_short_IC
2024-03-01,2024-03-04,0.010727490217612434,0.006032644353964001,1,5392.0,5382.6,5383.4,5377.0,-0.0015949554896143026,-0.0010403894028908622,-0.0005545660867234403,long_IM_short_IC
2024-03-04,2024-03-05,0.004886430232815986,0.0018166410927493715,1,5383.4,5377.0,5311.4,5334.8,-0.01337444737526472,-0.007848242514413184,-0.005526204860851536,long_IM_short_IC
2024-03-05,2024-03-06,-0.009801144203390844,-0.006864805282046915,-1,5311.4,5334.8,5345.0,5342.8,0.006326015739729796,0.0014995876134062947,-0.004826428126323501,short_IM_long_IC
2024-03-06,2024-03-07,0.001177087437690183,-0.00032235721828666186,1,5345.0,5342.8,5277.0,5272.4,-0.012722170252572496,-0.013176611514561731,0.00045444126198923573,long_IM_short_IC
2024-03-07,2024-03-08,-0.014528049801812992,-0.013607741580085153,-1,5277.0,5272.4,5348.0,5346.2,0.013454614364222017,0.013997420529550109,0.0005428061653280913,short_IM_long_IC
2024-03-08,2024-03-11,0.012651668970085295,0.013699470645853973,-1,5348.0,5346.2,5463.0,5456.2,0.021503365744203418,0.020575361939321413,-0.000928003804882005,short_IM_long_IC
2024-03-11,2024-03-12,0.017926803169813876,0.0170958175338507,1,5463.0,5456.2,5488.2,5427.6,0.004612850082372333,-0.005241743337854099,0.009854593420226432,long_IM_short_IC
2024-03-12,2024-03-13,0.00543474055524551,-0.003185487685310351,1,5488.2,5427.6,5517.4,5417.0,0.005320505812470344,-0.0019529810597687103,0.0072734868722390544,long_IM_short_IC
2024-03-13,2024-03-14,0.0046264294449813725,-0.001586679013178105,1,5517.4,5417.0,5487.0,5399.0,-0.005509841592054143,-0.0033228724386191733,-0.00218696915343497,long_IM_short_IC
2024-03-14,2024-03-15,-0.006363468993480059,-0.004097033919479465,-1,5487.0,5399.0,5532.2,5452.6,0.008237652633497294,0.009927764400815109,0.0016901117673178145,short_IM_long_IC
2024-03-15,2024-03-18,0.012575642522305142,0.011351832391862438,1,5532.2,5452.6,5639.6,5533.0,0.01941361483677384,0.014745259142427303,0.004668355694346538,long_IM_short_IC
2024-03-18,2024-03-19,0.016625884717383466,0.013622791893206143,1,5639.6,5533.0,5581.6,5472.2,-0.010284417334562757,-0.010988613771913958,0.0007041964373512011,long_IM_short_IC
2024-03-19,2024-03-20,-0.007177092072950142,-0.009084323319008103,1,5581.6,5472.2,5629.0,5486.0,0.008492188619750651,0.0025218376521325414,0.00597035096761811,long_IM_short_IC
2024-03-20,2024-03-21,0.00921600119725885,0.0027726500015115008,1,5629.0,5486.0,5627.0,5457.8,-0.0003553028957186122,-0.0051403572730586156,0.004785054377340003,long_IM_short_IC
2024-03-21,2024-03-22,-0.0001545284004380587,-0.005021540339031461,1,5627.0,5457.8,5558.8,5367.0,-0.012120135063088622,-0.016636740078419865,0.004516605015331243,long_IM_short_IC
2024-03-22,2024-03-25,-0.011027133089256846,-0.014867462181305857,1,5558.8,5367.0,5435.4,5293.8,-0.02219903576311444,-0.013638904415874786,-0.008560131347239652,long_IM_short_IC
2024-03-25,2024-03-26,-0.023199780667393255,-0.016680881369520395,-1,5435.4,5293.8,5401.0,5267.4,-0.006328881039113887,-0.004986965884619887,0.001341915154494,short_IM_long_IC
2024-03-26,2024-03-27,-0.0033503282024908154,-0.0019505183846106888,-1,5401.0,5267.4,5216.8,5150.6,-0.034104795408257726,-0.022174127653111442,0.011930667755146285,short_IM_long_IC
2024-03-27,2024-03-28,-0.03331978400470925,-0.0241719675965123,-1,5216.8,5150.6,5349.6,5216.8,0.02545621837141554,0.012852871510115271,-0.012603346861300269,short_IM_long_IC
2024-03-28,2024-03-29,0.022028222615241955,0.013016504404768536,1,5349.6,5216.8,5412.0,5288.4,0.01166442350829966,0.013724888820732861,-0.0020604653124332017,long_IM_short_IC
2024-03-29,2024-04-01,0.01096644530452906,0.011936737313751777,-1,5412.0,5288.4,5541.6,5404.0,0.02394678492239466,0.02185916345208394,-0.0020876214703107188,short_IM_long_IC
2024-04-01,2024-04-02,0.02164855079621897,0.021766967681575933,-1,5541.6,5404.0,5506.6,5381.8,-0.0063158654540205195,-0.004108068097705364,0.0022077973563151554,short_IM_long_IC
2024-04-02,2024-04-03,-0.005037456271575036,-0.003702086169379948,-1,5506.6,5381.8,5475.0,5372.0,-0.005738568263538357,-0.0018209520978111904,0.003917616165727167,short_IM_long_IC
2024-04-03,2024-04-08,-0.005446667091661084,-0.001232748109534887,-1,5475.0,5372.0,5348.4,5286.2,-0.02312328767123295,-0.01597170513775137,0.007151582533481582,short_IM_long_IC
2024-04-08,2024-04-09,-0.018362652516129008,-0.014141380763285083,-1,5348.4,5286.2,5431.6,5334.2,0.015556054147034759,0.00908024668003482,-0.006475807466999939,short_IM_long_IC
2024-04-09,2024-04-10,0.012777257152279509,0.008362034044068212,1,5431.6,5334.2,5330.0,5269.0,-0.018705353855217655,-0.012223013760263912,-0.006482340094953742,long_IM_short_IC
2024-04-10,2024-04-11,-0.018625116017157994,-0.012619649013713041,-1,5330.0,5269.0,5353.8,5303.0,0.004465290806754174,0.006452837350540808,0.0019875465437866335,short_IM_long_IC
2024-04-11,2024-04-12,0.002396753465282231,0.004992291970348006,-1,5353.8,5303.0,5309.0,5263.2,-0.008367888228921538,-0.007505185743918563,0.0008627024850029752,short_IM_long_IC
2024-04-12,2024-04-15,-0.007648094385426463,-0.004638114678358729,-1,5309.0,5263.2,5262.8,5345.0,-0.008702203804859643,0.015541875664994764,0.024244079469854407,short_IM_long_IC
2024-04-15,2024-04-16,-0.009601033137001003,0.01184398449258972,-1,5262.8,5345.0,5055.0,5198.0,-0.039484684958577265,-0.027502338634237566,0.011982346324339699,short_IM_long_IC
2024-04-16,2024-04-17,-0.0417685332693839,-0.0277483156755175,-1,5055.0,5198.0,5289.2,5341.8,0.04633036597428286,0.02766448634090035,-0.01866587963338251,short_IM_long_IC
2024-04-17,2024-04-18,0.04357829504206512,0.028544959755787858,1,5289.2,5341.8,5290.2,5353.4,0.0001890645088105103,0.0021715526601520097,-0.0019824881513414994,long_IM_short_IC
2024-04-18,2024-04-19,-0.00013940540747359176,0.0018894903760136028,-1,5290.2,5353.4,5118.8,5288.0,-0.03239953120864991,-0.01221653528598643,0.020182995922663483,short_IM_long_IC
2024-04-19,2024-04-22,-0.004223810487229862,-0.006536536698759976,1,5118.8,5288.0,5118.4,5246.2,-7.814331483957382e-05,-0.00790468986384274,0.007826546549003166,long_IM_short_IC
2024-04-22,2024-04-23,-0.0034775734947100068,-0.008896855305891127,1,5118.4,5246.2,5082.8,5185.6,-0.006955298530790799,-0.011551218024474785,0.0045959194936839864,long_IM_short_IC
2024-04-23,2024-04-24,-0.005271381776776662,-0.011259418483371864,1,5082.8,5185.6,5205.8,5251.0,0.024199260250255872,0.012611848195001496,0.011587412055254376,long_IM_short_IC
2024-04-24,2024-04-25,0.016706008976611786,0.010515562246451449,1,5205.8,5251.0,5214.2,5246.8,0.0016135848476699355,-0.0007998476480669536,0.002413432495736889,long_IM_short_IC
2024-04-25,2024-04-26,0.0015793104004617753,-0.0007037188836389596,1,5214.2,5246.8,5351.2,5373.4,0.02627440451075902,0.024128992909963953,0.0021454116007950663,long_IM_short_IC
2024-04-26,2024-04-29,0.019185579337243297,0.021444819815066296,-1,5351.2,5373.4,5510.2,5484.8,0.029712961578711283,0.020731752707782825,-0.008981208870928459,short_IM_long_IC
2024-04-29,2024-04-30,0.02387337196019179,0.01980035482820197,1,5510.2,5484.8,5448.8,5442.0,-0.011142971217015685,-0.007803383897316274,-0.003339587319699411,long_IM_short_IC
2024-04-30,2024-05-06,-0.008620789461278977,-0.006817516240056443,-1,5448.8,5442.0,5548.6,5523.4,0.018315959477316124,0.014957736126424148,-0.0033582233508919757,short_IM_long_IC
2024-05-06,2024-05-07,0.019902262335185883,0.016074293680786944,1,5548.6,5523.4,5557.2,5522.0,0.0015499405255379184,-0.0002534670673859374,0.0018034075929238558,long_IM_short_IC
2024-05-07,2024-05-08,0.003298505882527447,-0.00027473483539319776,1,5557.2,5522.0,5461.2,5450.6,-0.017274886633556474,-0.01293009779065546,-0.004344788842901015,long_IM_short_IC
2024-05-08,2024-05-09,-0.015763841155935876,-0.012362538971042003,-1,5461.2,5450.6,5562.8,5548.6,0.018603969823482114,0.017979671962719657,-0.0006242978607624572,short_IM_long_IC
2024-05-09,2024-05-10,0.016285308816838873,0.0179556114608459,-1,5562.8,5548.6,5503.6,5530.8,-0.010642122672035681,-0.0032080164365786423,0.007434106235457039,short_IM_long_IC
2024-05-10,2024-05-13,-0.009346851744156726,-0.0038468022581170658,-1,5503.6,5530.8,5443.8,5497.0,-0.010865615233665249,-0.006111231648224469,0.00475438358544078,short_IM_long_IC
2024-05-13,2024-05-14,-0.00958485402114595,-0.0054442181311926685,-1,5443.8,5497.0,5470.0,5488.6,0.00481281457805216,-0.0015281062397670686,-0.006340920817819229,short_IM_long_IC
2024-05-14,2024-05-15,0.005591812554541553,-0.0008213236814722524,1,5470.0,5488.6,5424.0,5443.4,-0.008409506398537436,-0.008235251248041475,-0.00017425515049596108,long_IM_short_IC
2024-05-15,2024-05-16,-0.009806085374124307,-0.009831808201586911,1,5424.0,5443.4,5415.0,5378.4,-0.0016592920353982743,-0.011941066245361398,0.010281774209963124,long_IM_short_IC
2024-05-16,2024-05-17,-0.0015078307823448434,-0.004037431629834831,1,5415.0,5378.4,5530.2,5460.4,0.02127423822714669,0.015246169864643777,0.006028068362502914,long_IM_short_IC
2024-05-17,2024-05-20,0.013533563638629342,0.01239324410288023,1,5530.2,5460.4,5539.2,5474.0,0.0016274275794727622,0.00249066002490661,-0.000863232445433848,long_IM_short_IC
2024-05-20,2024-05-21,0.006029985093195078,0.0057551907771569155,1,5539.2,5474.0,5476.8,5440.6,-0.011265164644713943,-0.006101571063207856,-0.005163593581506087,long_IM_short_IC
2024-05-21,2024-05-22,-0.010726262249639018,-0.008072452160009513,-1,5476.8,5440.6,5479.6,5424.0,0.0005112474437627412,-0.0030511340660956954,-0.0035623815098584366,short_IM_long_IC
2024-05-22,2024-05-23,0.0005264826460211758,-0.0018810847720873713,1,5479.6,5424.0,5359.0,5326.0,-0.022008905759544506,-0.01806784660766958,-0.003941059151874926,long_IM_short_IC
2024-05-23,2024-05-24,-0.022895991246538183,-0.019438497571264368,-1,5359.0,5326.0,5291.2,5270.4,-0.012651614107109577,-0.010439354111903887,0.00221225999520569,short_IM_long_IC
2024-05-24,2024-05-27,-0.011586632684896125,-0.00911001840943293,-1,5291.2,5270.4,5335.8,5322.4,0.008429089809494972,0.009866423800850121,0.0014373339913551497,short_IM_long_IC
2024-05-27,2024-05-28,0.010188300335583822,0.010899632039765628,-1,5335.8,5322.4,5279.0,5280.0,-0.010645076652048502,-0.007966330978505853,0.0026787456735426485,short_IM_long_IC
2024-05-28,2024-05-29,-0.010470031930854273,-0.010284286355064065,-1,5279.0,5280.0,5284.0,5290.0,0.0009471490812653638,0.0018939393939394478,0.000946790312674084,short_IM_long_IC
2024-05-29,2024-05-30,0.000602670594942456,0.002290727128008152,-1,5284.0,5290.0,5291.4,5287.0,0.0014004542013625887,-0.0005671077504726396,-0.0019675619518352283,short_IM_long_IC
2024-05-30,2024-05-31,-0.0031687161682002474,-0.0036871753471234836,1,5291.4,5287.0,5314.0,5282.2,0.004271081377329233,-0.0009078872706639318,0.005178968647993165,long_IM_short_IC
2024-05-31,2024-06-03,0.003920686213164215,-2.2548062976412986e-05,1,5314.0,5282.2,5222.4,5239.8,-0.017237485886338,-0.008026958464276146,-0.009210527422061854,long_IM_short_IC
2024-06-03,2024-06-04,-0.013180865235553174,-0.006493611812648403,-1,5222.4,5239.8,5268.6,5307.2,0.008846507352941346,0.01286308637734268,0.004016579024401334,short_IM_long_IC
2024-06-04,2024-06-05,0.005503589697476219,0.012870689378771338,-1,5268.6,5307.2,5209.6,5247.6,-0.011198420832858824,-0.011230027132951403,-3.1606300092579254e-05,short_IM_long_IC
2024-06-05,2024-06-06,-0.013102507702718924,-0.011982348167418166,-1,5209.6,5247.6,5101.8,5208.2,-0.020692567567567655,-0.007508194222120679,0.013184373345446976,short_IM_long_IC
2024-06-06,2024-06-07,-0.021589237749021217,-0.009310506626590387,-1,5101.8,5208.2,5115.0,5178.0,0.002587322121604174,-0.005798548442840112,-0.008385870564444287,short_IM_long_IC
2024-06-07,2024-06-11,0.0044275928057648795,-0.003790621030040464,1,5115.0,5178.0,5174.0,5198.6,0.011534701857282448,0.003978370027037492,0.007556331830244956,long_IM_short_IC
2024-06-11,2024-06-12,0.008797038381056055,0.0016299544874409655,1,5174.0,5198.6,5180.6,5210.0,0.0012756088132972465,0.0021928980879466486,-0.0009172892746494021,long_IM_short_IC
2024-06-12,2024-06-13,0.003373602571147938,0.0029675684587524565,1,5180.6,5210.0,5148.4,5184.0,-0.0062154962745629705,-0.00499040307101728,-0.0012250932035456907,long_IM_short_IC
2024-06-13,2024-06-14,-0.006944630154602227,-0.007331118217104748,1,5148.4,5184.0,5178.8,5211.6,0.005904747105897057,0.005324074074074092,0.0005806730318229647,long_IM_short_IC
2024-06-14,2024-06-17,8.022800970231003e-05,0.003561917302424167,-1,5178.8,5211.6,5173.8,5198.2,-0.0009654746273267678,-0.002571187351293358,-0.0016057127239665903,short_IM_long_IC
2024-06-17,2024-06-18,0.0006401704743186354,-0.0011441768530224827,1,5173.8,5198.2,5230.0,5226.6,0.010862422204182653,0.005463429648724594,0.00539899255545806,long_IM_short_IC
2024-06-18,2024-06-19,0.008350051865677166,0.0045636097288179744,1,5230.0,5226.6,5155.0,5169.2,-0.014340344168260022,-0.010982282937282428,-0.0033580612309775937,long_IM_short_IC
2024-06-19,2024-06-20,-0.012867118649022347,-0.011866218669082329,-1,5155.0,5169.2,5064.0,5091.0,-0.017652764306498536,-0.015128066238489501,0.0025246980680090347,short_IM_long_IC
2024-06-20,2024-06-21,-0.020127191996037963,-0.014365966362460458,-1,5064.0,5091.0,4994.6,5060.6,-0.013704581358609746,-0.005971321940679508,0.007733259417930238,short_IM_long_IC
2024-06-21,2024-06-24,-0.00015929152887284026,0.0015239573040706222,-1,4994.6,5060.6,4834.0,4965.0,-0.032154727105273784,-0.01889104058807267,0.013263686517201112,short_IM_long_IC
2024-06-24,2024-06-25,-0.033144385011717126,-0.021445009859418662,-1,4834.0,4965.0,4808.4,4923.4,-0.005295821266032341,-0.00837865055387721,-0.003082829287844868,short_IM_long_IC
2024-06-25,2024-06-26,-0.00821772351725536,-0.008867654866660302,1,4808.4,4923.4,4954.4,4990.2,0.030363530488312085,0.01356785960921325,0.016795670879098834,long_IM_short_IC
2024-06-26,2024-06-27,0.028627154994668835,0.01450854834837978,1,4954.4,4990.2,4835.0,4908.0,-0.024099790085580386,-0.01647228567993264,-0.007627504405647745,long_IM_short_IC
2024-06-27,2024-06-28,-0.024526470976292014,-0.018400887349968587,-1,4835.0,4908.0,4851.4,4909.0,0.0033919338159253964,0.0002037489812551918,-0.0031881848346702046,short_IM_long_IC
2024-06-28,2024-07-01,0.006558560699642335,0.002989071907813168,1,4851.4,4909.0,4893.2,4968.2,0.00861606958816008,0.012059482583010706,-0.0034434129948506254,long_IM_short_IC
2024-07-01,2024-07-02,0.009040097717581741,0.012215611302437202,-1,4893.2,4968.2,4863.8,4924.6,-0.006008338101855526,-0.00877581417817308,-0.0027674760763175543,short_IM_long_IC
2024-07-02,2024-07-03,-0.007003171966843413,-0.010729956950414121,1,4863.8,4924.6,4832.2,4879.8,-0.006496977671779369,-0.009097185558217924,0.0026002078864385547,long_IM_short_IC
2024-07-03,2024-07-04,-0.007851579781573026,-0.007789226866005694,-1,4832.2,4879.8,4729.0,4803.8,-0.021356731923347527,-0.015574408787245364,0.005782323136102163,short_IM_long_IC
2024-07-04,2024-07-05,-0.02162764170427567,-0.015562507629673372,-1,4729.0,4803.8,4778.2,4842.0,0.010403890886022449,0.007952037969940484,-0.0024518529160819647,short_IM_long_IC
2024-07-05,2024-07-08,0.010274518319281167,0.006570795703264354,1,4778.2,4842.0,4663.0,4762.4,-0.02410949730023859,-0.016439487814952525,-0.007670009485286067,long_IM_short_IC
2024-07-08,2024-07-09,-0.02428478592691319,-0.016983909650455264,-1,4663.0,4762.4,4766.6,4854.8,0.022217456573021765,0.01940198219385203,-0.0028154743791697356,short_IM_long_IC
2024-07-09,2024-07-10,0.021964076083399675,0.019500413546947204,1,4766.6,4854.8,4758.0,4831.4,-0.0018042210380565527,-0.004819971986487759,0.003015750948431206,long_IM_short_IC
2024-07-10,2024-07-11,-0.004040326004446815,-0.006712585189892262,1,4758.0,4831.4,4881.4,4925.4,0.02593526691887349,0.019456058285383104,0.006479208633490385,long_IM_short_IC
2024-07-11,2024-07-12,0.024261243690637535,0.019728777053386937,1,4881.4,4925.4,4864.2,4908.0,-0.0035235793010202077,-0.003532708003410767,9.128702390559518e-06,long_IM_short_IC
2024-07-12,2024-07-15,-0.003182670929273046,-0.004123280539238827,1,4864.2,4908.0,4808.8,4862.6,-0.01138933432013478,-0.009250203748981223,-0.002139130571153558,long_IM_short_IC
2024-07-15,2024-07-16,-0.010335588039367405,-0.007209631310259423,-1,4808.8,4862.6,4816.6,4881.2,0.0016220262851438516,0.0038251141364700203,0.0022030878513261687,short_IM_long_IC
2024-07-16,2024-07-17,0.001888328705121456,0.002961876489985915,-1,4816.6,4881.2,4789.6,4851.2,-0.00560561391853176,-0.006146029664836461,-0.000540415746304701,short_IM_long_IC
2024-07-17,2024-07-18,-0.008496421871490356,-0.008530034097516737,1,4789.6,4851.2,4809.2,4879.2,0.004092199766159821,0.005771767810026418,-0.0016795680438665972,long_IM_short_IC
2024-07-18,2024-07-19,0.0035037570504907745,0.004347133704845962,-1,4809.2,4879.2,4757.0,4846.2,-0.010854196124095439,-0.006763403836694493,0.004090792287400946,short_IM_long_IC
2024-07-19,2024-07-22,0.0018694104468675032,-0.0011559566414571787,1,4757.0,4846.2,4766.2,4834.4,0.0019339920117720233,-0.002434897445421247,0.00436888945719327,long_IM_short_IC
2024-07-22,2024-07-23,0.0011300813761878636,-0.001246989667518572,1,4766.2,4834.4,4625.0,4691.0,-0.029625277999244637,-0.02966241932814817,3.714132890353383e-05,long_IM_short_IC
2024-07-23,2024-07-24,-0.027330084396490872,-0.029424384139196014,1,4625.0,4691.0,4570.2,4631.4,-0.011848648648648652,-0.012705180132168037,0.0008565314835193849,long_IM_short_IC
2024-07-24,2024-07-25,-0.013619179320770725,-0.011590011635895348,-1,4570.2,4631.4,4579.2,4627.2,0.001969279243796862,-0.0009068532193289291,-0.002876132463125791,short_IM_long_IC
2024-07-25,2024-07-26,0.000335909365451581,-0.0005598254573347949,1,4579.2,4627.2,4664.6,4709.4,0.01864954577218736,0.01776452282157681,0.0008850229506105478,long_IM_short_IC
2024-07-26,2024-07-29,0.015005353295830526,0.01520288894821853,-1,4664.6,4709.4,4638.6,4679.4,-0.005573897011533657,-0.006370238246910409,-0.0007963412353767518,short_IM_long_IC
2024-07-29,2024-07-30,-0.0034951128011433408,-0.005813050654264851,1,4638.6,4679.4,4656.0,4673.0,0.003751131807010699,-0.0013676967132537632,0.005118828520264462,long_IM_short_IC
2024-07-30,2024-07-31,0.00359517152566613,-0.0020307105928305536,1,4656.0,4673.0,4895.0,4890.2,0.051331615120274954,0.046479777444896175,0.004851837675378778,long_IM_short_IC
2024-07-31,2024-08-01,0.0396788179134151,0.039821317384230115,-1,4895.0,4890.2,4859.4,4841.0,-0.0072727272727273196,-0.01006093820293641,-0.0027882109302090896,short_IM_long_IC
2024-08-01,2024-08-02,-0.002207306580151336,-0.0068436900224737585,1,4859.4,4841.0,4792.8,4777.8,-0.013705395727867553,-0.013055153893823501,-0.0006502418340440519,long_IM_short_IC
2024-08-02,2024-08-05,-0.01402128902162203,-0.013261274404501533,-1,4792.8,4777.8,4670.6,4689.8,-0.025496578200634223,-0.01841851898363267,0.007078059217001553,short_IM_long_IC
2024-08-05,2024-08-06,-0.02725921477066906,-0.01979029055138881,-1,4670.6,4689.8,4729.8,4738.2,0.012675031045261909,0.010320269521088221,-0.0023547615241736874,short_IM_long_IC
2024-08-06,2024-08-07,0.015211523408700467,0.012128258611197484,1,4729.8,4738.2,4719.0,4735.6,-0.0022833946467081256,-0.000548731585834128,-0.0017346630608739977,long_IM_short_IC
2024-08-07,2024-08-08,-0.0013761417865203462,0.00024518099779924363,-1,4719.0,4735.6,4735.0,4752.4,0.0033905488450942656,0.0035475969254159523,0.0001570480803216867,short_IM_long_IC
2024-08-08,2024-08-09,-0.0008257139905679667,0.0008152668905303528,-1,4735.0,4752.4,4687.0,4707.8,-0.010137275607180585,-0.009384731924922063,0.0007525436822585219,short_IM_long_IC
2024-08-09,2024-08-12,-0.007753571463008591,-0.007465492401733331,-1,4687.0,4707.8,4678.4,4717.6,-0.0018348623853211565,0.0020816517269213186,0.003916514112242475,short_IM_long_IC
2024-08-12,2024-08-13,-0.006090825288794455,-0.0013032617516002265,-1,4678.4,4717.6,4689.8,4729.2,0.002436730506156115,0.002458877395285608,2.214688912949292e-05,short_IM_long_IC
2024-08-13,2024-08-14,0.005024302316742446,0.0037497041359617622,1,4689.8,4729.2,4641.6,4653.8,-0.010277623779265554,-0.015943499957709495,0.00566587617844394,long_IM_short_IC
2024-08-14,2024-08-15,-0.01028345240655315,-0.01368648650979043,1,4641.6,4653.8,4637.4,4661.2,-0.0009048603929681098,0.0015900984141989927,-0.0024949588071671025,long_IM_short_IC
2024-08-15,2024-08-16,0.009156668269209245,0.006706965871179582,1,4637.4,4661.2,4606.2,4642.8,-0.006727907879415129,-0.003947481335278447,-0.0027804265441366827,long_IM_short_IC
2024-08-16,2024-08-19,-0.007715378301818454,-0.005958677202224205,-1,4606.2,4642.8,4622.8,4662.0,0.003603838304893525,0.00413543551305251,0.0005315972081589848,short_IM_long_IC
2024-08-19,2024-08-20,0.0017100079389544831,0.0026944066572416325,-1,4622.8,4662.0,4537.0,4572.0,-0.01856017997750281,-0.019305019305019266,-0.0007448393275164555,short_IM_long_IC
2024-08-20,2024-08-21,-0.018077832845489028,-0.01728676982016597,-1,4537.0,4572.0,4522.0,4570.6,-0.0033061494379545975,-0.00030621172353451076,0.0029999377144200867,short_IM_long_IC
2024-08-21,2024-08-22,-0.006778256984505626,-0.003235043300106266,-1,4522.0,4570.6,4473.2,4514.6,-0.010791685095090653,-0.012252220715004647,-0.001460535619913994,short_IM_long_IC
2024-08-22,2024-08-23,-0.012405875085010343,-0.011718088671637261,-1,4473.2,4514.6,4475.0,4518.6,0.00040239649467954663,0.0008860142648297042,0.0004836177701501576,short_IM_long_IC
2024-08-23,2024-08-26,0.0007802371910372585,0.0008200743398480981,-1,4475.0,4518.6,4489.2,4527.0,0.0031731843575417695,0.0018589828708006628,-0.0013142014867411067,short_IM_long_IC
2024-08-26,2024-08-27,0.003903839259105535,0.0016028345234362362,1,4489.2,4527.0,4442.2,4480.2,-0.010469571415842482,-0.010337972166998055,-0.0001315992488444273,long_IM_short_IC
2024-08-27,2024-08-28,-0.011791305488519366,-0.010798837785585436,-1,4442.2,4480.2,4450.2,4483.0,0.0018009094592770225,0.0006249720994597752,-0.0011759373598172473,short_IM_long_IC
2024-08-28,2024-08-29,0.0024373945566187327,0.0010507007608147045,1,4450.2,4483.0,4527.4,4547.2,0.01734753494224983,0.014320767343296792,0.0030267675989530396,long_IM_short_IC
2024-08-29,2024-08-30,0.016086074060550182,0.01286481928657568,1,4527.4,4547.2,4621.0,4628.4,0.02067411759508775,0.017857142857142794,0.002816974737944955,long_IM_short_IC
2024-08-30,2024-09-02,0.019120857256382573,0.01781824728691994,1,4621.0,4628.4,4515.6,4532.4,-0.022808915819086728,-0.020741508944775777,-0.002067406874310951,long_IM_short_IC
2024-09-02,2024-09-03,-0.020911280804878474,-0.01988120836166496,-1,4515.6,4532.4,4547.4,4576.0,0.007042253521126529,0.00961962757038215,0.0025773740492556207,short_IM_long_IC
2024-09-03,2024-09-04,0.008799199649554224,0.010908285482239766,-1,4547.4,4576.0,4536.2,4569.2,-0.002462945859172283,-0.001486013986014001,0.0009769318731582821,short_IM_long_IC
2024-09-04,2024-09-05,-0.0047299698604473805,-0.003132373914058073,-1,4536.2,4569.2,4577.2,4592.4,0.009038402186852368,0.005077475269193776,-0.0039609269176585915,short_IM_long_IC
2024-09-05,2024-09-06,0.007913298710765293,0.004148134342364607,1,4577.2,4592.4,4497.2,4524.2,-0.01747793410818843,-0.014850622768051491,-0.0026273113401369397,long_IM_short_IC
2024-09-06,2024-09-09,-0.017125996393156817,-0.013830784615414426,-1,4497.2,4524.2,4457.4,4494.6,-0.008849951080672436,-0.00654259316564243,0.002307357915030006,short_IM_long_IC
2024-09-09,2024-09-10,-0.007252649882555917,-0.006670656569022437,-1,4457.4,4494.6,4473.6,4493.0,0.0036344057073631753,-0.00035598273483739007,-0.003990388442200565,short_IM_long_IC
2024-09-10,2024-09-11,0.002691077026270472,0.00011554879933317608,1,4473.6,4493.0,4474.8,4509.2,0.00026824034334760327,0.0036056087246827406,-0.0033373683813351374,long_IM_short_IC
2024-09-11,2024-09-12,-0.00034960971687281184,0.0015991277517257707,-1,4474.8,4509.2,4468.4,4496.4,-0.0014302315187272319,-0.002838641000621034,-0.001408409481893802,short_IM_long_IC
2024-09-12,2024-09-13,-0.0038481218462762534,-0.0040585252996300225,1,4468.4,4496.4,4416.8,4444.8,-0.011547757586608087,-0.011475847344542212,-7.191024206587571e-05,long_IM_short_IC
2024-09-13,2024-09-18,-0.01243228550197295,-0.010148397056001457,-1,4416.8,4444.8,4405.0,4460.0,-0.002671617460604958,0.00341972642188626,0.006091343882491218,short_IM_long_IC
2024-09-18,2024-09-19,-0.003184546533625432,0.0026761425577819242,-1,4405.0,4460.0,4487.4,4530.0,0.018706015891032823,0.015695067264573925,-0.003010948626458898,short_IM_long_IC
2024-09-19,2024-09-20,0.018899495927970467,0.012889418403641217,1,4487.4,4530.0,4422.6,4474.8,-0.014440433212996262,-0.012185430463576119,-0.002255002749420143,long_IM_short_IC
2024-09-20,2024-09-23,-0.004220736498384059,-0.004867673146802587,1,4422.6,4474.8,4437.0,4478.4,0.0032560032560031704,0.0008045052292837696,0.002451498026719401,long_IM_short_IC
2024-09-23,2024-09-24,0.0012942054970697114,-0.0008230277760925553,1,4437.0,4478.4,4653.2,4705.6,0.04872661708361492,0.05073240443015381,-0.00200578734653889,long_IM_short_IC
2024-09-24,2024-09-25,0.038805091618897336,0.043364213194073464,-1,4653.2,4705.6,4676.4,4732.0,0.004985816212498939,0.005610336620197165,0.0006245204076982258,short_IM_long_IC
2024-09-25,2024-09-26,0.009413065560821998,0.008930214122477409,1,4676.4,4732.0,4937.4,4995.2,0.055812163202463516,0.0556213017751479,0.00019086142731561395,long_IM_short_IC
2024-09-26,2024-09-27,0.04009034158253,0.04368793624737166,-1,4937.4,4995.2,5362.2,5430.2,0.08603718556325202,0.08708360025624606,0.0010464146929940465,short_IM_long_IC
2024-09-27,2024-09-30,0.05381649381230358,0.05335599186575468,1,5362.2,5430.2,5813.4,5902.8,0.08414456752825328,0.08703178520128185,-0.002887217673028575,long_IM_short_IC
2024-09-30,2024-10-08,0.11143611350490001,0.10411115239703217,1,5813.4,5902.8,6219.8,6098.2,0.06990745518973407,0.033102934200718304,0.036804520989015765,long_IM_short_IC
2024-10-08,2024-10-09,0.08638547002082286,0.07180029937925037,1,6219.8,6098.2,5749.8,5790.8,-0.07556513071159843,-0.05040831720835648,-0.025156813503241948,long_IM_short_IC
2024-10-09,2024-10-10,-0.07652475286381677,-0.06822112360233967,-1,5749.8,5790.8,5664.0,5712.6,-0.014922258165501412,-0.013504179042619247,0.0014180791228821654,short_IM_long_IC
2024-10-10,2024-10-11,-0.012719637949638374,-0.007803626482201342,-1,5664.0,5712.6,5423.0,5485.0,-0.042549435028248594,-0.03984175331722861,0.0027076817110199825,short_IM_long_IC
2024-10-11,2024-10-14,-0.042049862395278303,-0.038670436720689816,-1,5423.0,5485.0,5613.0,5605.4,0.03503595795685044,0.02195077484047392,-0.01308518311637652,short_IM_long_IC
2024-10-14,2024-10-15,0.03673760479885613,0.02510407364842826,1,5613.0,5605.4,5481.4,5456.4,-0.02344557277748094,-0.026581510686124132,0.0031359379086431938,long_IM_short_IC
2024-10-15,2024-10-16,-0.01933497363480674,-0.0241778353764599,1,5481.4,5456.4,5527.2,5463.8,0.008355529609223922,0.0013562055567775122,0.0069993240524464095,long_IM_short_IC
2024-10-16,2024-10-17,0.0031011902688853343,-0.0020963315157805917,1,5527.2,5463.8,5490.0,5407.0,-0.006730351715154126,-0.010395695303634822,0.003665343588480696,long_IM_short_IC
2024-10-17,2024-10-18,-0.0033741565785184724,-0.007708977096266056,1,5490.0,5407.0,5728.0,5606.2,0.043351548269580986,0.0368411318660995,0.006510416403481489,long_IM_short_IC
2024-10-18,2024-10-21,0.04428555291798575,0.04078833312852881,1,5728.0,5606.2,5822.6,5682.4,0.016515363128491778,0.013592094466840177,0.0029232686616516013,long_IM_short_IC
2024-10-21,2024-10-22,0.019330076328729406,0.011383860744602403,1,5822.6,5682.4,5850.6,5741.4,0.0048088482808368305,0.010382936787272978,-0.005574088506436148,long_IM_short_IC
2024-10-22,2024-10-23,0.004819274353654812,0.008699639302446771,-1,5850.6,5741.4,5866.2,5755.8,0.002666393190441818,0.0025080990699133388,-0.00015829412052847935,short_IM_long_IC
2024-10-23,2024-10-24,0.002507040975375796,0.003916212827040022,-1,5866.2,5755.8,5832.0,5710.0,-0.005830009205277653,-0.007957191007331721,-0.002127181802054068,short_IM_long_IC
2024-10-24,2024-10-25,-0.007105250048093703,-0.0086003473107652,1,5832.0,5710.0,5979.4,5797.0,0.02527434842249643,0.015236427320490353,0.010037921102006075,long_IM_short_IC
2024-10-25,2024-10-28,0.019325113199277988,0.01449067361451406,1,5979.4,5797.0,6044.0,5857.8,0.010803759574539384,0.010488183543212015,0.0003155760313273692,long_IM_short_IC
2024-10-28,2024-10-29,0.017938199088100015,0.012742922042335625,1,6044.0,5857.8,5951.0,5800.8,-0.015387160820648615,-0.009730615589470415,-0.0056565452311782005,long_IM_short_IC
2024-10-29,2024-10-30,-0.01615420639199261,-0.012099776394877249,-1,5951.0,5800.8,5975.0,5814.4,0.004032935641068658,0.002344504206316378,-0.00168843143475228,short_IM_long_IC
2024-10-30,2024-10-31,0.005934453689275365,0.004370765590727688,1,5975.0,5814.4,6063.6,5859.6,0.014828451882845206,0.007773802971931865,0.0070546489109133415,long_IM_short_IC
2024-10-31,2024-11-01,0.01616720165269747,0.010852572531740545,1,6063.6,5859.6,5890.0,5821.0,-0.02862985685071584,-0.0065874803740870735,-0.022042376476628767,long_IM_short_IC
2024-11-01,2024-11-04,-0.030479248881972176,-0.011771781303966944,-1,5890.0,5821.0,6035.8,5917.4,0.024753820033955876,0.016560728397182478,-0.008193091636773397,short_IM_long_IC
2024-11-04,2024-11-05,0.020720892887848175,0.016647765482953547,1,6035.8,5917.4,6261.4,6093.8,0.037376983995493385,0.029810389698178286,0.007566594297315099,long_IM_short_IC
2024-11-05,2024-11-06,0.03525966711071371,0.03087620596607299,1,6261.4,6093.8,6268.2,6096.0,0.0010860191011594633,0.00036102267878823646,0.0007249964223712269,long_IM_short_IC
2024-11-06,2024-11-07,0.004252903550974185,0.00226049840193121,1,6268.2,6096.0,6389.0,6207.8,0.019271880284611242,0.018339895013123497,0.0009319852714877452,long_IM_short_IC
2024-11-07,2024-11-08,0.017594279203214658,0.01857279786492083,-1,6389.0,6207.8,6381.8,6174.0,-0.0011269369228360526,-0.005444763040046374,-0.004317826117210322,short_IM_long_IC
2024-11-08,2024-11-11,0.002998820643770106,-0.0027429499113063027,1,6381.8,6174.0,6490.4,6240.0,0.01701714249898134,0.010689990281826933,0.006327152217154408,long_IM_short_IC
2024-11-11,2024-11-12,0.024269149376385135,0.017383874023796153,1,6490.4,6240.0,6407.8,6184.0,-0.012726488352027499,-0.008974358974358942,-0.003752129377668556,long_IM_short_IC
2024-11-12,2024-11-13,-0.013228914510390877,-0.010541187213527148,-1,6407.8,6184.0,6397.4,6186.4,-0.0016230219420082515,0.0003880983182404929,0.0020111202602487444,short_IM_long_IC
2024-11-13,2024-11-14,-0.002707682532779754,-0.0006452547086208682,-1,6397.4,6186.4,6239.6,6057.4,-0.024666270672460522,-0.02085219190482346,0.0038140787676370635,short_IM_long_IC
2024-11-14,2024-11-15,-0.031231185015444196,-0.029000112654614996,-1,6239.6,6057.4,6103.0,5913.2,-0.02189242900185917,-0.023805593158780947,-0.001913164156921776,short_IM_long_IC
2024-11-15,2024-11-18,-0.023385527905870118,-0.025306676362790603,1,6103.0,5913.2,5954.2,5822.0,-0.02438145174504347,-0.015423121152675301,-0.008958330592368169,long_IM_short_IC
2024-11-18,2024-11-19,-0.024643651863519134,-0.015435539915598429,-1,5954.2,5822.0,6093.0,5890.2,0.023311276074031717,0.011714187564410894,-0.011597088509620823,short_IM_long_IC
2024-11-19,2024-11-20,0.026065059612112584,0.01775502560776321,1,6093.0,5890.2,6190.8,5943.8,0.016051206302314158,0.00909986078571201,0.006951345516602148,long_IM_short_IC
2024-11-20,2024-11-21,0.01965946182467726,0.009397447344242416,1,6190.8,5943.8,6187.2,5933.4,-0.0005815080441946563,-0.0017497223998116374,0.001168214355616981,long_IM_short_IC
2024-11-21,2024-11-22,0.0018176065029982258,-0.0011810979471564842,1,6187.2,5933.4,5951.2,5709.0,-0.03814326351176622,-0.03781979977753058,-0.00032346373423564057,long_IM_short_IC
2024-11-22,2024-11-25,-0.03699618617486311,-0.03927398748483113,1,5951.2,5709.0,5992.8,5688.8,0.006990186853071734,-0.0035382729024346915,0.010528459755506425,long_IM_short_IC
2024-11-25,2024-11-26,0.003588515437274342,-0.002538395881066524,1,5992.8,5688.8,5914.0,5652.8,-0.013149112268055041,-0.006328223878498074,-0.006820888389556967,long_IM_short_IC
2024-11-26,2024-11-27,-0.011658509509224424,-0.007875324594898148,-1,5914.0,5652.8,6086.8,5767.6,0.029218802840716984,0.020308519671667247,-0.008910283169049737,short_IM_long_IC
2024-11-27,2024-11-28,0.022919350988442,0.020113877228476795,1,6086.8,5767.6,6036.8,5723.6,-0.008214496944207172,-0.0076288230806574875,-0.000585673863549685,long_IM_short_IC
2024-11-28,2024-11-29,-0.005324430648548706,-0.008155179226068565,1,6036.8,5723.6,6156.0,5822.4,0.019745560561887032,0.017261863163044122,0.00248369739884291,long_IM_short_IC
2024-11-29,2024-12-02,0.016930817859730052,0.016385656757989198,1,6156.0,5822.4,6266.8,5912.0,0.017998700454840755,0.015388843088760762,0.002609857366079993,long_IM_short_IC
2024-12-02,2024-12-03,0.020112705383550367,0.015667628769509445,1,6266.8,5912.0,6265.4,5903.2,-0.00022339950213834392,-0.001488497970230096,0.001265098468091752,long_IM_short_IC
2024-12-03,2024-12-04,-0.0016364494740461755,-0.0019354856619895333,1,6265.4,5903.2,6171.8,5860.0,-0.014939189836243427,-0.007318064778425226,-0.007621125057818201,long_IM_short_IC
2024-12-04,2024-12-05,-0.01559998374178706,-0.008909326474088819,-1,6171.8,5860.0,6255.6,5878.0,0.013577886516089377,0.0030716723549488734,-0.010506214161140504,short_IM_long_IC
2024-12-05,2024-12-06,0.012998649077426094,0.0038638133530022323,1,6255.6,5878.0,6333.6,5963.4,0.012468827930174564,0.014528751275944218,-0.002059923345769654,long_IM_short_IC
2024-12-06,2024-12-09,0.010185247688418997,0.013082223730829456,-1,6333.6,5963.4,6264.0,5922.6,-0.010989010989011061,-0.006841734580943615,0.004147276408067446,short_IM_long_IC
2024-12-09,2024-12-10,-0.00729949067354585,-0.005366623645282176,-1,6264.0,5922.6,6358.2,5991.4,0.015038314176245127,0.011616519771721734,-0.003421794404523393,short_IM_long_IC
2024-12-10,2024-12-11,0.009320270340225312,0.007564146000420546,1,6358.2,5991.4,6430.2,6036.4,0.011323959611210688,0.007510765430450261,0.0038131941807604264,long_IM_short_IC
2024-12-11,2024-12-12,0.013416194223712097,0.009180647492211147,1,6430.2,6036.4,6477.8,6093.0,0.007402569126932379,0.009376449539460596,-0.0019738804125282172,long_IM_short_IC
2024-12-12,2024-12-13,0.006633878746052035,0.00881239866018535,-1,6477.8,6093.0,6359.0,5998.2,-0.01833955972706791,-0.015558838010832132,0.002780721716235779,short_IM_long_IC
2024-12-13,2024-12-16,-0.02082498766784191,-0.018376270583812193,-1,6359.0,5998.2,6263.4,5908.0,-0.015033810347539034,-0.015037844686739299,-4.03433920026508e-06,short_IM_long_IC
2024-12-16,2024-12-17,-0.01219075415134907,-0.012639764393586828,1,6263.4,5908.0,6143.6,5850.8,-0.019126991729731313,-0.00968178740690584,-0.009445204322825473,long_IM_short_IC
2024-12-17,2024-12-18,-0.021277937920733736,-0.010898519220321479,-1,6143.6,5850.8,6189.8,5888.6,0.007520020834689722,0.006460654953168721,-0.0010593658815210016,short_IM_long_IC
2024-12-18,2024-12-19,0.008451265731020063,0.00691728349286036,1,6189.8,5888.6,6218.0,5911.6,0.00455588225790815,0.0039058519851917772,0.0006500302727163731,long_IM_short_IC
2024-12-19,2024-12-20,0.0018267820663764311,0.002258476278348631,-1,6218.0,5911.6,6141.2,5895.6,-0.012351238340302384,-0.0027065430678665514,0.009644695272435833,short_IM_long_IC
2024-12-20,2024-12-23,0.010401975697136301,0.0025855334594337975,1,6141.2,5895.6,5987.0,5803.0,-0.025109099198853624,-0.01570662867223016,-0.009402470526623463,long_IM_short_IC
2024-12-23,2024-12-24,-0.027962181292465416,-0.01666742969968893,-1,5987.0,5803.0,6053.4,5879.2,0.011090696509103104,0.013131139066000275,0.0020404425568971707,short_IM_long_IC
2024-12-24,2024-12-25,0.011150746099165332,0.013183436907229895,-1,6053.4,5879.2,6001.8,5828.4,-0.008524135196748883,-0.008640631378418862,-0.00011649618166997833,short_IM_long_IC
2024-12-25,2024-12-26,-0.011302697173534826,-0.009324542880597586,-1,6001.8,5828.4,6052.8,5870.0,0.008497450764770598,0.0071374648273969665,-0.0013599859373736312,short_IM_long_IC
2024-12-26,2024-12-27,0.010790579453256788,0.00800843944552132,1,6052.8,5870.0,6067.4,5887.8,0.002412106793550084,0.0030323679727428665,-0.0006202611791927826,long_IM_short_IC
2024-12-27,2024-12-30,0.0018040072969973675,0.0020563743144819124,-1,6067.4,5887.8,6057.8,5889.2,-0.0015822263242903922,0.0002377798158903488,0.001820006140180741,short_IM_long_IC
2024-12-30,2024-12-31,-0.004154100095157487,-4.788812114397967e-05,-1,6057.8,5889.2,5848.6,5693.0,-0.03453398923701667,-0.03331522108265972,0.0012187681543569528,short_IM_long_IC
2024-12-31,2025-01-02,-0.030623658461342185,-0.029353281061299086,-1,5848.6,5693.0,5699.4,5534.6,-0.02551037855213223,-0.027823643070437276,-0.002313264518305047,short_IM_long_IC
2025-01-02,2025-01-03,-0.026961367014869397,-0.031422181029626906,1,5699.4,5534.6,5553.4,5428.8,-0.025616731585780927,-0.019116105951649698,-0.00650062563413123,long_IM_short_IC
2025-01-03,2025-01-06,-0.029649363672008544,-0.02127969449553091,-1,5553.4,5428.8,5527.2,5418.0,-0.00471783051824104,-0.0019893899204244114,0.002728440597816628,short_IM_long_IC
2025-01-06,2025-01-07,-0.0030531487807831104,-0.00012959200204010202,-1,5527.2,5418.0,5599.0,5468.8,0.012990302503980367,0.009376153562200118,-0.0036141489417802486,short_IM_long_IC
2025-01-07,2025-01-08,0.014979687000493458,0.010610453570540912,1,5599.0,5468.8,5565.4,5448.2,-0.006001071619932241,-0.003766822703335393,-0.002234248916596848,long_IM_short_IC
2025-01-08,2025-01-09,-0.005316493679507928,-0.004211472721485587,-1,5565.4,5448.2,5561.2,5437.2,-0.0007546627376289194,-0.0020190154546455563,-0.0012643527170166369,short_IM_long_IC
2025-01-09,2025-01-10,0.001942905121716798,-0.0009154483529977275,1,5561.2,5437.2,5456.0,5365.6,-0.018916780550960244,-0.013168542632237101,-0.0057482379187231425,long_IM_short_IC
2025-01-10,2025-01-13,-0.02253988503272719,-0.015999966865730686,-1,5456.0,5365.6,5480.8,5385.6,0.00454545454545463,0.0037274489339496064,-0.0008180056115050238,short_IM_long_IC
2025-01-13,2025-01-14,0.002625233732133525,0.0023124697270924255,1,5480.8,5385.6,5747.6,5569.0,0.04867902495985987,0.0340537730243613,0.014625251935498573,long_IM_short_IC
2025-01-14,2025-01-15,0.04525285447495242,0.03541165283651959,1,5747.6,5569.0,5702.4,5526.0,-0.007864151993875801,-0.007721314419105729,-0.00014283757477007164,long_IM_short_IC
2025-01-15,2025-01-16,-0.006106223922009435,-0.008939477149016661,1,5702.4,5526.0,5720.4,5545.0,0.0031565656565657463,0.0034382917119073486,-0.00028172605534160233,long_IM_short_IC
2025-01-16,2025-01-17,0.0044556980505598975,0.004196427714538098,1,5720.4,5545.0,5778.0,5550.8,0.010069225928256875,0.0010459873760144678,0.009023238552242407,long_IM_short_IC
2025-01-17,2025-01-20,0.006940972644241761,0.0075122705546215585,-1,5778.0,5550.8,5816.4,5579.6,0.006645898234683312,0.005188441305757685,-0.0014574569289256267,short_IM_long_IC
2025-01-20,2025-01-21,0.006432806321065909,0.004839050976001236,1,5816.4,5579.6,5845.6,5595.0,0.005020287463035622,0.0027600544841923647,0.0022602329788432574,long_IM_short_IC
2025-01-21,2025-01-22,0.004911237586320949,0.0034899616091397245,1,5845.6,5595.0,5806.6,5572.6,-0.0066716846859176115,-0.004003574620196515,-0.0026681100657210965,long_IM_short_IC
2025-01-22,2025-01-23,-0.00884967720337737,-0.004768522917300455,-1,5806.6,5572.6,5776.2,5540.2,-0.005235421761443981,-0.005814162150522328,-0.0005787403890783471,short_IM_long_IC
2025-01-23,2025-01-24,-0.00456072216193093,-0.004067122955751179,-1,5776.2,5540.2,5920.0,5638.6,0.024895259859423202,0.017761091657340966,-0.007134168202082236,short_IM_long_IC
2025-01-24,2025-01-27,0.018716175027936544,0.01176443453117515,1,5920.0,5638.6,5790.6,5532.8,-0.021858108108108065,-0.018763522860284487,-0.003094585247823578,long_IM_short_IC
2025-01-27,2025-02-05,-0.015503449478144748,-0.01072703222315008,-1,5790.6,5532.8,5832.2,5567.8,0.007184056919835591,0.0063259109311741835,-0.0008581459886614073,short_IM_long_IC
2025-02-05,2025-02-06,0.006049877690453398,0.0044806695713370814,1,5832.2,5567.8,5988.6,5712.8,0.026816638661225634,0.026042602104960677,0.0007740365562649565,long_IM_short_IC
2025-02-06,2025-02-07,0.027271755339503212,0.02378068972514047,1,5988.6,5712.8,6095.4,5807.6,0.017833884380322518,0.016594314521775733,0.0012395698585467851,long_IM_short_IC
2025-02-07,2025-02-10,0.015263710419570087,0.014977136350221132,1,6095.4,5807.6,6143.6,5844.0,0.007907602454309881,0.006267649287140964,0.0016399531671689171,long_IM_short_IC
2025-02-10,2025-02-11,0.012470153305615295,0.009352538468409444,1,6143.6,5844.0,6133.2,5822.8,-0.0016928185428739528,-0.0036276522929500343,0.0019348337500760815,long_IM_short_IC
2025-02-11,2025-02-12,-0.0032804195301892047,-0.005140551642340396,1,6133.2,5822.8,6223.0,5902.6,0.014641622643970509,0.013704746857182037,0.0009368757867884714,long_IM_short_IC
2025-02-12,2025-02-13,0.015255920354676933,0.014039853503088562,1,6223.0,5902.6,6175.0,5873.0,-0.0077133215490921,-0.005014739267441559,-0.002698582281650541,long_IM_short_IC
2025-02-13,2025-02-14,-0.011474680523966274,-0.007115324846694304,-1,6175.0,5873.0,6205.2,5925.0,0.0048906882591093215,0.008854077983994513,0.003963389724885191,short_IM_long_IC
2025-02-14,2025-02-17,0.005849129773394912,0.008398220960411651,-1,6205.2,5925.0,6219.2,5909.4,0.0022561722426353015,-0.0026329113924051795,-0.004889083635040481,short_IM_long_IC
2025-02-17,2025-02-18,0.005237984779401739,0.00015530122418438985,1,6219.2,5909.4,6110.2,5822.6,-0.017526369951119114,-0.014688462449656381,-0.002837907501462733,long_IM_short_IC
2025-02-18,2025-02-19,-0.022196344739396134,-0.01815659594786423,-1,6110.2,5822.6,6240.0,5913.4,0.02124316716310437,0.01559440799642764,-0.005648759166676731,short_IM_long_IC
2025-02-19,2025-02-20,0.023833883250425236,0.01766413309392889,1,6240.0,5913.4,6254.4,5918.0,0.002307692307692344,0.0007778942740217509,0.001529798033670593,long_IM_short_IC
2025-02-20,2025-02-21,0.007296666676738006,0.0022988678628443893,1,6254.4,5918.0,6399.0,6028.8,0.023119723714505103,0.01872254139912144,0.004397182315383663,long_IM_short_IC
2025-02-21,2025-02-24,0.018125369538901204,0.016704577966785372,1,6399.0,6028.8,6366.6,5994.4,-0.005063291139240422,-0.005705944798301554,0.000642653659061132,long_IM_short_IC
2025-02-24,2025-02-25,0.002294166096999062,-0.0019963134619263023,1,6366.6,5994.4,6355.4,5950.4,-0.001759180724405618,-0.007340184171893749,0.005581003447488131,long_IM_short_IC
2025-02-25,2025-02-26,-0.004423730823379657,-0.010754009984825452,1,6355.4,5950.4,6420.8,5997.0,0.010290461654655969,0.007831406292013954,0.0024590553626420153,long_IM_short_IC
2025-02-26,2025-02-27,0.013826165791853251,0.012002544563260331,1,6420.8,5997.0,6415.0,5982.4,-0.0009033142287565576,-0.002434550608637731,0.0015312363798811734,long_IM_short_IC
2025-02-27,2025-02-28,-0.0038126997528679096,-0.003759992931619771,-1,6415.0,5982.4,6230.4,5838.4,-0.028776305533904978,-0.024070607114201614,0.0047056984197033636,short_IM_long_IC
2025-02-28,2025-03-03,-0.03525047141484894,-0.028050290914610976,-1,6230.4,5838.4,6215.4,5847.2,-0.0024075500770416314,0.0015072622636338462,0.0039148123406754776,short_IM_long_IC
2025-03-03,2025-03-04,0.0005185140271177779,0.00441968788799918,-1,6215.4,5847.2,6279.2,5896.4,0.01026482607716317,0.008414283759748287,-0.0018505423174148827,short_IM_long_IC
2025-03-04,2025-03-05,0.013382565761070664,0.008811184182269116,1,6279.2,5896.4,6313.0,5905.8,0.005382851318639359,0.0015941930669562954,0.0037886582516830636,long_IM_short_IC
2025-03-05,2025-03-06,0.006387492617725865,0.002201753824278452,1,6313.0,5905.8,6475.8,6020.0,0.02578805639157289,0.01933692302482304,0.0064511333667498505,long_IM_short_IC
2025-03-06,2025-03-07,0.02137059005472919,0.016312357292080693,1,6475.8,6020.0,6452.8,5992.4,-0.0035516847339325253,-0.004584717607973521,0.0010330328740409955,long_IM_short_IC
2025-03-07,2025-03-10,-0.004163231877184481,-0.005621688802030844,1,6452.8,5992.4,6427.4,5961.2,-0.003936275725266669,-0.005206595020359139,0.0012703192950924702,long_IM_short_IC
2025-03-10,2025-03-11,0.0020295755938923854,-2.5873932390618748e-05,1,6427.4,5961.2,6490.0,6011.0,0.009739552540685148,0.008354022679997408,0.0013855298606877398,long_IM_short_IC
2025-03-11,2025-03-12,0.004717333189182993,0.0052140149681245695,-1,6490.0,6011.0,6513.8,6019.0,0.003667180277349802,0.0013308933621694052,-0.0023362869151803967,short_IM_long_IC
2025-03-12,2025-03-13,0.002325155411908364,-0.0007407310357089303,1,6513.8,6019.0,6426.0,5967.8,-0.013479075194203105,-0.00850639641136397,-0.004972678782839135,long_IM_short_IC
2025-03-13,2025-03-14,-0.015245544294498425,-0.007702926406794597,-1,6426.0,5967.8,6562.8,6096.2,0.02128851540616239,0.021515466336003097,0.00022695092984070797,short_IM_long_IC
2025-03-14,2025-03-17,0.01613146825450995,0.017686767377931734,-1,6562.8,6096.2,6543.4,6083.0,-0.002956055342232089,-0.0021652832912305575,0.0007907720510015315,short_IM_long_IC
2025-03-17,2025-03-18,0.0027993185445631674,0.001317495928552903,1,6543.4,6083.0,6577.0,6112.4,0.005134945135556457,0.004833141542002206,0.0003018035935542507,long_IM_short_IC
2025-03-18,2025-03-19,0.003393364858426562,0.004139510010580105,-1,6577.0,6112.4,6550.0,6099.4,-0.004105215143682561,-0.002126824160722518,0.0019783909829600432,short_IM_long_IC
2025-03-19,2025-03-20,-0.007146117161045851,-0.005195390841520431,-1,6550.0,6099.4,6534.2,6056.6,-0.00241221374045808,-0.007017083647571809,-0.004604869907113729,short_IM_long_IC
2025-03-20,2025-03-21,-0.004511158942526516,-0.006875593517979395,1,6534.2,6056.6,6177.4,5913.6,-0.054605001377368345,-0.02361060661096981,-0.030994394766398536,long_IM_short_IC
2025-03-21,2025-03-24,-0.019808747350293032,-0.014449361124843962,-1,6177.4,5913.6,6142.8,5903.8,-0.005601061935441964,-0.0016571969696970168,0.003943864965744948,short_IM_long_IC
2025-03-24,2025-03-25,-0.007067210294224857,-0.00047745032251034214,-1,6142.8,5903.8,6115.6,5895.2,-0.004427948166959683,-0.0014566889122260562,0.002971259254733627,short_IM_long_IC
2025-03-25,2025-03-26,-0.007794723339684895,-0.0037070878724689837,-1,6115.6,5895.2,6129.4,5895.8,0.0022565242985150835,0.00010177771746522346,-0.00215474658104986,short_IM_long_IC
2025-03-26,2025-03-27,0.00382578077985829,0.0002602341939592634,1,6129.4,5895.8,6143.4,5922.2,0.0022840734819069564,0.004477763831880255,-0.0021936903499732985,long_IM_short_IC
2025-03-27,2025-03-28,-0.0009694221748487442,0.001530318927871921,-1,6143.4,5922.2,6078.4,5869.6,-0.010580460331412578,-0.008881834453412507,0.0016986258780000707,short_IM_long_IC
2025-03-28,2025-03-31,-0.009550850074813155,-0.006977690368256795,-1,6078.4,5869.6,6049.0,5819.6,-0.0048367991576729885,-0.008518468038707927,-0.0036816688810349385,short_IM_long_IC
2025-03-31,2025-04-01,-0.006648127519434444,-0.00984769959131715,1,6049.0,5819.6,6064.2,5850.6,0.0025128120350470518,0.005326826586019573,-0.002814014550972521,long_IM_short_IC
2025-04-01,2025-04-02,0.005273302069003893,0.005988300569084837,-1,6064.2,5850.6,6100.0,5868.6,0.005903499224959585,0.003076607527433106,-0.002826891697526479,short_IM_long_IC
2025-04-02,2025-04-03,0.0028388123634093265,0.0010582824589704387,1,6100.0,5868.6,6031.8,5822.4,-0.01118032786885248,-0.007872405684490436,-0.0033079221843620443,long_IM_short_IC
2025-04-03,2025-04-07,-0.011788006069470058,-0.009083101256440407,-1,6031.8,5822.4,5432.6,5236.2,-0.09934016379853439,-0.10068013190436931,-0.001339968105834921,short_IM_long_IC
2025-04-07,2025-04-08,-0.11394244990978131,-0.09553858011742189,-1,5432.6,5236.2,5313.6,5271.0,-0.021904796966461748,0.006646041022115412,0.02855083798857716,short_IM_long_IC
2025-04-08,2025-04-09,0.006108714641926527,0.007543114963924902,-1,5313.6,5271.0,5429.6,5387.2,0.02183077386329413,0.02204515272244345,0.0002143788591493223,short_IM_long_IC
2025-04-09,2025-04-10,0.02211771825951625,0.021186300360771737,1,5429.6,5387.2,5578.2,5509.0,0.027368498600265134,0.022609147609147673,0.004759350991117461,long_IM_short_IC
2025-04-10,2025-04-11,0.02339831414310667,0.019172312308112227,1,5578.2,5509.0,5672.2,5555.8,0.01685131404395679,0.008495189689598837,0.008356124354357952,long_IM_short_IC
2025-04-11,2025-04-14,0.013415360993985326,0.0067195825964943,1,5672.2,5555.8,5693.0,5584.8,0.003667007510313569,0.0052197703301055665,-0.0015527628197919974,long_IM_short_IC
2025-04-14,2025-04-15,0.013022203520064668,0.008209368596495015,1,5693.0,5584.8,5680.4,5580.0,-0.0022132443351484676,-0.0008594757198109315,-0.0013537686153375361,long_IM_short_IC
2025-04-15,2025-04-16,-0.004125198605674396,-0.004372294083803685,1,5680.4,5580.0,5603.0,5540.4,-0.013625800999929494,-0.007096774193548483,-0.006529026806381011,long_IM_short_IC
2025-04-16,2025-04-17,-0.01330406146497154,-0.008151632814722753,-1,5603.0,5540.4,5653.8,5551.2,0.009066571479564578,0.0019493177387914784,-0.0071172537407731,short_IM_long_IC
2025-04-17,2025-04-18,0.0007224761916513334,2.6327798329228713e-05,1,5653.8,5551.2,5642.0,5400.0,-0.002087091867416624,-0.027237354085603127,0.025150262218186503,long_IM_short_IC
2025-04-18,2025-04-21,-0.0013489020986653388,0.0006676611462224091,-1,5642.0,5400.0,5770.0,5499.8,0.02268699042892597,0.018481481481481543,-0.004205508947444425,short_IM_long_IC
2025-04-21,2025-04-22,0.020740225268266688,0.014685110870610751,1,5770.0,5499.8,5769.6,5486.0,-6.932409012128105e-05,-0.002509182152078293,0.002439858061957012,long_IM_short_IC
2025-04-22,2025-04-23,-0.0005585927340375774,-0.0032205378563179288,1,5769.6,5486.0,5820.0,5495.0,0.008735440931780358,0.0016405395552314683,0.00709490137654889,long_IM_short_IC
2025-04-23,2025-04-24,0.0059285843844507635,0.00190954852495695,1,5820.0,5495.0,5767.4,5478.0,-0.009037800687285324,-0.00309372156505916,-0.005944079122226165,long_IM_short_IC
2025-04-24,2025-04-25,-0.010711806785277722,-0.005158715996828822,-1,5767.4,5478.0,5786.6,5498.6,0.0033290564205710194,0.003760496531580948,0.00043144011100992863,short_IM_long_IC
2025-04-25,2025-04-28,0.0032133387346993114,0.0037997248460348576,-1,5786.6,5498.6,5729.0,5471.0,-0.009954031728476198,-0.0050194594987815755,0.004934572229694623,short_IM_long_IC
2025-04-28,2025-04-29,-0.010513591703250613,-0.005133174689050279,-1,5729.0,5471.0,5773.6,5487.2,0.0077849537441090355,0.0029610674465363473,-0.004823886297572688,short_IM_long_IC
2025-04-29,2025-04-30,0.004479214986631286,0.0011808237832979795,1,5773.6,5487.2,5801.4,5497.0,0.004815020091450517,0.0017859746318704683,0.0030290454595800487,long_IM_short_IC
2025-04-30,2025-05-06,0.007916768105708627,0.0048027926678586574,1,5801.4,5497.0,5953.2,5622.0,0.026166097838452806,0.022739676187011115,0.003426421651441691,long_IM_short_IC
2025-05-06,2025-05-07,0.025681041661551163,0.019267094046194533,1,5953.2,5622.0,5955.2,5620.2,0.0003359537727609663,-0.0003201707577374924,0.0006561245304984586,long_IM_short_IC
2025-05-07,2025-05-08,0.001404654993056642,0.0017346203804384785,-1,5955.2,5620.2,6018.8,5660.0,0.010679742074153786,0.007081598519625754,-0.0035981435545280327,short_IM_long_IC
2025-05-08,2025-05-09,0.007622161688566331,0.004089271237068148,1,6018.8,5660.0,5945.2,5604.8,-0.012228351166345464,-0.009752650176678368,-0.0024757009896670956,long_IM_short_IC
2025-05-09,2025-05-12,-0.01234081598259884,-0.00902058427460739,-1,5945.2,5604.8,6037.0,5688.0,0.015441028056247141,0.014844419069369064,-0.0005966089868780777,short_IM_long_IC
2025-05-12,2025-05-13,0.014037775914782724,0.012575199164237771,1,6037.0,5688.0,5996.6,5654.6,-0.006692065595494401,-0.005872011251758069,-0.0008200543437363317,long_IM_short_IC
2025-05-13,2025-05-14,-0.0026673538862981294,-0.0020722600854520268,-1,5996.6,5654.6,6043.0,5697.8,0.007737718040222719,0.007639797686838978,-9.792035338374028e-05,short_IM_long_IC
2025-05-14,2025-05-15,0.0015216851060781966,0.003018298369001915,-1,6043.0,5697.8,5949.0,5623.0,-0.015555187820618932,-0.013127873916248367,0.002427313904370565,short_IM_long_IC
2025-05-15,2025-05-16,-0.01677399328809759,-0.014454350489197632,-1,5949.0,5623.0,5933.8,5601.8,-0.0025550512691208116,-0.0037702294149030147,-0.001215178145782203,short_IM_long_IC
2025-05-16,2025-05-19,0.0018294097226470019,9.667039852323533e-05,1,5933.8,5601.8,5975.4,5623.0,0.007010684552900326,0.0037844978399799167,0.003226186712920409,long_IM_short_IC
2025-05-19,2025-05-20,0.0044858070869271405,0.0008652782663558511,1,5975.4,5623.0,6019.4,5650.8,0.007363523780834713,0.004943980081806965,0.0024195436990277486,long_IM_short_IC
2025-05-20,2025-05-21,0.008314503501849035,0.0046448265432483815,1,6019.4,5650.8,6000.6,5655.6,-0.003123234873907532,0.0008494372478233814,-0.0039726721217309136,long_IM_short_IC
2025-05-21,2025-05-22,-0.002251165413383327,0.0018365801244291102,-1,6000.6,5655.6,5950.0,5614.8,-0.008432490084325006,-0.007214088690855158,0.0012184013934698479,short_IM_long_IC
2025-05-22,2025-05-23,-0.010775579043990735,-0.009490020054976345,-1,5950.0,5614.8,5872.0,5561.8,-0.013109243697479012,-0.009439338890076199,0.003669904807402813,short_IM_long_IC
2025-05-23,2025-05-26,-0.012599175902565984,-0.008808282714943827,-1,5872.0,5561.8,5925.0,5594.6,0.009025885558583191,0.005897371354597558,-0.003128514203985633,short_IM_long_IC
2025-05-26,2025-05-27,0.006529719674950085,0.002904152375545088,1,5925.0,5594.6,5915.0,5578.0,-0.0016877637130802148,-0.0029671468916455668,0.001279383178565352,long_IM_short_IC
2025-05-27,2025-05-28,-0.0033715244931314947,-0.0030541704591348084,-1,5915.0,5578.0,5899.0,5568.0,-0.0027049873203719432,-0.0017927572606668551,0.0009122300597050881,short_IM_long_IC
2025-05-28,2025-05-29,-0.003995067022083187,-0.0026375117667709613,-1,5899.0,5568.0,6031.0,5668.6,0.022376674012544395,0.01806752873563222,-0.004309145276912174,short_IM_long_IC
2025-05-29,2025-05-30,0.017565858161503245,0.014665391621407231,1,6031.0,5668.6,5966.0,5627.8,-0.01077764881445864,-0.007197544367215869,-0.003580104447242771,long_IM_short_IC
2025-05-30,2025-06-03,-0.010348418571809681,-0.008538211116290162,-1,5966.0,5627.8,5998.0,5638.4,0.00536372779081451,0.0018835068765767904,-0.0034802209142377194,short_IM_long_IC
2025-06-03,2025-06-04,0.007214148342629123,0.00419077711282223,1,5998.0,5638.4,6054.0,5688.8,0.009336445481827216,0.008938706015891196,0.00039773946593602005,long_IM_short_IC
2025-06-04,2025-06-05,0.008753686633333091,0.007755672087979226,1,6054.0,5688.8,6101.6,5723.6,0.007862570201519814,0.006117283082548219,0.0017452871189715946,long_IM_short_IC
2025-06-05,2025-06-06,0.0071601614326692875,0.0053949588271891,1,6101.6,5723.6,6100.2,5725.4,-0.00022944801363589118,0.00031448738556139055,-0.0005439353991972817,long_IM_short_IC
2025-06-06,2025-06-09,-0.002297756731542755,-0.0013673733864184578,-1,6100.2,5725.4,6167.8,5766.4,0.011081603881839985,0.007161071715513279,-0.003920532166326707,short_IM_long_IC
2025-06-09,2025-06-10,0.010746102705080585,0.0075626365197638545,1,6167.8,5766.4,6113.8,5718.2,-0.008755147702584343,-0.008358768035516051,-0.00039637966706829175,long_IM_short_IC
2025-06-10,2025-06-11,-0.00920921921444895,-0.008209617303600036,-1,6113.8,5718.2,6144.0,5761.2,0.004939644738133353,0.007519848903501103,0.00258020416536775,short_IM_long_IC
2025-06-11,2025-06-12,0.004028163108902083,0.006070571024229032,-1,6144.0,5761.2,6156.8,5780.0,0.002083333333333437,0.0032632090536695024,0.0011798757203360655,short_IM_long_IC
2025-06-12,2025-06-13,0.000922620018433129,0.0012058630475157983,-1,6156.8,5780.0,6084.2,5729.0,-0.011791839916839963,-0.008823529411764675,0.002968310505075289,short_IM_long_IC
2025-06-13,2025-06-16,-0.013922583499940244,-0.01029187946155019,-1,6084.2,5729.0,6127.4,5756.2,0.007100358305118126,0.004747774480712064,-0.0023525838244060626,short_IM_long_IC
2025-06-16,2025-06-17,0.006788674034393205,0.004802691427676642,1,6127.4,5756.2,6130.0,5748.4,0.00042432353037180626,-0.0013550606302769053,0.0017793841606487115,long_IM_short_IC
2025-06-17,2025-06-18,-0.0009746464393424192,-0.0029293796050745557,1,6130.0,5748.4,6124.2,5738.0,-0.000946166394779846,-0.0018091990814834702,0.0008630326867036242,long_IM_short_IC
2025-06-18,2025-06-19,-0.0009904146050804252,-0.0008765218150956766,-1,6124.2,5738.0,6050.4,5677.8,-0.012050553541687159,-0.01049146043917737,0.0015590931025097898,short_IM_long_IC
2025-06-19,2025-06-20,-0.01420636009556242,-0.012015531708558624,-1,6050.4,5677.8,5787.8,5588.4,-0.04340208911807475,-0.015745535242523645,0.027656553875551104,short_IM_long_IC
2025-06-20,2025-06-23,-0.008040855892199605,-0.006573860556760902,-1,5787.8,5588.4,5851.2,5625.8,0.01095407581464447,0.006692434328251506,-0.004261641486392964,short_IM_long_IC
2025-06-23,2025-06-24,0.013106059189297303,0.006145459723206681,1,5851.2,5625.8,5995.0,5726.4,0.024576155318567272,0.017881901240712317,0.006694254077854955,long_IM_short_IC
2025-06-24,2025-06-25,0.0191575089453786,0.016155119345728552,1,5995.0,5726.4,6119.6,5834.2,0.02078398665554637,0.018825090807488065,0.0019588958480583063,long_IM_short_IC
2025-06-25,2025-06-26,0.013156060391310787,0.016773903765893605,-1,6119.6,5834.2,6097.8,5809.2,-0.003562324334923872,-0.004285077645606927,-0.0007227533106830553,short_IM_long_IC
2025-06-26,2025-06-27,-0.004520659866822485,-0.004146231243388865,-1,6097.8,5809.2,6110.8,5827.0,0.0021319164288760017,0.0030641052124216195,0.0009321887835456177,short_IM_long_IC
2025-06-27,2025-06-30,0.00466505681768159,0.004364804535280431,1,6110.8,5827.0,6148.6,5863.0,0.006185769457354162,0.006178136262227518,7.633195126643955e-06,long_IM_short_IC
2025-06-30,2025-07-01,0.012624628256203918,0.008809992250323084,1,6148.6,5863.0,6133.4,5868.0,-0.0024721074716196334,0.0008528057308545556,-0.003324913202474189,long_IM_short_IC
2025-07-01,2025-07-02,0.0027668499638295874,0.0032597018663662602,-1,6133.4,5868.0,6117.0,5856.6,-0.0026738839795219516,-0.0019427402862984833,0.0007311436932234683,short_IM_long_IC
2025-07-02,2025-07-03,-0.010085745356369191,-0.0070297927264700855,-1,6117.0,5856.6,6135.8,5874.0,0.003073401994441838,0.0029710070689477064,-0.00010239492549413143,short_IM_long_IC
2025-07-03,2025-07-04,0.005254677177468636,0.005041532251119252,1,6135.8,5874.0,6112.2,5874.2,-0.0038462792137945456,3.4048348655169036e-05,-0.0038803275624497147,long_IM_short_IC
2025-07-04,2025-07-07,-0.004799485639886747,-0.001895229508362739,-1,6112.2,5874.2,6111.6,5859.2,-9.81643270834276e-05,-0.0025535392053386285,-0.002455374878255201,short_IM_long_IC
2025-07-07,2025-07-08,0.0023672266481686854,-0.001865807477683279,1,6111.6,5859.2,6235.8,5958.0,0.020322010602788154,0.01686237028945925,0.0034596403133289044,long_IM_short_IC
2025-07-08,2025-07-09,0.01273223174012772,0.013107251474373305,-1,6235.8,5958.0,6214.0,5930.0,-0.003495942782000716,-0.0046995636119503414,-0.0012036208299496254,short_IM_long_IC
2025-07-09,2025-07-10,-0.0026892810921663735,-0.0040578186716168085,1,6214.0,5930.0,6231.6,5958.8,0.0028323141293853382,0.004856661045531174,-0.002024346916145836,long_IM_short_IC
2025-07-10,2025-07-11,0.0025197225460336092,0.004965728404786596,-1,6231.6,5958.8,6319.8,6023.0,0.014153668399768948,0.010773981338524585,-0.003379687061244363,short_IM_long_IC
2025-07-11,2025-07-14,0.008511890071808637,0.00735885481829035,1,6319.8,6023.0,6302.2,6008.4,-0.0027848982562740376,-0.002424041175493996,-0.00036085708078004153,long_IM_short_IC
2025-07-14,2025-07-15,0.00018656266827155044,-0.0010320754221418982,1,6302.2,6008.4,6277.4,6008.2,-0.00393513376281307,-3.3286731908610534e-05,-0.0039018470309044595,long_IM_short_IC
2025-07-15,2025-07-16,-0.0030130270389121527,-0.0003488206872823696,-1,6277.4,6008.2,6298.0,6006.6,0.003281613406824535,-0.00026630271961647356,-0.0035479161264410086,short_IM_long_IC
2025-07-16,2025-07-17,0.0029845561751242755,-0.00025978780374025234,1,6298.0,6006.6,6390.4,5978.0,0.014671324229914129,-0.004761429094662595,0.019432753324576724,long_IM_short_IC
2025-07-17,2025-07-18,0.011390836022489914,0.01084719761519426,1,6390.4,5978.0,6413.6,6000.8,0.003630445668502791,0.0038139846102376307,-0.00018353894173483987,long_IM_short_IC
2025-07-18,2025-07-21,0.0025097345394342607,0.0028189231983009044,-1,6413.6,6000.8,6463.2,6055.6,0.007733566171884698,0.009132115717904288,0.0013985495460195896,short_IM_long_IC
2025-07-21,2025-07-22,0.009185610400834765,0.010115105056546003,-1,6463.2,6055.6,6515.4,6129.4,0.008076494615670171,0.01218706651694279,0.004110571901272619,short_IM_long_IC
2025-07-22,2025-07-23,0.0037573543891331607,0.008455768633306215,-1,6515.4,6129.4,6500.0,6120.0,-0.0023636307824538294,-0.001533592194994604,0.0008300385874592253,short_IM_long_IC
2025-07-23,2025-07-24,-0.0045024911845957805,-0.002679608701647518,-1,6500.0,6120.0,6618.6,6226.0,0.0182461538461538,0.017320261437908435,-0.0009258924082453657,short_IM_long_IC
2025-07-24,2025-07-25,0.014211725960388666,0.015627640241605567,-1,6618.6,6226.0,6605.8,6216.0,-0.0019339437343245391,-0.0016061676839062011,0.000327776050418338,short_IM_long_IC
2025-07-25,2025-07-28,0.0008192361873835541,0.0009521421004556885,-1,6605.8,6216.0,6602.0,6222.0,-0.0005752520512277703,0.0009652509652509078,0.0015405030164786782,short_IM_long_IC
2025-07-28,2025-07-29,0.0034845027065686374,0.0037826266429876743,-1,6602.0,6222.0,6662.0,6263.0,0.009088155104513884,0.006589521054323422,-0.0024986340501904625,short_IM_long_IC
2025-07-29,2025-07-30,0.006523839078844018,0.005173292464308643,1,6662.0,6263.0,6604.2,6215.4,-0.00867607325127595,-0.007600191601468964,-0.0010758816498069868,long_IM_short_IC
2025-07-30,2025-07-31,-0.008178822894864046,-0.006520537244290137,-1,6604.2,6215.4,6538.0,6124.0,-0.010023924169467846,-0.014705409145026827,-0.0046814849755589805,short_IM_long_IC
2025-07-31,2025-08-01,-0.008528072390877384,-0.01399025728479053,1,6538.0,6124.0,6542.8,6104.0,0.0007341694707863056,-0.003265839320705455,0.00400000879149176,long_IM_short_IC
2025-08-01,2025-08-04,0.0013940159787155793,-0.002110677098557723,1,6542.8,6104.0,6642.6,6169.0,0.015253408326710405,0.010648754914809988,0.004604653411900417,long_IM_short_IC
2025-08-04,2025-08-05,0.010377316627668831,0.007810772076372707,1,6642.6,6169.0,6682.0,6198.6,0.005931412398759495,0.004798184470740763,0.0011332279280187318,long_IM_short_IC
2025-08-05,2025-08-06,0.007090381675511237,0.006628294637938126,1,6682.0,6198.6,6762.6,6263.2,0.012062256809338479,0.010421708127641649,0.0016405486816968295,long_IM_short_IC
2025-08-06,2025-08-07,0.010877158160864653,0.008589397709198865,1,6762.6,6263.2,6750.0,6226.4,-0.0018631887143998327,-0.005875590752331128,0.004012402037931295,long_IM_short_IC
2025-08-07,2025-08-08,0.00012251306387001115,-0.003119903116016398,1,6750.0,6226.4,6735.0,6227.0,-0.0022222222222222365,9.636386997313728e-05,-0.002318586092195374,long_IM_short_IC
2025-08-08,2025-08-11,-0.003500331681776103,-0.0022157800125205407,-1,6735.0,6227.0,6851.2,6298.8,0.01725315515961401,0.011530431989722256,-0.0057227231698917524,short_IM_long_IC
2025-08-11,2025-08-12,0.015473046219844466,0.010794591773457762,1,6851.2,6298.8,6883.6,6342.6,0.004729098552078481,0.006953705467708238,-0.0022246069156297565,long_IM_short_IC
2025-08-12,2025-08-13,0.0028333207996167342,0.004130318107244069,-1,6883.6,6342.6,7001.8,6451.8,0.017171247602998374,0.01721691419922422,4.5666596225846234e-05,short_IM_long_IC
2025-08-13,2025-08-14,0.014464176703724574,0.014013098303337523,1,7001.8,6451.8,6929.2,6380.2,-0.010368762318261115,-0.011097678167333203,0.0007289158490720871,long_IM_short_IC
2025-08-14,2025-08-15,-0.012435199304494882,-0.012023728346553075,-1,6929.2,6380.2,7086.2,6531.0,0.02265773826704387,0.023635622707752102,0.000977884440708232,short_IM_long_IC
2025-08-15,2025-08-18,0.02021266432427482,0.02157497950728593,-1,7086.2,6531.0,7184.4,6608.0,0.013857921029606812,0.011789924973204746,-0.002067996056402066,short_IM_long_IC
2025-08-18,2025-08-19,0.016874026668546094,0.015163513519685479,1,7184.4,6608.0,7177.4,6600.0,-0.0009743332776571689,-0.001210653753026647,0.0002363204753694781,long_IM_short_IC
2025-08-19,2025-08-20,0.0007250467965782548,-0.0019288792854582626,1,7177.4,6600.0,7276.0,6695.2,0.013737565135007124,0.01442424242424245,-0.0006866772892353268,long_IM_short_IC
2025-08-20,2025-08-21,0.00864465026706207,0.010932427570434111,-1,7276.0,6695.2,7202.2,6656.4,-0.010142935678944531,-0.005795196558728621,0.00434773912021591,short_IM_long_IC
2025-08-21,2025-08-22,-0.0071341696108909725,-0.0035528023403802456,-1,7202.2,6656.4,7348.6,6810.4,0.020327122268195996,0.023135628868457436,0.00280850660026144,short_IM_long_IC
2025-08-22,2025-08-25,0.015109819225560095,0.01770260541143842,-1,7348.6,6810.4,7412.2,6909.6,0.008654709740630873,0.014565957946669927,0.005911248206039055,short_IM_long_IC
2025-08-25,2025-08-26,0.015590023310798395,0.018914186686498802,-1,7412.2,6909.6,7415.4,6916.4,0.0004317206767221471,0.000984138010883262,0.0005524173341611149,short_IM_long_IC
2025-08-26,2025-08-27,-0.00016860736309209923,0.0017505729192852648,-1,7415.4,6916.4,7287.2,6837.8,-0.017288345874801103,-0.011364293563125294,0.005924052311675809,short_IM_long_IC
2025-08-27,2025-08-28,-0.018720552937087742,-0.014575236679644665,-1,7287.2,6837.8,7363.2,6967.0,0.010429245800856357,0.018894966217204434,0.008465720416348077,short_IM_long_IC
2025-08-28,2025-08-29,0.015076186972770023,0.021653398736308782,-1,7363.2,6967.0,7366.6,6996.8,0.00046175575836593374,0.004277307305870615,0.003815551547504681,short_IM_long_IC
2025-08-29,2025-09-01,-0.0011324392800369232,0.004675602762578501,-1,7366.6,6996.8,7380.6,7014.8,0.0019004696875084548,0.0025726046192544594,0.0006721349317460046,short_IM_long_IC
2025-09-01,2025-09-02,0.008398214160860062,0.009418959407613503,-1,7380.6,7014.8,7251.4,6896.2,-0.017505351868411845,-0.01690711068027606,0.0005982411881357841,short_IM_long_IC
2025-09-02,2025-09-03,-0.02496496436418938,-0.020899124735900276,-1,7251.4,6896.2,7142.6,6788.8,-0.01500399922773521,-0.015573794263507357,-0.0005697950357721471,short_IM_long_IC
2025-09-03,2025-09-04,-0.014630615335023744,-0.013391562685919345,-1,7142.6,6788.8,7003.0,6647.0,-0.019544703609330027,-0.020887343860476082,-0.0013426402511460545,short_IM_long_IC
2025-09-04,2025-09-05,-0.022994901618812347,-0.024752864961097965,1,7003.0,6647.0,7226.0,6898.6,0.031843495644723774,0.0378516624040921,-0.0060081667593683274,long_IM_short_IC
2025-09-05,2025-09-08,0.02904532245451108,0.0321725001527966,-1,7226.0,6898.6,7236.0,6920.8,0.001383891502906076,0.0032180442408604737,0.0018341527379543976,short_IM_long_IC
2025-09-08,2025-09-09,0.00902157109897539,0.011305211033247886,-1,7236.0,6920.8,7165.8,6872.8,-0.00970149253731345,-0.006935614379840471,0.0027658781574729785,short_IM_long_IC
2025-09-09,2025-09-10,-0.011627164709102855,-0.009031857004564658,-1,7165.8,6872.8,7151.0,6863.4,-0.0020653660442658817,-0.001367710394599042,0.0006976556496668396,short_IM_long_IC
2025-09-10,2025-09-11,0.0005729427248113428,0.00045376184677259346,1,7151.0,6863.4,7387.8,7124.6,0.03311424975527899,0.038056939709182114,-0.004942689953903123,long_IM_short_IC
2025-09-11,2025-09-12,0.023473535427490422,0.027494647660772698,-1,7387.8,7124.6,7392.8,7140.0,0.0006767914670131603,0.002161524857535735,0.0014847333905225746,short_IM_long_IC
2025-09-12,2025-09-15,0.0031080211052998408,0.0035160517876837716,-1,7392.8,7140.0,7368.6,7114.2,-0.0032734552537604378,-0.0036134453781513365,-0.0003399901243908987,short_IM_long_IC
2025-09-15,2025-09-16,-0.0009852369518242865,-0.0014530728688580963,1,7368.6,7114.2,7462.0,7165.2,0.012675406454414562,0.007168761069410445,0.005506645385004116,long_IM_short_IC
2025-09-16,2025-09-17,0.009177593887542912,0.007513993929438412,1,7462.0,7165.2,7547.0,7252.4,0.011391047976413882,0.012169932451292276,-0.0007788844748783941,long_IM_short_IC
2025-09-17,2025-09-18,0.009512003816544379,0.009601247271447733,-1,7547.0,7252.4,7454.8,7171.6,-0.012216774877434666,-0.011141139484860063,0.0010756353925746032,short_IM_long_IC
2025-09-18,2025-09-19,-0.010378881011275931,-0.0082854280336625,-1,7454.8,7171.6,7190.8,6984.0,-0.03541342490744215,-0.02615873724134088,0.009254687666101269,short_IM_long_IC
2025-09-19,2025-09-22,-0.005111188510195208,-0.004102011216071566,-1,7190.8,6984.0,7230.2,7013.2,0.005479223452188764,0.0041809851088201455,-0.0012982383433686184,short_IM_long_IC
2025-09-22,2025-09-23,0.006895455610046675,0.007639698085537994,-1,7230.2,7013.2,7127.0,6940.6,-0.014273464081214882,-0.010351907830947304,0.003921556250267577,short_IM_long_IC
2025-09-23,2025-09-24,-0.010869822389767525,-0.006147212808586655,-1,7127.0,6940.6,7303.2,7157.0,0.024722884804265544,0.031178860617237625,0.006455975812972081,short_IM_long_IC
2025-09-24,2025-09-25,0.017029160810608568,0.019913842268909798,-1,7303.2,7157.0,7281.8,7166.6,-0.0029302223682768913,0.001341344138605649,0.00427156650688254,short_IM_long_IC
2025-09-25,2025-09-26,-0.003677871304646918,0.002405133693659911,-1,7281.8,7166.6,7189.2,7080.0,-0.012716635996594339,-0.012083833337984573,0.0006328026586097657,short_IM_long_IC
2025-09-26,2025-09-29,-0.014510466938015054,-0.01367769665737939,-1,7189.2,7080.0,7337.4,7232.2,0.020614254715406455,0.02149717514124294,0.0008829204258364864,short_IM_long_IC
2025-09-29,2025-09-30,0.013550549318133376,0.01514291419171343,-1,7337.4,7232.2,7406.2,7290.4,0.009376618420694038,0.008047343823456288,-0.0013292745972377507,short_IM_long_IC
2025-09-30,2025-10-09,0.010287282022955146,0.008408679181024059,1,7406.2,7290.4,7449.6,7415.8,0.005859955172693221,0.017200702293427073,-0.011340747120733852,long_IM_short_IC
2025-10-09,2025-10-10,0.009648786275935795,0.018422478839556833,-1,7449.6,7415.8,7340.4,7266.0,-0.01465850515463929,-0.020200113271663267,-0.005541608117023977,short_IM_long_IC
2025-10-10,2025-10-13,-0.01493611648027049,-0.019962914972793566,1,7340.4,7266.0,7305.8,7231.0,-0.004713639583673879,-0.004816955684007751,0.00010331610033387228,long_IM_short_IC
2025-10-13,2025-10-14,-0.0018657865217672764,-0.0029277972263640484,1,7305.8,7231.0,7145.8,7010.0,-0.021900407895097063,-0.030562854376987914,0.008662446481890851,long_IM_short_IC
2025-10-14,2025-10-15,-0.019496809713539398,-0.024633787472529867,1,7145.8,7010.0,7275.2,7140.2,0.018108539281815883,0.018573466476462075,-0.0004649271946461919,long_IM_short_IC
2025-10-15,2025-10-16,0.014959246331575748,0.01378075812523094,1,7275.2,7140.2,7205.0,7062.0,-0.009649219265449704,-0.01095207417159183,0.0013028549061421257,long_IM_short_IC
2025-10-16,2025-10-17,-0.010905599810996258,-0.008564270360573278,-1,7205.0,7062.0,7020.8,6863.2,-0.025565579458709187,-0.028150665533843156,-0.002585086075133969,short_IM_long_IC
2025-10-17,2025-10-20,-0.02923049850797177,-0.029795547102207998,1,7020.8,6863.2,7059.2,6909.2,0.005469462169553241,0.006702412868632601,-0.0012329506990793604,long_IM_short_IC
2025-10-20,2025-10-21,0.007474297360950732,0.007636059757190727,-1,7059.2,6909.2,7182.8,7052.8,0.017509066183136968,0.02078388235975237,0.0032748161766154027,short_IM_long_IC
2025-10-21,2025-10-22,0.014485374699318765,0.016405754792760963,-1,7182.8,7052.8,7163.2,7011.6,-0.0027287408809935076,-0.005841651542649706,-0.0031129106616561986,short_IM_long_IC
2025-10-22,2025-10-23,-0.004335048627413407,-0.007952879248900202,1,7163.2,7011.6,7179.0,7040.0,0.0022057181148089633,0.004050430714815478,-0.001844712600006515,long_IM_short_IC
2025-10-23,2025-10-24,-0.0005621829788805544,0.0020307281319085213,-1,7179.0,7040.0,7298.0,7159.8,0.01657612480846904,0.01701704545454552,0.0004409206460764814,short_IM_long_IC
2025-10-24,2025-10-27,0.015207237471543955,0.016181079490702688,-1,7298.0,7159.8,7322.6,7254.4,0.003370786516853963,0.01321265957149631,0.009841873054642347,short_IM_long_IC
2025-10-27,2025-10-28,0.010263578111123994,0.01665071693606235,-1,7322.6,7254.4,7335.6,7231.0,0.0017753257039849757,-0.003225628584031748,-0.0050009542880167235,short_IM_long_IC
2025-10-28,2025-10-29,-0.0021562740402155667,-0.005198760152950843,1,7335.6,7231.0,7446.4,7390.0,0.015104422269480278,0.02198865993638499,-0.006884237666904713,long_IM_short_IC
2025-10-29,2025-10-30,0.012019433574699923,0.019062201404315138,-1,7446.4,7390.0,7364.4,7299.0,-0.011012032660077331,-0.012313937753721249,-0.001301905093643918,short_IM_long_IC
2025-10-30,2025-10-31,-0.011101981908854142,-0.01273307382497868,1,7364.4,7299.0,7368.2,7242.4,0.0005159958720331037,-0.00775448691601599,0.008270482788049094,long_IM_short_IC
2025-10-31,2025-11-03,0.002884376139599798,-0.007407249043555164,1,7368.2,7242.4,7398.0,7239.6,0.004044407046497112,-0.00038661217276025894,0.0044310192192573705,long_IM_short_IC
2025-11-03,2025-11-04,0.004188698948000225,0.00035441261783120126,1,7398.0,7239.6,7284.4,7094.6,-0.015355501486888357,-0.020028730869108835,0.0046732293822204785,long_IM_short_IC
2025-11-04,2025-11-05,-0.013582568316987564,-0.016741570065991973,1,7284.4,7094.6,7310.8,7108.0,0.0036241831859866735,0.0018887604657062962,0.0017354227202803774,long_IM_short_IC
2025-11-05,2025-11-06,0.003917893315879439,0.002567764330665412,1,7310.8,7108.0,7405.0,7246.4,0.012885046780106046,0.01947101857062461,-0.006585971790518563,long_IM_short_IC
2025-11-06,2025-11-07,0.011650139817699579,0.01609856278739641,-1,7405.0,7246.4,7412.0,7230.2,0.0009453072248479799,-0.002235592846102863,-0.003180900070950843,short_IM_long_IC
2025-11-07,2025-11-10,-0.0013178130508474384,-0.0024248395971370185,1,7412.0,7230.2,7421.0,7235.8,0.0012142471667566657,0.0007745290586707032,0.00043971810808596246,long_IM_short_IC
2025-11-10,2025-11-11,0.002834241020605255,0.002168544409683726,1,7421.0,7235.8,7390.4,7173.0,-0.004123433499528373,-0.008679067967605536,0.004555634468077163,long_IM_short_IC
2025-11-11,2025-11-12,-0.002969952018664901,-0.007107122731813353,1,7390.4,7173.0,7369.8,7155.2,-0.002787399870101681,-0.0024815279520423728,-0.00030587191805930836,long_IM_short_IC
2025-11-12,2025-11-13,-0.007216006914924522,-0.00663229528343845,-1,7369.8,7155.2,7478.4,7269.0,0.014735813726288294,0.015904516994633244,0.0011687032683449505,short_IM_long_IC
2025-11-13,2025-11-14,0.013918575776698194,0.015468584723238088,-1,7478.4,7269.0,7372.0,7137.4,-0.014227642276422703,-0.018104278442701904,-0.0038766361662792015,short_IM_long_IC
2025-11-14,2025-11-17,-0.011569556319458885,-0.01629159177670081,1,7372.0,7137.4,7394.4,7143.4,0.0030385241454149448,0.0008406422506794797,0.002197881894735465,long_IM_short_IC
2025-11-17,2025-11-18,0.002708217900761589,-1.5272003996646966e-05,1,7394.4,7143.4,7351.8,7079.8,-0.005761116520610066,-0.008903323347425496,0.00314220682681543,long_IM_short_IC
2025-11-18,2025-11-19,-0.009966016825192603,-0.011655771457230735,1,7351.8,7079.8,7298.2,7054.8,-0.0072907315215321455,-0.0035311731969829285,-0.003759558324549217,long_IM_short_IC
2025-11-19,2025-11-20,-0.008175547357999524,-0.003953437340162624,-1,7298.2,7054.8,7263.6,7000.0,-0.0047408950152091345,-0.007767760957078873,-0.0030268659418697386,short_IM_long_IC
2025-11-20,2025-11-21,-0.006334815192163834,-0.008535583850976636,1,7263.6,7000.0,7018.2,6770.0,-0.03378490004956225,-0.03285714285714281,-0.0009277571924194428,long_IM_short_IC
2025-11-21,2025-11-24,-0.03715170312379468,-0.03462774593254336,-1,7018.2,6770.0,7095.2,6827.6,0.010971474167165374,0.008508124076809453,-0.0024633500903559202,short_IM_long_IC
2025-11-24,2025-11-25,0.012550824504085512,0.007562417066198979,1,7095.2,6827.6,7172.0,6900.0,0.010824219190438633,0.010604018981779761,0.0002202002086588717,long_IM_short_IC
2025-11-25,2025-11-26,0.013070606575910304,0.012467232333528422,1,7172.0,6900.0,7176.2,6909.4,0.0005856107083099804,0.0013623188405795794,-0.000776708132269599,long_IM_short_IC
2025-11-26,2025-11-27,-0.00020664978369289155,0.0015014371631889567,-1,7176.2,6909.4,7179.0,6896.2,0.0003901786460800416,-0.0019104408486988467,-0.0023006194947788883,short_IM_long_IC
2025-11-27,2025-11-28,0.0012423485526675826,-0.0019757086145585356,1,7179.0,6896.2,7260.8,6974.2,0.011394344616241892,0.011310576839418829,8.376777682306269e-05,long_IM_short_IC
2025-11-28,2025-12-01,0.010576119393936212,0.011546945194761626,-1,7260.8,6974.2,7290.0,7031.6,0.004021595416483059,0.008230334662040262,0.004208739245557203,short_IM_long_IC
2025-12-01,2025-12-02,0.0071543359334271805,0.009995206604858975,-1,7290.0,7031.6,7239.6,6982.2,-0.006913580246913575,-0.0070254280675806635,-0.0001118478206670881,short_IM_long_IC
2025-12-02,2025-12-03,-0.009950761242420447,-0.008664172484050381,-1,7239.6,6982.2,7195.4,6950.4,-0.0061053096856180655,-0.0045544384291483775,0.001550871256469688,short_IM_long_IC
2025-12-03,2025-12-04,-0.008874937817731188,-0.006242006023378988,-1,7195.4,6950.4,7213.4,6983.2,0.0025015982433220785,0.0047191528545120764,0.002217554611189998,short_IM_long_IC
2025-12-04,2025-12-05,5.2881554974293365e-05,0.0023513528872862732,-1,7213.4,6983.2,7319.8,7083.2,0.014750325782571405,0.014320082483675112,-0.0004302432988962934,short_IM_long_IC
2025-12-05,2025-12-08,0.012945169859251093,0.01212536020352828,1,7319.8,7083.2,7380.4,7144.0,0.008278914724445974,0.008583690987124415,-0.00030477626267844116,long_IM_short_IC
2025-12-08,2025-12-09,0.010970906827223903,0.01050012560865543,1,7380.4,7144.0,7347.8,7094.4,-0.004417104763969393,-0.006942889137737995,0.0025257843737686025,long_IM_short_IC
2025-12-09,2025-12-10,-0.005720387406453198,-0.007116409309278149,1,7347.8,7094.4,7371.4,7122.2,0.003211845722529194,0.0039185836716284506,-0.0007067379490992565,long_IM_short_IC
2025-12-10,2025-12-11,0.0037477524642868243,0.004868307102823488,-1,7371.4,7122.2,7304.6,7074.4,-0.009062050628103058,-0.006711409395973145,0.002350641232129913,short_IM_long_IC
2025-12-11,2025-12-12,-0.012992133992992927,-0.01021537971019082,-1,7304.6,7074.4,7361.8,7174.0,0.007830682035977254,0.014078932488974294,0.0062482504529970395,short_IM_long_IC
2025-12-12,2025-12-15,0.008061602666259882,0.01226868703879358,-1,7361.8,7174.0,7308.0,7115.8,-0.00730799532722981,-0.008112628937831046,-0.0008046336106012353,short_IM_long_IC
2025-12-15,2025-12-16,-0.0083929711232551,-0.007786698384931956,-1,7308.0,7115.8,7189.0,7010.2,-0.016283524904214586,-0.01484021473341024,0.001443310170804346,short_IM_long_IC
2025-12-16,2025-12-17,-0.01743824716593856,-0.015834102009541273,-1,7189.0,7010.2,7295.0,7146.8,0.01474474892196409,0.01948589198596329,0.004741143063999198,short_IM_long_IC
2025-12-17,2025-12-18,0.014915631849081512,0.019498483628541452,-1,7295.0,7146.8,7275.4,7101.0,-0.0026867717614804665,-0.006408462528684211,-0.0037216907672037447,short_IM_long_IC
2025-12-18,2025-12-19,-0.002241265786133928,-0.005183365222325986,1,7275.4,7101.0,7141.8,7055.4,-0.018363251505071787,-0.006421630756231589,-0.011941620748840198,long_IM_short_IC
2025-12-19,2025-12-22,0.007893306343994322,0.009677057879903916,-1,7141.8,7055.4,7203.6,7123.2,0.008653280685541498,0.009609660685432564,0.000956379999891066,short_IM_long_IC
2025-12-22,2025-12-23,0.010715577358346495,0.012010459064863976,-1,7203.6,7123.2,7197.4,7133.2,-0.0008606807707258746,0.0014038634321653642,0.002264544202891239,short_IM_long_IC
2025-12-23,2025-12-24,-0.0021500607530789972,0.0001551478282328933,-1,7197.4,7133.2,7327.6,7240.4,0.018089865784866932,0.015028318286323117,-0.003061547498543815,short_IM_long_IC
2025-12-24,2025-12-25,0.01541592520901558,0.013126085673405008,1,7327.6,7240.4,7419.0,7320.6,0.012473388285386688,0.01107673609192883,0.001396652193457859,long_IM_short_IC
2025-12-25,2025-12-26,0.009724752328731823,0.007980411313345037,1,7419.0,7320.6,7472.4,7388.0,0.007197735543873707,0.00920689560964938,-0.0020091600657756725,long_IM_short_IC
2025-12-26,2025-12-29,0.003450256235368876,0.0064942073918701215,-1,7472.4,7388.0,7439.0,7336.6,-0.004469782131577449,-0.006957227937195443,-0.0024874458056179938,short_IM_long_IC
2025-12-29,2025-12-30,-0.0014952804274689369,-0.0037839537109705113,1,7439.0,7336.6,7459.2,7381.0,0.0027154187390778795,0.0060518496306189995,-0.00333643089154112,long_IM_short_IC
2025-12-30,2025-12-31,0.0004136732744877136,0.00381143433530462,-1,7459.2,7381.0,7436.2,7362.8,-0.0030834405834405665,-0.002465790543286772,0.0006176500401537943,short_IM_long_IC
