time,direction,signal,close_1000,close_500,next_close_1000,next_close_500,ret_next_1000,ret_next_500,trade_ret
2024-01-03,long_1000_short_500,1,5824.0428,5401.395,5783.0155,5355.3216,-0.007044470895715249,-0.008529907551660276,0.0014854366559450272
2024-01-04,long_1000_short_500,1,5783.0155,5355.3216,5675.8091,5281.8711,-0.01853814847980262,-0.013715422804860156,-0.004822725674942463
2024-01-05,long_1000_short_500,1,5675.8091,5281.8711,5543.5745,5167.6997,-0.02329792945291287,-0.021615711144484462,-0.001682218308428407
2024-01-08,long_1000_short_500,1,5543.5745,5167.6997,5553.3035,5180.653,0.0017550048258574424,0.002506589150294447,-0.0007515843244370046
2024-01-09,short_1000_long_500,-1,5553.3035,5180.653,5512.0686,5158.0784,-0.007425291990614258,-0.004357481576164224,0.003067810414450034
2024-01-10,long_1000_short_500,1,5512.0686,5158.0784,5611.1149,5223.8633,0.017968988992626,0.012753761168112554,0.0052152278245134465
2024-01-11,short_1000_long_500,-1,5611.1149,5223.8633,5574.4926,5206.178,-0.006526742127487051,-0.0033854829241033446,0.003141259203383706
2024-01-12,long_1000_short_500,1,5574.4926,5206.178,5559.376,5193.2956,-0.00271174456308354,-0.00247444478463843,-0.0002372997784451103
2024-01-15,short_1000_long_500,-1,5559.376,5193.2956,5539.4741,5190.3975,-0.003579880187992268,-0.0005580464166146104,0.0030218337713776577
2024-01-16,short_1000_long_500,-1,5539.4741,5190.3975,5389.1216,5061.5395,-0.027142016965112203,-0.024826229590315663,0.0023157873747965407
2024-01-17,short_1000_long_500,-1,5389.1216,5061.5395,5373.4239,5066.9579,-0.002912849470681933,0.0010705043396381786,0.003983353810320112
2024-01-18,short_1000_long_500,-1,5373.4239,5066.9579,5306.9862,5018.4332,-0.012364127832907301,-0.009576692950221677,0.0027874348826856243
2024-01-19,short_1000_long_500,-1,5306.9862,5018.4332,5000.8336,4780.9748,-0.057688599227938564,-0.04731723837631241,0.010371360851626155
2024-01-22,short_1000_long_500,-1,5000.8336,4780.9748,5079.6315,4865.743,0.015756953000795715,0.01773031725663987,0.0019733642558441566
2024-01-23,short_1000_long_500,-1,5079.6315,4865.743,5143.4078,4933.7009,0.012555300517370194,0.013966602839484032,0.0014113023221138388
2024-01-24,long_1000_short_500,1,5143.4078,4933.7009,5316.195,5073.1779,0.03359391413607127,0.028270258539588422,0.005323655596482846
2024-01-25,short_1000_long_500,-1,5316.195,5073.1779,5269.7646,5027.0932,-0.00873376540928228,-0.009083990529880626,-0.00035022512059834643
2024-01-26,long_1000_short_500,1,5269.7646,5027.0932,5131.2465,4927.9137,-0.026285443566113065,-0.019728995674876293,-0.006556447891236772
2024-01-29,long_1000_short_500,1,5131.2465,4927.9137,4984.6598,4814.9908,-0.028567464065505255,-0.022914950803623158,-0.005652513261882097
2024-01-30,long_1000_short_500,1,4984.6598,4814.9908,4785.032,4696.9796,-0.04004843018574711,-0.024509122634252978,-0.01553930755149413
2024-01-31,short_1000_long_500,-1,4785.032,4696.9796,4750.4439,4678.7308,-0.007228394710839914,-0.003885220195548489,0.003343174515291425
2024-02-01,short_1000_long_500,-1,4750.4439,4678.7308,4574.6692,4563.2221,-0.03700174208982865,-0.024688041466288335,0.012313700623540313
2024-02-02,short_1000_long_500,-1,4574.6692,4563.2221,4293.0695,4460.2635,-0.06155629788488326,-0.0225626975290113,0.03899360035587196
2024-02-05,short_1000_long_500,-1,4293.0695,4460.2635,4592.4444,4805.9013,0.06973446388417437,0.07749268625048722,0.00775822236631285
2024-02-06,long_1000_short_500,1,4592.4444,4805.9013,4797.8456,5109.5685,0.04472589804244542,0.06318631637316385,-0.01846041833071843
2024-02-07,long_1000_short_500,1,4797.8456,5109.5685,4993.1046,5150.2288,0.0406972246043098,0.007957677835222166,0.032739546769087635
2024-02-08,long_1000_short_500,1,4993.1046,5150.2288,5029.5861,5141.6037,0.007306376077120591,-0.0016747022967212866,0.008981078373841878
2024-02-19,short_1000_long_500,-1,5029.5861,5141.6037,5046.0121,5140.9575,0.0032658750985492535,-0.00012568063151174869,-0.003391555730061002
2024-02-20,long_1000_short_500,1,5046.0121,5140.9575,5073.4821,5139.0372,0.005443902918901067,-0.00037352963917725024,0.005817432558078317
2024-02-21,long_1000_short_500,1,5073.4821,5139.0372,5151.5343,5176.3431,0.015384345201493899,0.007259316978674546,0.008125028222819353
2024-02-22,short_1000_long_500,-1,5151.5343,5176.3431,5225.6697,5197.7115,0.014390935919809333,0.004128088031877253,-0.01026284788793208
2024-02-23,long_1000_short_500,1,5225.6697,5197.7115,5255.3962,5195.4642,0.005688553181996792,-0.00043236335837415485,0.0061209165403709465
2024-02-26,long_1000_short_500,1,5255.3962,5195.4642,5394.0342,5307.8043,0.02638012334826434,0.021622726223385236,0.004757397124879104
2024-02-27,short_1000_long_500,-1,5394.0342,5307.8043,5152.0519,5184.0471,-0.044861098581836845,-0.023316081943714484,0.02154501663812236
2024-02-28,long_1000_short_500,1,5152.0519,5184.0471,5344.6052,5346.7929,0.037374099434052566,0.0313935805097143,0.005980518924338263
2024-02-29,short_1000_long_500,-1,5344.6052,5346.7929,5401.9394,5379.0482,0.010727490217612434,0.006032644353964001,-0.004694845863648434
2024-03-01,short_1000_long_500,-1,5401.9394,5379.0482,5428.3356,5388.82,0.004886430232815986,0.0018166410927493715,-0.0030697891400666144
2024-03-04,short_1000_long_500,-1,5428.3356,5388.82,5375.1317,5351.8268,-0.009801144203390844,-0.006864805282046915,0.0029363389213439284
2024-03-05,short_1000_long_500,-1,5375.1317,5351.8268,5381.4587,5350.1016,0.001177087437690183,-0.00032235721828666186,-0.0014994446559768448
2024-03-06,long_1000_short_500,1,5381.4587,5350.1016,5303.2766,5277.2988,-0.014528049801812992,-0.013607741580085153,-0.0009203082217278391
2024-03-07,long_1000_short_500,1,5303.2766,5277.2988,5370.3719,5349.595,0.012651668970085295,0.013699470645853973,-0.0010478016757686781
2024-03-08,short_1000_long_500,-1,5370.3719,5349.595,5466.6455,5441.0507,0.017926803169813876,0.0170958175338507,-0.0008309856359631773
2024-03-11,long_1000_short_500,1,5466.6455,5441.0507,5496.3553,5423.7183,0.00543474055524551,-0.003185487685310351,0.00862022824055586
2024-03-12,long_1000_short_500,1,5496.3553,5423.7183,5521.7838,5415.1126,0.0046264294449813725,-0.001586679013178105,0.0062131084581594775
2024-03-13,long_1000_short_500,1,5521.7838,5415.1126,5486.6461,5392.9267,-0.006363468993480059,-0.004097033919479465,-0.0022664350740005945
2024-03-14,short_1000_long_500,-1,5486.6461,5392.9267,5555.6442,5454.1463,0.012575642522305142,0.011351832391862438,-0.001223810130442704
2024-03-15,short_1000_long_500,-1,5555.6442,5454.1463,5648.0117,5528.447,0.016625884717383466,0.013622791893206143,-0.0030030928241773225
2024-03-18,short_1000_long_500,-1,5648.0117,5528.447,5607.4754,5478.2248,-0.007177092072950142,-0.009084323319008103,-0.001907231246057961
2024-03-19,short_1000_long_500,-1,5607.4754,5478.2248,5659.1539,5493.414,0.00921600119725885,0.0027726500015115008,-0.006443351195747349
2024-03-20,long_1000_short_500,1,5659.1539,5493.414,5658.2794,5465.8286,-0.0001545284004380587,-0.005021540339031461,0.004867011938593402
2024-03-21,long_1000_short_500,1,5658.2794,5465.8286,5595.8848,5384.5656,-0.011027133089256846,-0.014867462181305857,0.0038403290920490107
2024-03-22,short_1000_long_500,-1,5595.8848,5384.5656,5466.0615,5294.7463,-0.023199780667393255,-0.016680881369520395,0.00651889929787286
2024-03-25,short_1000_long_500,-1,5466.0615,5294.7463,5447.7484,5284.4188,-0.0033503282024908154,-0.0019505183846106888,0.0013998098178801266
2024-03-26,long_1000_short_500,1,5447.7484,5284.4188,5266.2306,5156.684,-0.03331978400470925,-0.0241719675965123,-0.009147816408196952
2024-03-27,long_1000_short_500,1,5266.2306,5156.684,5382.2363,5223.806,0.022028222615241955,0.013016504404768536,0.009011718210473418
2024-03-28,short_1000_long_500,-1,5382.2363,5223.806,5441.2603,5286.1612,0.01096644530452906,0.011936737313751777,0.0009702920092227174
2024-03-29,short_1000_long_500,-1,5441.2603,5286.1612,5559.0557,5401.2249,0.02164855079621897,0.021766967681575933,0.00011841688535696449
2024-04-01,short_1000_long_500,-1,5559.0557,5401.2249,5531.0522,5381.2291,-0.005037456271575036,-0.003702086169379948,0.0013353701021950881
2024-04-02,long_1000_short_500,1,5531.0522,5381.2291,5500.9264,5374.5954,-0.005446667091661084,-0.001232748109534887,-0.004213918982126197
2024-04-03,long_1000_short_500,1,5500.9264,5374.5954,5399.9148,5298.5912,-0.018362652516129008,-0.014141380763285083,-0.004221271752843925
2024-04-08,short_1000_long_500,-1,5399.9148,5298.5912,5468.9109,5342.8982,0.012777257152279509,0.008362034044068212,-0.004415223108211297
2024-04-09,long_1000_short_500,1,5468.9109,5342.8982,5367.0518,5275.4727,-0.018625116017157994,-0.012619649013713041,-0.006005467003444953
2024-04-10,long_1000_short_500,1,5367.0518,5275.4727,5379.9153,5301.8094,0.002396753465282231,0.004992291970348006,-0.0025955385050657753
2024-04-11,short_1000_long_500,-1,5379.9153,5301.8094,5338.7692,5277.219,-0.007648094385426463,-0.004638114678358729,0.0030099797070677337
2024-04-12,short_1000_long_500,-1,5338.7692,5277.219,5287.5115,5339.7223,-0.009601033137001003,0.01184398449258972,0.021445017629590724
2024-04-15,short_1000_long_500,-1,5287.5115,5339.7223,5066.6599,5191.554,-0.0417685332693839,-0.0277483156755175,0.014020217593866402
2024-04-16,short_1000_long_500,-1,5066.6599,5191.554,5287.4563,5339.7467,0.04357829504206512,0.028544959755787858,-0.01503333528627726
2024-04-17,short_1000_long_500,-1,5287.4563,5339.7467,5286.7192,5349.8361,-0.00013940540747359176,0.0018894903760136028,0.0020288957834871946
2024-04-18,short_1000_long_500,-1,5286.7192,5349.8361,5264.3891,5314.8667,-0.004223810487229862,-0.006536536698759976,-0.002312726211530114
2024-04-19,long_1000_short_500,1,5264.3891,5314.8667,5246.0818,5267.5811,-0.0034775734947100068,-0.008896855305891127,0.00541928181118112
2024-04-22,long_1000_short_500,1,5246.0818,5267.5811,5218.4277,5208.2712,-0.005271381776776662,-0.011259418483371864,0.005988036706595201
2024-04-23,short_1000_long_500,-1,5218.4277,5208.2712,5305.6068,5263.0391,0.016706008976611786,0.010515562246451449,-0.006190446730160337
2024-04-24,short_1000_long_500,-1,5305.6068,5263.0391,5313.986,5259.3354,0.0015793104004617753,-0.0007037188836389596,-0.002283029284100735
2024-04-25,long_1000_short_500,1,5313.986,5259.3354,5415.9379,5372.1209,0.019185579337243297,0.021444819815066296,-0.002259240477822999
2024-04-26,short_1000_long_500,-1,5415.9379,5372.1209,5545.2346,5478.4908,0.02387337196019179,0.01980035482820197,-0.00407301713198982
2024-04-29,long_1000_short_500,1,5545.2346,5478.4908,5497.4303,5441.1411,-0.008620789461278977,-0.006817516240056443,-0.0018032732212225344
2024-04-30,long_1000_short_500,1,5497.4303,5441.1411,5606.8416,5528.6036,0.019902262335185883,0.016074293680786944,0.003827968654398939
2024-05-06,long_1000_short_500,1,5606.8416,5528.6036,5625.3358,5527.0847,0.003298505882527447,-0.00027473483539319776,0.003573240717920645
2024-05-07,long_1000_short_500,1,5625.3358,5527.0847,5536.6589,5458.7559,-0.015763841155935876,-0.012362538971042003,-0.003401302184893873
2024-05-08,short_1000_long_500,-1,5536.6589,5458.7559,5626.8251,5556.7712,0.016285308816838873,0.0179556114608459,0.0016703026440070268
2024-05-09,long_1000_short_500,1,5626.8251,5556.7712,5574.232,5535.3954,-0.009346851744156726,-0.0038468022581170658,-0.00550004948603966
2024-05-10,short_1000_long_500,-1,5574.232,5535.3954,5520.8038,5505.2595,-0.00958485402114595,-0.0054442181311926685,0.004140635889953281
2024-05-13,short_1000_long_500,-1,5520.8038,5505.2595,5551.6751,5500.7379,0.005591812554541553,-0.0008213236814722524,-0.0064131362360138056
2024-05-14,long_1000_short_500,1,5551.6751,5500.7379,5497.2349,5446.6557,-0.009806085374124307,-0.009831808201586911,2.5722827462604236e-05
2024-05-15,short_1000_long_500,-1,5497.2349,5446.6557,5488.946,5424.6652,-0.0015078307823448434,-0.004037431629834831,-0.002529600847489988
2024-05-16,short_1000_long_500,-1,5488.946,5424.6652,5563.231,5491.8944,0.013533563638629342,0.01239324410288023,-0.0011403195357491125
2024-05-17,long_1000_short_500,1,5563.231,5491.8944,5596.7772,5523.5013,0.006029985093195078,0.0057551907771569155,0.00027479431603816273
2024-05-20,short_1000_long_500,-1,5596.7772,5523.5013,5536.7447,5478.9131,-0.010726262249639018,-0.008072452160009513,0.0026538100896295047
2024-05-21,short_1000_long_500,-1,5536.7447,5478.9131,5539.6597,5468.6068,0.0005264826460211758,-0.0018810847720873713,-0.002407567418108547
2024-05-22,long_1000_short_500,1,5539.6597,5468.6068,5412.8237,5362.3053,-0.022895991246538183,-0.019438497571264368,-0.003457493675273815
2024-05-23,short_1000_long_500,-1,5412.8237,5362.3053,5350.1073,5313.4546,-0.011586632684896125,-0.00911001840943293,0.002476614275463196
2024-05-24,long_1000_short_500,1,5350.1073,5313.4546,5404.6158,5371.3693,0.010188300335583822,0.010899632039765628,-0.0007113317041818057
2024-05-27,short_1000_long_500,-1,5404.6158,5371.3693,5348.0293,5316.1286,-0.010470031930854273,-0.010284286355064065,0.00018574557579020823
2024-05-28,long_1000_short_500,1,5348.0293,5316.1286,5351.2524,5328.3064,0.000602670594942456,0.002290727128008152,-0.001688056533065696
2024-05-29,long_1000_short_500,1,5351.2524,5328.3064,5334.2958,5308.66,-0.0031687161682002474,-0.0036871753471234836,0.0005184591789232362
2024-05-30,short_1000_long_500,-1,5334.2958,5308.66,5355.2099,5308.5403,0.003920686213164215,-2.2548062976412986e-05,-0.003943234276140628
2024-05-31,long_1000_short_500,1,5355.2099,5308.5403,5284.6236,5274.0687,-0.013180865235553174,-0.006493611812648403,-0.006687253422904771
2024-06-03,short_1000_long_500,-1,5284.6236,5274.0687,5313.708,5341.9496,0.005503589697476219,0.012870689378771338,0.0073670996812951195
2024-06-04,short_1000_long_500,-1,5313.708,5341.9496,5244.0851,5277.9405,-0.013102507702718924,-0.011982348167418166,0.0011201595353007576
2024-06-05,long_1000_short_500,1,5244.0851,5277.9405,5130.8693,5228.8002,-0.021589237749021217,-0.009310506626590387,-0.01227873112243083
2024-06-06,short_1000_long_500,-1,5130.8693,5228.8002,5153.5867,5208.9798,0.0044275928057648795,-0.003790621030040464,-0.008218213835805344
2024-06-07,long_1000_short_500,1,5153.5867,5208.9798,5198.923,5217.4702,0.008797038381056055,0.0016299544874409655,0.007167083893615089
2024-06-11,short_1000_long_500,-1,5198.923,5217.4702,5216.4621,5232.9534,0.003373602571147938,0.0029675684587524565,-0.00040603411239548137
2024-06-12,short_1000_long_500,-1,5216.4621,5232.9534,5180.2357,5194.59,-0.006944630154602227,-0.007331118217104748,-0.0003864880625025213
2024-06-13,short_1000_long_500,-1,5180.2357,5194.59,5180.6513,5213.0927,8.022800970231003e-05,0.003561917302424167,0.003481689292721857
2024-06-14,short_1000_long_500,-1,5180.6513,5213.0927,5183.9678,5207.128,0.0006401704743186354,-0.0011441768530224827,-0.0017843473273411181
2024-06-17,short_1000_long_500,-1,5183.9678,5207.128,5227.2542,5230.8913,0.008350051865677166,0.0045636097288179744,-0.0037864421368591916
2024-06-18,short_1000_long_500,-1,5227.2542,5230.8913,5159.9945,5168.8204,-0.012867118649022347,-0.011866218669082329,0.0010008999799400176
2024-06-19,short_1000_long_500,-1,5159.9945,5168.8204,5056.1383,5094.5653,-0.020127191996037963,-0.014365966362460458,0.005761225633577505
2024-06-20,short_1000_long_500,-1,5056.1383,5094.5653,5055.3329,5102.3292,-0.00015929152887284026,0.0015239573040706222,0.0016832488329434625
2024-06-21,short_1000_long_500,-1,5055.3329,5102.3292,4887.777,4992.9097,-0.033144385011717126,-0.021445009859418662,0.011699375152298463
2024-06-24,short_1000_long_500,-1,4887.777,4992.9097,4847.6106,4948.6343,-0.00821772351725536,-0.008867654866660302,-0.0006499313494049419
2024-06-25,long_1000_short_500,1,4847.6106,4948.6343,4986.3839,5020.4318,0.028627154994668835,0.01450854834837978,0.014118606646289056
2024-06-26,short_1000_long_500,-1,4986.3839,5020.4318,4864.0855,4928.0514,-0.024526470976292014,-0.018400887349968587,0.0061255836263234276
2024-06-27,short_1000_long_500,-1,4864.0855,4928.0514,4895.9869,4942.7817,0.006558560699642335,0.002989071907813168,-0.0035694887918291673
2024-06-28,short_1000_long_500,-1,4895.9869,4942.7817,4940.2471,5003.1608,0.009040097717581741,0.012215611302437202,0.0031755135848554605
2024-07-01,short_1000_long_500,-1,4940.2471,5003.1608,4905.6497,4949.4771,-0.007003171966843413,-0.010729956950414121,-0.003726784983570708
2024-07-02,long_1000_short_500,1,4905.6497,4949.4771,4867.1326,4910.9245,-0.007851579781573026,-0.007789226866005694,-6.235291556733191e-05
2024-07-03,long_1000_short_500,1,4867.1326,4910.9245,4761.868,4834.4982,-0.02162764170427567,-0.015562507629673372,-0.006065134074602296
2024-07-04,short_1000_long_500,-1,4761.868,4834.4982,4810.7939,4866.2647,0.010274518319281167,0.006570795703264354,-0.0037037226160168135
2024-07-05,long_1000_short_500,1,4810.7939,4866.2647,4693.9648,4783.6165,-0.02428478592691319,-0.016983909650455264,-0.007300876276457924
2024-07-08,short_1000_long_500,-1,4693.9648,4783.6165,4797.0634,4876.899,0.021964076083399675,0.019500413546947204,-0.002463662536452471
2024-07-09,short_1000_long_500,-1,4797.0634,4876.899,4777.6817,4844.1624,-0.004040326004446815,-0.006712585189892262,-0.002672259185445447
2024-07-10,short_1000_long_500,-1,4777.6817,4844.1624,4893.5942,4939.7318,0.024261243690637535,0.019728777053386937,-0.004532466637250598
2024-07-11,long_1000_short_500,1,4893.5942,4939.7318,4878.0195,4919.3639,-0.003182670929273046,-0.004123280539238827,0.0009406096099657812
2024-07-12,long_1000_short_500,1,4878.0195,4919.3639,4827.6023,4883.8971,-0.010335588039367405,-0.007209631310259423,-0.0031259567291079815
2024-07-15,long_1000_short_500,1,4827.6023,4883.8971,4836.7184,4898.3626,0.001888328705121456,0.002961876489985915,-0.0010735477848644592
2024-07-16,short_1000_long_500,-1,4836.7184,4898.3626,4795.6236,4856.5794,-0.008496421871490356,-0.008530034097516737,-3.3612226026380476e-05
2024-07-17,long_1000_short_500,1,4795.6236,4856.5794,4812.4263,4877.6916,0.0035037570504907745,0.004347133704845962,-0.0008433766543551879
2024-07-18,long_1000_short_500,1,4812.4263,4877.6916,4821.4227,4872.0532,0.0018694104468675032,-0.0011559566414571787,0.003025367088324682
2024-07-19,long_1000_short_500,1,4821.4227,4872.0532,4826.8713,4865.9778,0.0011300813761878636,-0.001246989667518572,0.0023770710437064357
2024-07-22,short_1000_long_500,-1,4826.8713,4865.9778,4694.9525,4722.7994,-0.027330084396490872,-0.029424384139196014,-0.0020942997427051413
2024-07-23,short_1000_long_500,-1,4694.9525,4722.7994,4631.0111,4668.0621,-0.013619179320770725,-0.011590011635895348,0.002029167684875377
2024-07-24,short_1000_long_500,-1,4631.0111,4668.0621,4632.5667,4665.4488,0.000335909365451581,-0.0005598254573347949,-0.000895734822786376
2024-07-25,long_1000_short_500,1,4632.5667,4665.4488,4702.08,4736.3771,0.015005353295830526,0.01520288894821853,-0.0001975356523880034
2024-07-26,short_1000_long_500,-1,4702.08,4736.3771,4685.6457,4708.8443,-0.0034951128011433408,-0.005813050654264851,-0.00231793785312151
2024-07-29,short_1000_long_500,-1,4685.6457,4708.8443,4702.4914,4699.282,0.00359517152566613,-0.0020307105928305536,-0.005625882118496683
2024-07-30,long_1000_short_500,1,4702.4914,4699.282,4889.0807,4886.4136,0.0396788179134151,0.039821317384230115,-0.00014249947081501624
2024-07-31,long_1000_short_500,1,4889.0807,4886.4136,4878.289,4852.9725,-0.002207306580151336,-0.0068436900224737585,0.004636383442322423
2024-08-01,short_1000_long_500,-1,4878.289,4852.9725,4809.8891,4788.6159,-0.01402128902162203,-0.013261274404501533,0.0007600146171204969
2024-08-02,long_1000_short_500,1,4809.8891,4788.6159,4678.7753,4693.8478,-0.02725921477066906,-0.01979029055138881,-0.0074689242192802485
2024-08-05,long_1000_short_500,1,4678.7753,4693.8478,4749.9466,4750.776,0.015211523408700467,0.012128258611197484,0.0030832647975029825
2024-08-06,short_1000_long_500,-1,4749.9466,4750.776,4743.41,4751.9408,-0.0013761417865203462,0.00024518099779924363,0.0016213227843195899
2024-08-07,short_1000_long_500,-1,4743.41,4751.9408,4739.4933,4755.8149,-0.0008257139905679667,0.0008152668905303528,0.0016409808810983195
2024-08-08,long_1000_short_500,1,4739.4933,4755.8149,4702.7453,4720.3104,-0.007753571463008591,-0.007465492401733331,-0.0002880790612752593
2024-08-09,short_1000_long_500,-1,4702.7453,4720.3104,4674.1017,4714.1586,-0.006090825288794455,-0.0013032617516002265,0.004787563537194228
2024-08-12,short_1000_long_500,-1,4674.1017,4714.1586,4697.5858,4731.8353,0.005024302316742446,0.0037497041359617622,-0.0012745981807806839
2024-08-13,short_1000_long_500,-1,4697.5858,4731.8353,4649.2784,4667.0731,-0.01028345240655315,-0.01368648650979043,-0.003403034103237279
2024-08-14,short_1000_long_500,-1,4649.2784,4667.0731,4691.8503,4698.375,0.009156668269209245,0.006706965871179582,-0.002449702398029663
2024-08-15,long_1000_short_500,1,4691.8503,4698.375,4655.6509,4670.3789,-0.007715378301818454,-0.005958677202224205,-0.001756701099594249
2024-08-16,short_1000_long_500,-1,4655.6509,4670.3789,4663.6121,4682.9628,0.0017100079389544831,0.0026944066572416325,0.0009843987182871494
2024-08-19,short_1000_long_500,-1,4663.6121,4682.9628,4579.3041,4602.0095,-0.018077832845489028,-0.01728676982016597,0.0007910630253230577
2024-08-20,short_1000_long_500,-1,4579.3041,4602.0095,4548.2644,4587.1218,-0.006778256984505626,-0.003235043300106266,0.00354321368439936
2024-08-21,short_1000_long_500,-1,4548.2644,4587.1218,4491.8392,4533.3695,-0.012405875085010343,-0.011718088671637261,0.0006877864133730816
2024-08-22,long_1000_short_500,1,4491.8392,4533.3695,4495.3439,4537.0872,0.0007802371910372585,0.0008200743398480981,-3.983714881083955e-05
2024-08-23,long_1000_short_500,1,4495.3439,4537.0872,4512.893,4544.3594,0.003903839259105535,0.0016028345234362362,0.0023010047356692986
2024-08-26,long_1000_short_500,1,4512.893,4544.3594,4459.6801,4495.2856,-0.011791305488519366,-0.010798837785585436,-0.0009924677029339302
2024-08-27,long_1000_short_500,1,4459.6801,4495.2856,4470.5501,4500.0088,0.0024373945566187327,0.0010507007608147045,0.0013866937958040282
2024-08-28,long_1000_short_500,1,4470.5501,4500.0088,4542.4637,4557.9006,0.016086074060550182,0.01286481928657568,0.0032212547739745023
2024-08-29,long_1000_short_500,1,4542.4637,4557.9006,4629.3195,4639.1144,0.019120857256382573,0.01781824728691994,0.0013026099694626314
2024-08-30,short_1000_long_500,-1,4629.3195,4639.1144,4532.5145,4546.8832,-0.020911280804878474,-0.01988120836166496,0.0010300724432135144
2024-09-02,long_1000_short_500,1,4532.5145,4546.8832,4572.397,4596.4819,0.008799199649554224,0.010908285482239766,-0.002109085832685542
2024-09-03,short_1000_long_500,-1,4572.397,4596.4819,4550.7697,4582.084,-0.0047299698604473805,-0.003132373914058073,0.0015975959463893075
2024-09-04,long_1000_short_500,1,4550.7697,4582.084,4586.7813,4601.0911,0.007913298710765293,0.004148134342364607,0.0037651643684006864
2024-09-05,short_1000_long_500,-1,4586.7813,4601.0911,4508.2281,4537.4544,-0.017125996393156817,-0.013830784615414426,0.0032952117777423906
2024-09-06,long_1000_short_500,1,4508.2281,4537.4544,4475.5315,4507.1866,-0.007252649882555917,-0.006670656569022437,-0.0005819933135334798
2024-09-09,short_1000_long_500,-1,4475.5315,4507.1866,4487.5755,4507.7074,0.002691077026270472,0.00011554879933317608,-0.002575528226937296
2024-09-10,short_1000_long_500,-1,4487.5755,4507.7074,4486.0066,4514.9158,-0.00034960971687281184,0.0015991277517257707,0.0019487374685985825
2024-09-11,short_1000_long_500,-1,4486.0066,4514.9158,4468.7439,4496.5919,-0.0038481218462762534,-0.0040585252996300225,-0.0002104034533537691
2024-09-12,short_1000_long_500,-1,4468.7439,4496.5919,4413.1872,4450.9587,-0.01243228550197295,-0.010148397056001457,0.0022838884459714937
2024-09-13,short_1000_long_500,-1,4413.1872,4450.9587,4399.1332,4462.8701,-0.003184546533625432,0.0026761425577819242,0.005860689091407356
2024-09-18,long_1000_short_500,1,4399.1332,4462.8701,4482.2746,4520.3939,0.018899495927970467,0.012889418403641217,0.006010077524329249
2024-09-19,long_1000_short_500,1,4482.2746,4520.3939,4463.3561,4498.3901,-0.004220736498384059,-0.004867673146802587,0.0006469366484185279
2024-09-20,short_1000_long_500,-1,4463.3561,4498.3901,4469.1326,4494.6878,0.0012942054970697114,-0.0008230277760925553,-0.0021172332731622667
2024-09-23,short_1000_long_500,-1,4469.1326,4494.6878,4642.5577,4689.5964,0.038805091618897336,0.043364213194073464,0.004559121575176128
2024-09-24,short_1000_long_500,-1,4642.5577,4689.5964,4686.2584,4731.4755,0.009413065560821998,0.008930214122477409,-0.0004828514383445892
2024-09-25,long_1000_short_500,1,4686.2584,4731.4755,4874.1321,4938.1839,0.04009034158253,0.04368793624737166,-0.0035975946648416635
2024-09-26,long_1000_short_500,1,4874.1321,4938.1839,5136.4408,5201.6656,0.05381649381230358,0.05335599186575468,0.00046050194654889687
2024-09-27,long_1000_short_500,1,5136.4408,5201.6656,5708.8258,5743.217,0.11143611350490001,0.10411115239703217,0.0073249611078678445
2024-09-30,long_1000_short_500,1,5708.8258,5743.217,6201.9854,6155.5817,0.08638547002082286,0.07180029937925037,0.014585170641572498
2024-10-08,short_1000_long_500,-1,6201.9854,6155.5817,5727.38,5735.641,-0.07652475286381677,-0.06822112360233967,0.008303629261477097
2024-10-09,short_1000_long_500,-1,5727.38,5735.641,5654.5298,5690.8822,-0.012719637949638374,-0.007803626482201342,0.0049160114674370314
2024-10-10,long_1000_short_500,1,5654.5298,5690.8822,5416.7576,5470.8133,-0.042049862395278303,-0.038670436720689816,-0.0033794256745884876
2024-10-11,short_1000_long_500,-1,5416.7576,5470.8133,5615.7563,5608.153,0.03673760479885613,0.02510407364842826,-0.011633531150427867
2024-10-14,long_1000_short_500,1,5615.7563,5608.153,5507.1758,5472.56,-0.01933497363480674,-0.0241778353764599,0.004842861741653159
2024-10-15,long_1000_short_500,1,5507.1758,5472.56,5524.2546,5461.0877,0.0031011902688853343,-0.0020963315157805917,0.005197521784665926
2024-10-16,long_1000_short_500,1,5524.2546,5461.0877,5505.6149,5418.9883,-0.0033741565785184724,-0.007708977096266056,0.004334820517747584
2024-10-17,short_1000_long_500,-1,5505.6149,5418.9883,5749.4341,5640.0198,0.04428555291798575,0.04078833312852881,-0.00349721978945694
2024-10-18,short_1000_long_500,-1,5749.4341,5640.0198,5860.5711,5704.225,0.019330076328729406,0.011383860744602403,-0.007946215584127003
2024-10-21,long_1000_short_500,1,5860.5711,5704.225,5888.8148,5753.8497,0.004819274353654812,0.008699639302446771,-0.003880364948791959
2024-10-22,short_1000_long_500,-1,5888.8148,5753.8497,5903.5783,5776.383,0.002507040975375796,0.003916212827040022,0.001409171851664226
2024-10-23,long_1000_short_500,1,5903.5783,5776.383,5861.6319,5726.7041,-0.007105250048093703,-0.0086003473107652,0.0014950972626714965
2024-10-24,short_1000_long_500,-1,5861.6319,5726.7041,5974.9086,5809.6879,0.019325113199277988,0.01449067361451406,-0.004834439584763928
2024-10-25,long_1000_short_500,1,5974.9086,5809.6879,6082.0877,5883.7203,0.017938199088100015,0.012742922042335625,0.00519527704576439
2024-10-28,long_1000_short_500,1,6082.0877,5883.7203,5983.8364,5812.5286,-0.01615420639199261,-0.012099776394877249,-0.004054429997115361
2024-10-29,short_1000_long_500,-1,5983.8364,5812.5286,6019.3472,5837.9338,0.005934453689275365,0.004370765590727688,-0.0015636880985476775
2024-10-30,long_1000_short_500,1,6019.3472,5837.9338,6116.6632,5901.2904,0.01616720165269747,0.010852572531740545,0.005314629120956926
2024-10-31,long_1000_short_500,1,6116.6632,5901.2904,5930.2319,5831.8217,-0.030479248881972176,-0.011771781303966944,-0.018707467578005232
2024-11-01,long_1000_short_500,1,5930.2319,5831.8217,6053.1116,5928.9085,0.020720892887848175,0.016647765482953547,0.0040731274048946275
2024-11-04,short_1000_long_500,-1,6053.1116,5928.9085,6266.5423,6111.9707,0.03525966711071371,0.03087620596607299,-0.004383461144640721
2024-11-05,long_1000_short_500,1,6266.5423,6111.9707,6293.1933,6125.7868,0.004252903550974185,0.00226049840193121,0.001992405149042975
2024-11-06,long_1000_short_500,1,6293.1933,6125.7868,6403.9175,6239.5598,0.017594279203214658,0.01857279786492083,-0.0009785186617061736
2024-11-07,short_1000_long_500,-1,6403.9175,6239.5598,6423.1217,6222.445,0.002998820643770106,-0.0027429499113063027,-0.005741770555076409
2024-11-08,short_1000_long_500,-1,6423.1217,6222.445,6579.0054,6330.6152,0.024269149376385135,0.017383874023796153,-0.006885275352588982
2024-11-11,short_1000_long_500,-1,6579.0054,6330.6152,6491.9723,6263.883,-0.013228914510390877,-0.010541187213527148,0.002687727296863729
2024-11-12,long_1000_short_500,1,6491.9723,6263.883,6474.3941,6259.8412,-0.002707682532779754,-0.0006452547086208682,-0.0020624278241588856
2024-11-13,short_1000_long_500,-1,6474.3941,6259.8412,6272.1911,6078.3051,-0.031231185015444196,-0.029000112654614996,0.0022310723608292005
2024-11-14,long_1000_short_500,1,6272.1911,6078.3051,6125.5126,5924.4834,-0.023385527905870118,-0.025306676362790603,0.001921148456920485
2024-11-15,long_1000_short_500,1,6125.5126,5924.4834,5974.5576,5833.0358,-0.024643651863519134,-0.015435539915598429,-0.009208111947920705
2024-11-18,long_1000_short_500,1,5974.5576,5833.0358,6130.2848,5936.6015,0.026065059612112584,0.01775502560776321,0.008310034004349376
2024-11-19,long_1000_short_500,1,6130.2848,5936.6015,6250.8029,5992.3904,0.01965946182467726,0.009397447344242416,0.010262014480434845
2024-11-20,long_1000_short_500,1,6250.8029,5992.3904,6262.1644,5985.3128,0.0018176065029982258,-0.0011810979471564842,0.00299870445015471
2024-11-21,long_1000_short_500,1,6262.1644,5985.3128,6030.4882,5750.2457,-0.03699618617486311,-0.03927398748483113,0.0022778013099680194
2024-11-22,short_1000_long_500,-1,6030.4882,5750.2457,6052.1287,5735.6493,0.003588515437274342,-0.002538395881066524,-0.006126911318340866
2024-11-25,long_1000_short_500,1,6052.1287,5735.6493,5981.5699,5690.4792,-0.011658509509224424,-0.007875324594898148,-0.0037831849143262763
2024-11-26,short_1000_long_500,-1,5981.5699,5690.4792,6118.6636,5804.9368,0.022919350988442,0.020113877228476795,-0.0028054737599652046
2024-11-27,long_1000_short_500,1,6118.6636,5804.9368,6086.0852,5757.5965,-0.005324430648548706,-0.008155179226068565,0.0028307485775198593
2024-11-28,long_1000_short_500,1,6086.0852,5757.5965,6189.1276,5851.9385,0.016930817859730052,0.016385656757989198,0.0005451611017408542
2024-11-29,short_1000_long_500,-1,6189.1276,5851.9385,6313.6077,5943.6245,0.020112705383550367,0.015667628769509445,-0.0044450766140409215
2024-12-02,short_1000_long_500,-1,6313.6077,5943.6245,6303.2758,5932.1207,-0.0016364494740461755,-0.0019354856619895333,-0.00029903618794335785
2024-12-03,long_1000_short_500,1,6303.2758,5932.1207,6204.9448,5879.2695,-0.01559998374178706,-0.008909326474088819,-0.006690657267698241
2024-12-04,long_1000_short_500,1,6204.9448,5879.2695,6285.6007,5901.9859,0.012998649077426094,0.0038638133530022323,0.009134835724423862
2024-12-05,short_1000_long_500,-1,6285.6007,5901.9859,6349.6211,5979.197,0.010185247688418997,0.013082223730829456,0.0028969760424104596
2024-12-06,long_1000_short_500,1,6349.6211,5979.197,6303.2721,5947.1089,-0.00729949067354585,-0.005366623645282176,-0.001932867028263674
2024-12-09,long_1000_short_500,1,6303.2721,5947.1089,6362.0203,5992.0937,0.009320270340225312,0.007564146000420546,0.0017561243398047655
2024-12-10,long_1000_short_500,1,6362.0203,5992.0937,6447.3744,6047.105,0.013416194223712097,0.009180647492211147,0.00423554673150095
2024-12-11,short_1000_long_500,-1,6447.3744,6047.105,6490.1455,6100.3945,0.006633878746052035,0.00881239866018535,0.0021785199141333145
2024-12-12,short_1000_long_500,-1,6490.1455,6100.3945,6354.9883,5988.292,-0.02082498766784191,-0.018376270583812193,0.0024487170840297168
2024-12-13,long_1000_short_500,1,6354.9883,5988.292,6277.5162,5912.6014,-0.01219075415134907,-0.012639764393586828,0.0004490102422377573
2024-12-16,short_1000_long_500,-1,6277.5162,5912.6014,6143.9436,5848.1628,-0.021277937920733736,-0.010898519220321479,0.010379418700412257
2024-12-17,short_1000_long_500,-1,6143.9436,5848.1628,6195.8677,5888.6162,0.008451265731020063,0.00691728349286036,-0.0015339822381597035
2024-12-18,long_1000_short_500,1,6195.8677,5888.6162,6207.1862,5901.9155,0.0018267820663764311,0.002258476278348631,-0.00043169421197220004
2024-12-19,short_1000_long_500,-1,6207.1862,5901.9155,6271.7532,5917.1751,0.010401975697136301,0.0025855334594337975,-0.007816442237702503
2024-12-20,long_1000_short_500,1,6271.7532,5917.1751,6096.3813,5818.551,-0.027962181292465416,-0.01666742969968893,-0.011294751592776486
2024-12-23,short_1000_long_500,-1,6096.3813,5818.551,6164.3605,5895.2595,0.011150746099165332,0.013183436907229895,0.0020326908080645634
2024-12-24,long_1000_short_500,1,6164.3605,5895.2595,6094.6866,5840.2889,-0.011302697173534826,-0.009324542880597586,-0.0019781542929372398
2024-12-25,short_1000_long_500,-1,6094.6866,5840.2889,6160.4518,5887.0605,0.010790579453256788,0.00800843944552132,-0.0027821400077354674
2024-12-26,short_1000_long_500,-1,6160.4518,5887.0605,6171.5653,5899.1665,0.0018040072969973675,0.0020563743144819124,0.00025236701748454493
2024-12-27,long_1000_short_500,1,6171.5653,5899.1665,6145.928,5898.884,-0.004154100095157487,-4.788812114397967e-05,-0.004106211974013507
2024-12-30,long_1000_short_500,1,6145.928,5898.884,5957.7172,5725.7324,-0.030623658461342185,-0.029353281061299086,-0.001270377400043099
2024-12-31,short_1000_long_500,-1,5957.7172,5725.7324,5797.089,5545.8174,-0.026961367014869397,-0.031422181029626906,-0.004460814014757508
2025-01-02,long_1000_short_500,1,5797.089,5545.8174,5625.209,5427.8041,-0.029649363672008544,-0.02127969449553091,-0.008369669176477634
2025-01-03,short_1000_long_500,-1,5625.209,5427.8041,5608.0344,5427.1007,-0.0030531487807831104,-0.00012959200204010202,0.0029235567787430083
2025-01-06,long_1000_short_500,1,5608.0344,5427.1007,5692.041,5484.6847,0.014979687000493458,0.010610453570540912,0.004369233429952546
2025-01-07,short_1000_long_500,-1,5692.041,5484.6847,5661.7793,5461.5861,-0.005316493679507928,-0.004211472721485587,0.0011050209580223402
2025-01-08,long_1000_short_500,1,5661.7793,5461.5861,5672.7796,5456.5863,0.001942905121716798,-0.0009154483529977275,0.0028583534747145256
2025-01-09,short_1000_long_500,-1,5672.7796,5456.5863,5544.9158,5369.2811,-0.02253988503272719,-0.015999966865730686,0.006539918166996506
2025-01-10,long_1000_short_500,1,5544.9158,5369.2811,5559.4725,5381.6974,0.002625233732133525,0.0023124697270924255,0.0003127640050410996
2025-01-13,long_1000_short_500,1,5559.4725,5381.6974,5811.0545,5572.2722,0.04525285447495242,0.03541165283651959,0.009841201638432828
2025-01-14,short_1000_long_500,-1,5811.0545,5572.2722,5775.5709,5522.459,-0.006106223922009435,-0.008939477149016661,-0.0028332532270072264
2025-01-15,long_1000_short_500,1,5775.5709,5522.459,5801.3051,5545.6336,0.0044556980505598975,0.004196427714538098,0.0002592703360217996
2025-01-16,short_1000_long_500,-1,5801.3051,5545.6336,5841.5718,5587.2939,0.006940972644241761,0.0075122705546215585,0.0005712979103797977
2025-01-17,short_1000_long_500,-1,5841.5718,5587.2939,5879.1495,5614.3311,0.006432806321065909,0.004839050976001236,-0.0015937553450646735
2025-01-20,short_1000_long_500,-1,5879.1495,5614.3311,5908.0234,5633.9249,0.004911237586320949,0.0034899616091397245,-0.0014212759771812244
2025-01-21,short_1000_long_500,-1,5908.0234,5633.9249,5855.7393,5607.0594,-0.00884967720337737,-0.004768522917300455,0.004081154286076916
2025-01-22,short_1000_long_500,-1,5855.7393,5607.0594,5829.0329,5584.2548,-0.00456072216193093,-0.004067122955751179,0.0004935992061797512
2025-01-23,long_1000_short_500,1,5829.0329,5584.2548,5938.1301,5649.9504,0.018716175027936544,0.01176443453117515,0.006951740496761394
2025-01-24,short_1000_long_500,-1,5938.1301,5649.9504,5846.0686,5589.3432,-0.015503449478144748,-0.01072703222315008,0.004776417254994669
2025-01-27,long_1000_short_500,1,5846.0686,5589.3432,5881.4366,5614.3872,0.006049877690453398,0.0044806695713370814,0.0015692081191163165
2025-02-05,long_1000_short_500,1,5881.4366,5614.3872,6041.8337,5747.9012,0.027271755339503212,0.02378068972514047,0.0034910656143627428
2025-02-06,short_1000_long_500,-1,6041.8337,5747.9012,6134.0545,5833.9883,0.015263710419570087,0.014977136350221132,-0.0002865740693489549
2025-02-07,short_1000_long_500,-1,6134.0545,5833.9883,6210.5471,5888.5509,0.012470153305615295,0.009352538468409444,-0.003117614837205851
2025-02-10,long_1000_short_500,1,6210.5471,5888.5509,6190.1739,5858.2805,-0.0032804195301892047,-0.005140551642340396,0.0018601321121511916
2025-02-11,long_1000_short_500,1,6190.1739,5858.2805,6284.6107,5940.5299,0.015255920354676933,0.014039853503088562,0.001216066851588371
2025-02-12,short_1000_long_500,-1,6284.6107,5940.5299,6212.4968,5898.2611,-0.011474680523966274,-0.007115324846694304,0.00435935567727197
2025-02-13,long_1000_short_500,1,6212.4968,5898.2611,6248.8345,5947.796,0.005849129773394912,0.008398220960411651,-0.0025490911870167388
2025-02-14,long_1000_short_500,1,6248.8345,5947.796,6281.5658,5948.7197,0.005237984779401739,0.00015530122418438985,0.005082683555217349
2025-02-17,short_1000_long_500,-1,6281.5658,5948.7197,6142.138,5840.7112,-0.022196344739396134,-0.01815659594786423,0.004039748791531905
2025-02-18,long_1000_short_500,1,6142.138,5840.7112,6288.529,5943.8823,0.023833883250425236,0.01766413309392889,0.006169750156496345
2025-02-19,long_1000_short_500,1,6288.529,5943.8823,6334.4143,5957.5465,0.007296666676738006,0.0022988678628443893,0.004997798813893617
2025-02-20,long_1000_short_500,1,6334.4143,5957.5465,6449.2279,6057.0648,0.018125369538901204,0.016704577966785372,0.0014207915721158315
2025-02-21,short_1000_long_500,-1,6449.2279,6057.0648,6464.0235,6044.973,0.002294166096999062,-0.0019963134619263023,-0.004290479558925364
2025-02-24,long_1000_short_500,1,6464.0235,6044.973,6435.4284,5979.9653,-0.004423730823379657,-0.010754009984825452,0.006330279161445795
2025-02-25,long_1000_short_500,1,6435.4284,5979.9653,6524.4057,6051.7401,0.013826165791853251,0.012002544563260331,0.0018236212285929199
2025-02-26,long_1000_short_500,1,6524.4057,6051.7401,6499.5301,6028.9856,-0.0038126997528679096,-0.003759992931619771,-5.2706821248138525e-05
2025-02-27,long_1000_short_500,1,6499.5301,6028.9856,6270.4186,5859.8708,-0.03525047141484894,-0.028050290914610976,-0.007200180500237963
2025-02-28,long_1000_short_500,1,6270.4186,5859.8708,6273.6699,5885.7696,0.0005185140271177779,0.00441968788799918,-0.0039011738608814017
2025-03-03,long_1000_short_500,1,6273.6699,5885.7696,6357.6277,5937.6302,0.013382565761070664,0.008811184182269116,0.004571381578801548
2025-03-04,long_1000_short_500,1,6357.6277,5937.6302,6398.237,5950.7034,0.006387492617725865,0.002201753824278452,0.004185738793447413
2025-03-05,short_1000_long_500,-1,6398.237,5950.7034,6534.9711,6047.7734,0.02137059005472919,0.016312357292080693,-0.005058232762648496
2025-03-06,long_1000_short_500,1,6534.9711,6047.7734,6507.7645,6013.7747,-0.004163231877184481,-0.005621688802030844,0.001458456924846363
2025-03-07,long_1000_short_500,1,6507.7645,6013.7747,6520.9725,6013.6191,0.0020295755938923854,-2.5873932390618748e-05,0.002055449526283004
2025-03-10,long_1000_short_500,1,6520.9725,6013.6191,6551.7341,6044.9742,0.004717333189182993,0.0052140149681245695,-0.0004966817789415767
2025-03-11,long_1000_short_500,1,6551.7341,6044.9742,6566.9679,6040.4965,0.002325155411908364,-0.0007407310357089303,0.0030658864476172942
2025-03-12,short_1000_long_500,-1,6566.9679,6040.4965,6466.8509,5993.967,-0.015245544294498425,-0.007702926406794597,0.007542617887703829
2025-03-13,long_1000_short_500,1,6466.8509,5993.967,6571.1707,6099.9809,0.01613146825450995,0.017686767377931734,-0.0015552991234217828
2025-03-14,short_1000_long_500,-1,6571.1707,6099.9809,6589.5655,6108.0176,0.0027993185445631674,0.001317495928552903,-0.0014818226160102643
2025-03-17,short_1000_long_500,-1,6589.5655,6108.0176,6611.9263,6133.3018,0.003393364858426562,0.004139510010580105,0.0007461451521535434
2025-03-18,short_1000_long_500,-1,6611.9263,6133.3018,6564.6767,6101.4369,-0.007146117161045851,-0.005195390841520431,0.0019507263195254199
2025-03-19,long_1000_short_500,1,6564.6767,6101.4369,6535.0624,6059.4859,-0.004511158942526516,-0.006875593517979395,0.0023644345754528784
2025-03-20,long_1000_short_500,1,6535.0624,6059.4859,6405.611,5971.9302,-0.019808747350293032,-0.014449361124843962,-0.00535938622544907
2025-03-21,long_1000_short_500,1,6405.611,5971.9302,6360.3412,5969.0789,-0.007067210294224857,-0.00047745032251034214,-0.006589759971714515
2025-03-24,short_1000_long_500,-1,6360.3412,5969.0789,6310.7641,5946.951,-0.007794723339684895,-0.0037070878724689837,0.004087635467215911
2025-03-25,long_1000_short_500,1,6310.7641,5946.951,6334.9077,5948.4986,0.00382578077985829,0.0002602341939592634,0.0035655465858990265
2025-03-26,long_1000_short_500,1,6334.9077,5948.4986,6328.7665,5957.6017,-0.0009694221748487442,0.001530318927871921,-0.002499741102720665
2025-03-27,long_1000_short_500,1,6328.7665,5957.6017,6268.3214,5916.0314,-0.009550850074813155,-0.006977690368256795,-0.0025731597065563605
2025-03-28,short_1000_long_500,-1,6268.3214,5916.0314,6226.6488,5857.7721,-0.006648127519434444,-0.00984769959131715,-0.003199572071882706
2025-03-31,short_1000_long_500,-1,6226.6488,5857.7721,6259.4838,5892.8502,0.005273302069003893,0.005988300569084837,0.0007149985000809433
2025-04-01,long_1000_short_500,1,6259.4838,5892.8502,6277.2533,5899.0865,0.0028388123634093265,0.0010582824589704387,0.0017805299044388878
2025-04-02,short_1000_long_500,-1,6277.2533,5899.0865,6203.257,5845.5045,-0.011788006069470058,-0.009083101256440407,0.0027049048130296516
2025-04-03,long_1000_short_500,1,6203.257,5845.5045,5496.4427,5287.0333,-0.11394244990978131,-0.09553858011742189,-0.018403869792359417
2025-04-07,short_1000_long_500,-1,5496.4427,5287.0333,5530.0189,5326.914,0.006108714641926527,0.007543114963924902,0.0014344003219983747
2025-04-08,long_1000_short_500,1,5530.0189,5326.914,5652.3303,5439.7716,0.02211771825951625,0.021186300360771737,0.0009314178987445132
2025-04-09,short_1000_long_500,-1,5652.3303,5439.7716,5784.5853,5544.0646,0.02339831414310667,0.019172312308112227,-0.004226001834994442
2025-04-10,short_1000_long_500,-1,5784.5853,5544.0646,5862.1876,5581.3184,0.013415360993985326,0.0067195825964943,-0.006695778397491026
2025-04-11,long_1000_short_500,1,5862.1876,5581.3184,5938.5262,5627.1375,0.013022203520064668,0.008209368596495015,0.004812834923569653
2025-04-14,long_1000_short_500,1,5938.5262,5627.1375,5914.0286,5602.534,-0.004125198605674396,-0.004372294083803685,0.0002470954781292889
2025-04-15,long_1000_short_500,1,5914.0286,5602.534,5835.348,5556.8642,-0.01330406146497154,-0.008151632814722753,-0.005152428650248786
2025-04-16,long_1000_short_500,1,5835.348,5556.8642,5839.5639,5557.0105,0.0007224761916513334,2.6327798329228713e-05,0.0006961483933221047
2025-04-17,long_1000_short_500,1,5839.5639,5557.0105,5831.6869,5560.7207,-0.0013489020986653388,0.0006676611462224091,-0.002016563244887748
2025-04-18,short_1000_long_500,-1,5831.6869,5560.7207,5952.6374,5642.3805,0.020740225268266688,0.014685110870610751,-0.006055114397655936
2025-04-21,long_1000_short_500,1,5952.6374,5642.3805,5949.3123,5624.209,-0.0005585927340375774,-0.0032205378563179288,0.0026619451222803514
2025-04-22,long_1000_short_500,1,5949.3123,5624.209,5984.5833,5634.9487,0.0059285843844507635,0.00190954852495695,0.004019035859493814
2025-04-23,short_1000_long_500,-1,5984.5833,5634.9487,5920.4776,5605.8796,-0.010711806785277722,-0.005158715996828822,0.0055530907884489
2025-04-24,long_1000_short_500,1,5920.4776,5605.8796,5939.5021,5627.1804,0.0032133387346993114,0.0037997248460348576,-0.0005863861113355462
2025-04-25,short_1000_long_500,-1,5939.5021,5627.1804,5877.0566,5598.2951,-0.010513591703250613,-0.005133174689050279,0.005380417014200334
2025-04-28,long_1000_short_500,1,5877.0566,5598.2951,5903.3812,5604.9057,0.004479214986631286,0.0011808237832979795,0.0032983912033333063
2025-04-29,long_1000_short_500,1,5903.3812,5604.9057,5950.1169,5631.8249,0.007916768105708627,0.0048027926678586574,0.0031139754378499696
2025-04-30,long_1000_short_500,1,5950.1169,5631.8249,6102.9221,5740.3338,0.025681041661551163,0.019267094046194533,0.00641394761535663
2025-05-06,short_1000_long_500,-1,6102.9221,5740.3338,6111.4946,5750.2911,0.001404654993056642,0.0017346203804384785,0.00032996538738183645
2025-05-07,short_1000_long_500,-1,6111.4946,5750.2911,6158.0774,5773.8056,0.007622161688566331,0.004089271237068148,-0.003532890451498183
2025-05-08,short_1000_long_500,-1,6158.0774,5773.8056,6082.0817,5721.7225,-0.01234081598259884,-0.00902058427460739,0.00332023170799145
2025-05-09,long_1000_short_500,1,6082.0817,5721.7225,6167.4606,5793.6743,0.014037775914782724,0.012575199164237771,0.0014625767505449527
2025-05-12,short_1000_long_500,-1,6167.4606,5793.6743,6151.0098,5781.6683,-0.0026673538862981294,-0.0020722600854520268,0.0005950938008461026
2025-05-13,long_1000_short_500,1,6151.0098,5781.6683,6160.3697,5799.1191,0.0015216851060781966,0.003018298369001915,-0.0014966132629237183
2025-05-14,short_1000_long_500,-1,6160.3697,5799.1191,6057.0357,5715.2966,-0.01677399328809759,-0.014454350489197632,0.002319642798899957
2025-05-15,long_1000_short_500,1,6057.0357,5715.2966,6068.1165,5715.8491,0.0018294097226470019,9.667039852323533e-05,0.0017327393241237665
2025-05-16,short_1000_long_500,-1,6068.1165,5715.8491,6095.3369,5720.7949,0.0044858070869271405,0.0008652782663558511,-0.0036205288205712893
2025-05-19,long_1000_short_500,1,6095.3369,5720.7949,6146.0166,5747.367,0.008314503501849035,0.0046448265432483815,0.003669676958600654
2025-05-20,long_1000_short_500,1,6146.0166,5747.367,6132.1809,5757.9225,-0.002251165413383327,0.0018365801244291102,-0.004087745537812437
2025-05-21,long_1000_short_500,1,6132.1809,5757.9225,6066.1031,5703.2797,-0.010775579043990735,-0.009490020054976345,-0.0012855589890143904
2025-05-22,short_1000_long_500,-1,6066.1031,5703.2797,5989.6752,5653.0436,-0.012599175902565984,-0.008808282714943827,0.0037908931876221574
2025-05-23,long_1000_short_500,1,5989.6752,5653.0436,6028.7861,5669.4609,0.006529719674950085,0.002904152375545088,0.003625567299404997
2025-05-26,short_1000_long_500,-1,6028.7861,5669.4609,6008.4599,5652.1454,-0.0033715244931314947,-0.0030541704591348084,0.00031735403399668627
2025-05-27,long_1000_short_500,1,6008.4599,5652.1454,5984.4557,5637.2378,-0.003995067022083187,-0.0026375117667709613,-0.001357555255312226
2025-05-28,short_1000_long_500,-1,5984.4557,5637.2378,6089.5778,5719.9101,0.017565858161503245,0.014665391621407231,-0.002900466540096014
2025-05-29,short_1000_long_500,-1,6089.5778,5719.9101,6026.5603,5671.0723,-0.010348418571809681,-0.008538211116290162,0.0018102074555195191
2025-05-30,short_1000_long_500,-1,6026.5603,5671.0723,6070.0368,5694.8385,0.007214148342629123,0.00419077711282223,-0.0030233712298068927
2025-06-03,long_1000_short_500,1,6070.0368,5694.8385,6123.172,5739.0058,0.008753686633333091,0.007755672087979226,0.0009980145453538647
2025-06-04,short_1000_long_500,-1,6123.172,5739.0058,6167.0149,5769.9675,0.0071601614326692875,0.0053949588271891,-0.0017652026054801873
2025-06-05,short_1000_long_500,-1,6167.0149,5769.9675,6152.8446,5762.0778,-0.002297756731542755,-0.0013673733864184578,0.0009303833451242971
2025-06-06,short_1000_long_500,-1,6152.8446,5762.0778,6218.9637,5805.6543,0.010746102705080585,0.0075626365197638545,-0.00318346618531673
2025-06-09,short_1000_long_500,-1,6218.9637,5805.6543,6161.6919,5757.9921,-0.00920921921444895,-0.008209617303600036,0.000999601910848913
2025-06-10,long_1000_short_500,1,6161.6919,5757.9921,6186.5122,5792.9464,0.004028163108902083,0.006070571024229032,-0.002042407915326949
2025-06-11,long_1000_short_500,1,6186.5122,5792.9464,6192.22,5799.9319,0.000922620018433129,0.0012058630475157983,-0.0002832430290826693
2025-06-12,short_1000_long_500,-1,6192.22,5799.9319,6106.0083,5740.2397,-0.013922583499940244,-0.01029187946155019,0.0036307040383900535
2025-06-13,short_1000_long_500,-1,6106.0083,5740.2397,6147.46,5767.8083,0.006788674034393205,0.004802691427676642,-0.001985982606716563
2025-06-16,short_1000_long_500,-1,6147.46,5767.8083,6141.4684,5750.9122,-0.0009746464393424192,-0.0029293796050745557,-0.0019547331657321365
2025-06-17,long_1000_short_500,1,6141.4684,5750.9122,6135.3858,5745.8714,-0.0009904146050804252,-0.0008765218150956766,-0.00011389278998474861
2025-06-18,short_1000_long_500,-1,6135.3858,5745.8714,6048.2243,5676.8317,-0.01420636009556242,-0.012015531708558624,0.002190828387003796
2025-06-19,short_1000_long_500,-1,6048.2243,5676.8317,5999.5914,5639.513,-0.008040855892199605,-0.006573860556760902,0.0014669953354387033
2025-06-20,long_1000_short_500,1,5999.5914,5639.513,6078.2224,5674.1704,0.013106059189297303,0.006145459723206681,0.006960599466090622
2025-06-23,long_1000_short_500,1,6078.2224,5674.1704,6194.666,5765.8373,0.0191575089453786,0.016155119345728552,0.003002389599650046
2025-06-24,long_1000_short_500,1,6194.666,5765.8373,6276.1634,5862.5529,0.013156060391310787,0.016773903765893605,-0.0036178433745828187
2025-06-25,short_1000_long_500,-1,6276.1634,5862.5529,6247.791,5838.2454,-0.004520659866822485,-0.004146231243388865,0.00037442862343362027
2025-06-26,short_1000_long_500,-1,6247.791,5838.2454,6276.9373,5863.7282,0.00466505681768159,0.004364804535280431,-0.00030025228240115887
2025-06-27,short_1000_long_500,-1,6276.9373,5863.7282,6356.1813,5915.3876,0.012624628256203918,0.008809992250323084,-0.0038146360058808337
2025-06-30,short_1000_long_500,-1,6356.1813,5915.3876,6373.7679,5934.67,0.0027668499638295874,0.0032597018663662602,0.0004928519025366729
2025-07-01,long_1000_short_500,1,6373.7679,5934.67,6309.4837,5892.9505,-0.010085745356369191,-0.0070297927264700855,-0.0030559526298991058
2025-07-02,long_1000_short_500,1,6309.4837,5892.9505,6342.638,5922.66,0.005254677177468636,0.005041532251119252,0.00021314492634938453
2025-07-03,short_1000_long_500,-1,6342.638,5922.66,6312.1966,5911.4352,-0.004799485639886747,-0.001895229508362739,0.002904256131524008
2025-07-04,long_1000_short_500,1,6312.1966,5911.4352,6327.139,5900.4056,0.0023672266481686854,-0.001865807477683279,0.004233034125851964
2025-07-07,long_1000_short_500,1,6327.139,5900.4056,6407.6976,5977.7437,0.01273223174012772,0.013107251474373305,-0.0003750197342455852
2025-07-08,short_1000_long_500,-1,6407.6976,5977.7437,6390.4655,5953.4871,-0.0026892810921663735,-0.0040578186716168085,-0.001368537579450435
2025-07-09,short_1000_long_500,-1,6390.4655,5953.4871,6406.5677,5983.0505,0.0025197225460336092,0.004965728404786596,0.0024460058587529865
2025-07-10,long_1000_short_500,1,6406.5677,5983.0505,6461.0997,6027.0789,0.008511890071808637,0.00735885481829035,0.0011530352535182864
2025-07-11,long_1000_short_500,1,6461.0997,6027.0789,6462.3051,6020.8585,0.00018656266827155044,-0.0010320754221418982,0.0012186380904134486
2025-07-14,short_1000_long_500,-1,6462.3051,6020.8585,6442.834,6018.7583,-0.0030130270389121527,-0.0003488206872823696,0.002664206351629783
2025-07-15,short_1000_long_500,-1,6442.834,6018.7583,6462.063,6017.1947,0.0029845561751242755,-0.00025978780374025234,-0.003244343978864528
2025-07-16,long_1000_short_500,1,6462.063,6017.1947,6535.6713,6082.4644,0.011390836022489914,0.01084719761519426,0.0005436384072956546
2025-07-17,short_1000_long_500,-1,6535.6713,6082.4644,6552.0741,6099.6104,0.0025097345394342607,0.0028189231983009044,0.0003091886588666437
2025-07-18,long_1000_short_500,1,6552.0741,6099.6104,6612.2589,6161.3086,0.009185610400834765,0.010115105056546003,-0.0009294946557112382
2025-07-21,long_1000_short_500,1,6612.2589,6161.3086,6637.1035,6213.4072,0.0037573543891331607,0.008455768633306215,-0.004698414244173055
2025-07-22,long_1000_short_500,1,6637.1035,6213.4072,6607.22,6196.7577,-0.0045024911845957805,-0.002679608701647518,-0.0018228824829482626
2025-07-23,short_1000_long_500,-1,6607.22,6196.7577,6701.12,6293.5984,0.014211725960388666,0.015627640241605567,0.0014159142812169012
2025-07-24,long_1000_short_500,1,6701.12,6293.5984,6706.6098,6299.5908,0.0008192361873835541,0.0009521421004556885,-0.0001329059130721344
2025-07-25,long_1000_short_500,1,6706.6098,6299.5908,6729.979,6323.4198,0.0034845027065686374,0.0037826266429876743,-0.0002981239364190369
2025-07-28,short_1000_long_500,-1,6729.979,6323.4198,6773.8843,6356.1327,0.006523839078844018,0.005173292464308643,-0.001350546614535375
2025-07-29,short_1000_long_500,-1,6773.8843,6356.1327,6718.4819,6314.6873,-0.008178822894864046,-0.006520537244290137,0.0016582856505739096
2025-07-30,short_1000_long_500,-1,6718.4819,6314.6873,6661.1862,6226.3432,-0.008528072390877384,-0.01399025728479053,-0.005462184893913147
2025-07-31,short_1000_long_500,-1,6661.1862,6226.3432,6670.472,6213.2014,0.0013940159787155793,-0.002110677098557723,-0.003504693077273302
2025-08-01,long_1000_short_500,1,6670.472,6213.2014,6739.6936,6261.7313,0.010377316627668831,0.007810772076372707,0.002566544551296124
2025-08-04,long_1000_short_500,1,6739.6936,6261.7313,6787.4806,6303.2359,0.007090381675511237,0.006628294637938126,0.0004620870375731112
2025-08-05,short_1000_long_500,-1,6787.4806,6303.2359,6861.3091,6357.3769,0.010877158160864653,0.008589397709198865,-0.002287760451665788
2025-08-06,long_1000_short_500,1,6861.3091,6357.3769,6862.1497,6337.5425,0.00012251306387001115,-0.003119903116016398,0.0032424161798864093
2025-08-07,long_1000_short_500,1,6862.1497,6337.5425,6838.1299,6323.4999,-0.003500331681776103,-0.0022157800125205407,-0.0012845516692555625
2025-08-08,short_1000_long_500,-1,6838.1299,6323.4999,6943.9366,6391.7595,0.015473046219844466,0.010794591773457762,-0.004678454446386704
2025-08-11,short_1000_long_500,-1,6943.9366,6391.7595,6963.611,6418.1595,0.0028333207996167342,0.004130318107244069,0.0012969973076273345
2025-08-12,short_1000_long_500,-1,6963.611,6418.1595,7064.3339,6508.0978,0.014464176703724574,0.014013098303337523,-0.0004510784003870505
2025-08-13,short_1000_long_500,-1,7064.3339,6508.0978,6976.4875,6429.8462,-0.012435199304494882,-0.012023728346553075,0.0004114709579418063
2025-08-14,long_1000_short_500,1,6976.4875,6429.8462,7117.5009,6568.57,0.02021266432427482,0.02157497950728593,-0.001362315183011109
2025-08-15,long_1000_short_500,1,7117.5009,6568.57,7237.6018,6668.1726,0.016874026668546094,0.015163513519685479,0.0017105131488606151
2025-08-18,short_1000_long_500,-1,7237.6018,6668.1726,7242.8494,6655.3105,0.0007250467965782548,-0.0019288792854582626,-0.0026539260820365174
2025-08-19,short_1000_long_500,-1,7242.8494,6655.3105,7305.4613,6728.0692,0.00864465026706207,0.010932427570434111,0.0022877773033720405
2025-08-20,long_1000_short_500,1,7305.4613,6728.0692,7253.3429,6704.1657,-0.0071341696108909725,-0.0035528023403802456,-0.003581367270510727
2025-08-21,long_1000_short_500,1,7253.3429,6704.1657,7362.9396,6822.8469,0.015109819225560095,0.01770260541143842,-0.0025927861858783263
2025-08-22,short_1000_long_500,-1,7362.9396,6822.8469,7477.728,6951.8955,0.015590023310798395,0.018914186686498802,0.0033241633757004063
2025-08-25,short_1000_long_500,-1,7477.728,6951.8955,7476.4672,6964.0653,-0.00016860736309209923,0.0017505729192852648,0.001919180282377364
2025-08-26,long_1000_short_500,1,7476.4672,6964.0653,7336.5036,6862.5624,-0.018720552937087742,-0.014575236679644665,-0.004145316257443077
2025-08-27,short_1000_long_500,-1,7336.5036,6862.5624,7447.1101,7011.1602,0.015076186972770023,0.021653398736308782,0.0065772117635387595
2025-08-28,short_1000_long_500,-1,7447.1101,7011.1602,7438.6767,7043.9416,-0.0011324392800369232,0.004675602762578501,0.0058080420426154244
2025-08-29,short_1000_long_500,-1,7438.6767,7043.9416,7501.1483,7110.2882,0.008398214160860062,0.009418959407613503,0.0010207452467534406
2025-09-01,short_1000_long_500,-1,7501.1483,7110.2882,7313.8824,6961.6894,-0.02496496436418938,-0.020899124735900276,0.004065839628289103
2025-09-02,long_1000_short_500,1,7313.8824,6961.6894,7206.8758,6868.4615,-0.014630615335023744,-0.013391562685919345,-0.0012390526491043996
2025-09-03,short_1000_long_500,-1,7206.8758,6868.4615,7041.1544,6698.4474,-0.022994901618812347,-0.024752864961097965,-0.0017579633422856178
2025-09-04,long_1000_short_500,1,7041.1544,6698.4474,7245.667,6913.9532,0.02904532245451108,0.0321725001527966,-0.0031271776982855215
2025-09-05,short_1000_long_500,-1,7245.667,6913.9532,7311.0343,6992.1169,0.00902157109897539,0.011305211033247886,0.0022836399342724967
2025-09-08,long_1000_short_500,1,7311.0343,6992.1169,7226.0277,6928.9651,-0.011627164709102855,-0.009031857004564658,-0.0025953077045381967
2025-09-09,long_1000_short_500,1,7226.0277,6928.9651,7230.1678,6932.1092,0.0005729427248113428,0.00045376184677259346,0.00011918087803874933
2025-09-10,short_1000_long_500,-1,7230.1678,6932.1092,7399.8854,7122.7051,0.023473535427490422,0.027494647660772698,0.004021112233282276
2025-09-11,short_1000_long_500,-1,7399.8854,7122.7051,7422.8844,7147.7489,0.0031080211052998408,0.0035160517876837716,0.0004080306823839308
2025-09-12,long_1000_short_500,1,7422.8844,7147.7489,7415.5711,7137.3627,-0.0009852369518242865,-0.0014530728688580963,0.0004678359170338098
2025-09-15,long_1000_short_500,1,7415.5711,7137.3627,7483.6282,7190.9928,0.009177593887542912,0.007513993929438412,0.0016635999581045002
2025-09-16,long_1000_short_500,1,7483.6282,7190.9928,7554.8125,7260.0353,0.009512003816544379,0.009601247271447733,-8.924345490335384e-05
2025-09-17,long_1000_short_500,1,7554.8125,7260.0353,7476.402,7199.8828,-0.010378881011275931,-0.0082854280336625,-0.0020934529776134303
2025-09-18,short_1000_long_500,-1,7476.402,7199.8828,7438.1887,7170.3488,-0.005111188510195208,-0.004102011216071566,0.001009177294123642
2025-09-19,short_1000_long_500,-1,7438.1887,7170.3488,7489.4784,7225.1281,0.006895455610046675,0.007639698085537994,0.0007442424754913191
2025-09-22,short_1000_long_500,-1,7489.4784,7225.1281,7408.0691,7180.7137,-0.010869822389767525,-0.006147212808586655,0.00472260958118087
2025-09-23,short_1000_long_500,-1,7408.0691,7180.7137,7534.2223,7323.7093,0.017029160810608568,0.019913842268909798,0.0028846814583012304
2025-09-24,long_1000_short_500,1,7534.2223,7323.7093,7506.5124,7341.3238,-0.003677871304646918,0.002405133693659911,-0.006083004998306829
2025-09-25,short_1000_long_500,-1,7506.5124,7341.3238,7397.5894,7240.9114,-0.014510466938015054,-0.01367769665737939,0.000832770280635664
2025-09-26,long_1000_short_500,1,7397.5894,7240.9114,7497.8308,7350.5599,0.013550549318133376,0.01514291419171343,-0.0015923648735800544
2025-09-29,short_1000_long_500,-1,7497.8308,7350.5599,7574.9631,7412.3684,0.010287282022955146,0.008408679181024059,-0.0018786028419310874
2025-09-30,long_1000_short_500,1,7574.9631,7412.3684,7648.0523,7548.9226,0.009648786275935795,0.018422478839556833,-0.008773692563621038
2025-10-09,long_1000_short_500,1,7648.0523,7548.9226,7533.8201,7398.2241,-0.01493611648027049,-0.019962914972793566,0.005026798492523077
2025-10-10,long_1000_short_500,1,7533.8201,7398.2241,7519.7636,7376.5636,-0.0018657865217672764,-0.0029277972263640484,0.001062010704596772
2025-10-13,long_1000_short_500,1,7519.7636,7376.5636,7373.1522,7194.8509,-0.019496809713539398,-0.024633787472529867,0.005136977758990469
2025-10-14,long_1000_short_500,1,7373.1522,7194.8509,7483.449,7294.0014,0.014959246331575748,0.01378075812523094,0.0011784882063448077
2025-10-15,short_1000_long_500,-1,7483.449,7294.0014,7401.8375,7231.5336,-0.010905599810996258,-0.008564270360573278,0.00234132945042298
2025-10-16,short_1000_long_500,-1,7401.8375,7231.5336,7185.4781,7016.0661,-0.02923049850797177,-0.029795547102207998,-0.0005650485942362282
2025-10-17,long_1000_short_500,1,7185.4781,7016.0661,7239.1845,7069.6412,0.007474297360950732,0.007636059757190727,-0.000161762396239995
2025-10-20,short_1000_long_500,-1,7239.1845,7069.6412,7344.0468,7185.624,0.014485374699318765,0.016405754792760963,0.0019203800934421977
2025-10-21,short_1000_long_500,-1,7344.0468,7185.624,7312.21,7128.4776,-0.004335048627413407,-0.007952879248900202,-0.003617830621486795
2025-10-22,long_1000_short_500,1,7312.21,7128.4776,7308.0992,7142.9536,-0.0005621829788805544,0.0020307281319085213,-0.0025929111107890757
2025-10-23,long_1000_short_500,1,7308.0992,7142.9536,7419.2352,7258.5343,0.015207237471543955,0.016181079490702688,-0.0009738420191587327
2025-10-24,short_1000_long_500,-1,7419.2352,7258.5343,7495.3831,7379.3941,0.010263578111123994,0.01665071693606235,0.006387138824938354
2025-10-27,short_1000_long_500,-1,7495.3831,7379.3941,7479.221,7341.0304,-0.0021562740402155667,-0.005198760152950843,-0.0030424861127352765
2025-10-28,short_1000_long_500,-1,7479.221,7341.0304,7569.117,7480.9666,0.012019433574699923,0.019062201404315138,0.007042767829615215
2025-10-29,short_1000_long_500,-1,7569.117,7480.9666,7485.0848,7385.7109,-0.011101981908854142,-0.01273307382497868,-0.0016310919161245385
2025-10-30,long_1000_short_500,1,7485.0848,7385.7109,7506.6746,7331.0031,0.002884376139599798,-0.007407249043555164,0.010291625183154962
2025-10-31,long_1000_short_500,1,7506.6746,7331.0031,7538.1178,7333.6013,0.004188698948000225,0.00035441261783120126,0.0038342863301690233
2025-11-03,short_1000_long_500,-1,7538.1178,7333.6013,7435.7308,7210.8253,-0.013582568316987564,-0.016741570065991973,-0.0031590017490044087
2025-11-04,short_1000_long_500,-1,7435.7308,7210.8253,7464.8632,7229.341,0.003917893315879439,0.002567764330665412,-0.0013501289852140275
2025-11-05,long_1000_short_500,1,7464.8632,7229.341,7551.8299,7345.723,0.011650139817699579,0.01609856278739641,-0.00444842296969683
2025-11-06,short_1000_long_500,-1,7551.8299,7345.723,7541.878,7327.9108,-0.0013178130508474384,-0.0024248395971370185,-0.00110702654628958
2025-11-07,long_1000_short_500,1,7541.878,7327.9108,7563.2535,7343.8017,0.002834241020605255,0.002168544409683726,0.000665696610921529
2025-11-10,long_1000_short_500,1,7563.2535,7343.8017,7540.791,7291.6084,-0.002969952018664901,-0.007107122731813353,0.0041371707131484525
2025-11-11,long_1000_short_500,1,7540.791,7291.6084,7486.3766,7243.2483,-0.007216006914924522,-0.00663229528343845,-0.0005837116314860724
2025-11-12,short_1000_long_500,-1,7486.3766,7243.2483,7590.5763,7355.2911,0.013918575776698194,0.015468584723238088,0.0015500089465398936
2025-11-13,long_1000_short_500,1,7590.5763,7355.2911,7502.7567,7235.4617,-0.011569556319458885,-0.01629159177670081,0.004722035457241924
2025-11-14,long_1000_short_500,1,7502.7567,7235.4617,7523.0758,7235.3512,0.002708217900761589,-1.5272003996646966e-05,0.002723489904758236
2025-11-17,short_1000_long_500,-1,7523.0758,7235.3512,7448.1007,7151.0176,-0.009966016825192603,-0.011655771457230735,-0.0016897546320381318
2025-11-18,short_1000_long_500,-1,7448.1007,7151.0176,7387.2084,7122.7465,-0.008175547357999524,-0.003953437340162624,0.0042221100178369
2025-11-19,short_1000_long_500,-1,7387.2084,7122.7465,7340.4118,7061.9497,-0.006334815192163834,-0.008535583850976636,-0.0022007686588128017
2025-11-20,short_1000_long_500,-1,7340.4118,7061.9497,7067.703,6817.4103,-0.03715170312379468,-0.03462774593254336,0.0025239571912513137
2025-11-21,long_1000_short_500,1,7067.703,6817.4103,7156.4085,6868.9664,0.012550824504085512,0.007562417066198979,0.004988407437886533
2025-11-24,long_1000_short_500,1,7156.4085,6868.9664,7249.9471,6954.6034,0.013070606575910304,0.012467232333528422,0.0006033742423818822
2025-11-25,short_1000_long_500,-1,7249.9471,6954.6034,7248.4489,6965.0453,-0.00020664978369289155,0.0015014371631889567,0.0017080869468818483
2025-11-26,short_1000_long_500,-1,7248.4489,6965.0453,7257.454,6951.2844,0.0012423485526675826,-0.0019757086145585356,-0.0032180571672261182
2025-11-27,short_1000_long_500,-1,7257.454,6951.2844,7334.2097,7031.5505,0.010576119393936212,0.011546945194761626,0.0009708258008254145
2025-11-28,long_1000_short_500,1,7334.2097,7031.5505,7386.6811,7101.8323,0.0071543359334271805,0.009995206604858975,-0.0028408706714317944
2025-12-01,short_1000_long_500,-1,7386.6811,7101.8323,7313.178,7040.3008,-0.009950761242420447,-0.008664172484050381,0.0012865887583700664
2025-12-02,short_1000_long_500,-1,7313.178,7040.3008,7248.274,6996.3552,-0.008874937817731188,-0.006242006023378988,0.0026329317943522
2025-12-03,long_1000_short_500,1,7248.274,6996.3552,7248.6573,7012.8061,5.2881554974293365e-05,0.0023513528872862732,-0.00229847133231198
2025-12-04,short_1000_long_500,-1,7248.6573,7012.8061,7342.4924,7097.8389,0.012945169859251093,0.01212536020352828,-0.0008198096557228141
2025-12-05,long_1000_short_500,1,7342.4924,7097.8389,7423.0462,7172.3671,0.010970906827223903,0.01050012560865543,0.0004707812185684723
2025-12-08,short_1000_long_500,-1,7423.0462,7172.3671,7380.5835,7121.3256,-0.005720387406453198,-0.007116409309278149,-0.001396021902824951
2025-12-09,short_1000_long_500,-1,7380.5835,7121.3256,7408.2441,7155.9944,0.0037477524642868243,0.004868307102823488,0.0011205546385366638
2025-12-10,short_1000_long_500,-1,7408.2441,7155.9944,7311.9952,7082.8932,-0.012992133992992927,-0.01021537971019082,0.0027767542828021075
2025-12-11,long_1000_short_500,1,7311.9952,7082.8932,7370.9416,7169.791,0.008061602666259882,0.01226868703879358,-0.004207084372533698
2025-12-12,short_1000_long_500,-1,7370.9416,7169.791,7309.0775,7113.962,-0.0083929711232551,-0.007786698384931956,0.0006062727383231437
2025-12-15,long_1000_short_500,1,7309.0775,7113.962,7181.62,7001.3188,-0.01743824716593856,-0.015834102009541273,-0.0016041451563972853
2025-12-16,long_1000_short_500,1,7181.62,7001.3188,7288.7384,7137.8339,0.014915631849081512,0.019498483628541452,-0.00458285177945994
2025-12-17,short_1000_long_500,-1,7288.7384,7137.8339,7272.4024,7100.8359,-0.002241265786133928,-0.005183365222325986,-0.0029420994361920583
2025-12-18,long_1000_short_500,1,7272.4024,7100.8359,7329.8057,7169.5511,0.007893306343994322,0.009677057879903916,-0.0017837515359095946
2025-12-19,long_1000_short_500,1,7329.8057,7169.5511,7408.3488,7255.6607,0.010715577358346495,0.012010459064863976,-0.0012948817065174811
2025-12-22,short_1000_long_500,-1,7408.3488,7255.6607,7392.4204,7256.7864,-0.0021500607530789972,0.0001551478282328933,0.0023052085813118905
2025-12-23,long_1000_short_500,1,7392.4204,7256.7864,7506.3814,7352.0396,0.01541592520901558,0.013126085673405008,0.0022898395356105716
2025-12-24,short_1000_long_500,-1,7506.3814,7352.0396,7579.3791,7410.7119,0.009724752328731823,0.007980411313345037,-0.0017443410153867855
2025-12-25,long_1000_short_500,1,7579.3791,7410.7119,7605.5299,7458.8386,0.003450256235368876,0.0064942073918701215,-0.0030439511565012456
2025-12-26,long_1000_short_500,1,7605.5299,7458.8386,7594.1575,7430.6147,-0.0014952804274689369,-0.0037839537109705113,0.0022886732835015744
2025-12-29,short_1000_long_500,-1,7594.1575,7430.6147,7597.299,7458.936,0.0004136732744877136,0.00381143433530462,0.003397761060816906
2025-12-30,short_1000_long_500,-1,7597.299,7458.936,7595.2845,7465.5742,-0.0002651600259513387,0.0008899660755905536,0.0011551261015418923
