signal_date,signal,trade_ret,pnl_pts,exit_date,realize_date,equity,cum_ret,cum_pnl_pts
2024-01-03,1,0.0020919882274179624,9.400000000000546,,2024-01-05,1.002091988227418,0.0020919882274179624,9.400000000000546
2024-01-04,-1,-0.00401362828732077,-17.399999999999636,,2024-01-08,0.9980699634769709,-0.0019300365230291439,-7.9999999999990905
2024-01-05,1,0.0013938886884914403,8.399999999999636,,2024-01-09,0.9994611619093845,-0.000538838090615501,0.4000000000005457
2024-01-08,-1,0.00028148262723015627,2.3999999999987267,,2024-01-10,0.9997424928630533,-0.0002575071369467219,2.7999999999992724
2024-01-09,1,-0.004555068633574244,-20.80000000000109,,2024-01-11,0.9951885971921615,-0.0048114028078385385,-18.00000000000182
2024-01-10,1,0.0028957011149141065,14.600000000000364,,2024-01-12,0.9980703659226007,-0.0019296340773993226,-3.400000000001455
2024-01-11,1,0.0014125413574097578,7.0,,2024-01-15,0.9994801815920714,-0.000519818407928585,3.599999999998545
2024-01-12,-1,-0.0019269305507335632,-9.800000000000182,,2024-01-16,0.997554252695309,-0.0024457473046910483,-6.200000000001637
2024-01-15,-1,-0.008968998485800128,-42.399999999999636,,2024-01-17,0.9886071901133813,-0.011392809886618727,-48.60000000000127
2024-01-16,1,-0.00025861418027839367,-1.3999999999996362,,2024-01-18,0.9883515222752928,-0.011648477724707229,-50.00000000000091
2024-01-17,-1,0.015134279468916767,82.80000000000018,,2024-01-19,1.0033095104269363,0.0033095104269362796,32.79999999999927
2024-01-18,1,0.02245070932389215,103.79999999999927,,2024-01-22,1.025834520607428,0.02583452060742797,136.59999999999854
2024-01-19,-1,0.0011745881396203472,-3.0000000000009095,,2024-01-23,1.0270394536685465,0.027039453668546543,133.59999999999764
2024-01-22,-1,0.0041120310785258685,15.0,,2024-01-24,1.031262671820904,0.03126267182090392,148.59999999999764
2024-01-23,1,-0.005912624274546419,-19.0,,2024-01-25,1.0251652031140621,0.025165203114062118,129.59999999999764
2024-01-24,1,0.0066264817533882026,30.199999999999818,,2024-01-26,1.0319584416267058,0.0319584416267058,159.79999999999745
2024-01-25,1,0.0011063715535467589,-1.6000000000003638,,2024-01-29,1.033100171090964,0.03310017109096397,158.1999999999971
2024-01-26,-1,-0.005507687473188971,-19.199999999999818,,2024-01-30,1.0274101782200968,0.027410178220096837,138.99999999999727
2024-01-29,-1,-0.003589393308370381,-7.200000000000728,,2024-01-31,1.023722399001442,0.023722399001441907,131.79999999999654
2024-01-30,-1,0.001350612348734792,7.600000000000364,,2024-02-01,1.0251050511152096,0.025105051115209553,139.3999999999969
2024-01-31,1,0.004852407193716157,11.0,,2024-02-02,1.0300792782395558,0.030079278239555807,150.3999999999969
2024-02-01,1,0.018203311385753373,57.400000000000546,,2024-02-05,1.0488301320933626,0.04883013209336262,207.79999999999745
2024-02-02,-1,0.03293834604795687,93.0,,2024-02-06,1.0833768619297781,0.08337686192977811,300.79999999999745
2024-02-05,-1,0.019821217250913126,77.40000000000055,,2024-02-07,1.1048507100747007,0.1048507100747007,378.199999999998
2024-02-06,1,0.0017453384471863842,14.199999999999818,,2024-02-08,1.1067790484973952,0.10677904849739517,392.3999999999978
2024-02-07,-1,-0.006503684881325356,-30.400000000000546,,2024-02-19,1.099580906332715,0.0995809063327151,361.99999999999727
2024-02-08,-1,0.00020913016955725894,-0.3999999999996362,,2024-02-20,1.0998108618740985,0.09981086187409849,361.59999999999764
2024-02-19,-1,-0.000647463100470036,-3.5999999999994543,,2024-02-21,1.0990987749235388,0.0990987749235388,357.9999999999982
2024-02-20,1,-0.0014916342124950965,-2.199999999999818,,2024-02-22,1.0974593215879513,0.09745932158795134,355.79999999999836
2024-02-21,-1,0.000801170309480792,0.1999999999998181,,2024-02-23,1.0983385734122706,0.09833857341227059,355.9999999999982
2024-02-22,1,0.0018899996981023293,9.400000000000546,,2024-02-26,1.1004144329844339,0.10041443298443387,365.3999999999987
2024-02-23,1,-0.002147611147274242,-3.800000000000182,,2024-02-27,1.098051170681535,0.09805117068153502,361.59999999999854
2024-02-26,-1,-0.0017700353849307016,1.199999999999818,,2024-02-28,1.096107581254964,0.0961075812549641,362.79999999999836
2024-02-27,1,-0.0021863135094188912,-2.0,,2024-02-29,1.09371114644229,0.09371114644228995,360.79999999999836
2024-02-28,-1,0.0007866415412574046,1.800000000000182,,2024-03-01,1.0945715050642177,0.09457150506421774,362.59999999999854
2024-02-29,1,0.0024906101299655425,12.599999999999454,,2024-03-04,1.0972976559427023,0.09729765594270234,375.199999999998
2024-03-01,1,0.0016803148059342243,5.800000000000182,,2024-03-05,1.0991414614404997,0.09914146144049973,380.9999999999982
2024-03-04,-1,-3.9178804562833847e-05,-1.6000000000003638,,2024-03-06,1.099098398391995,0.09909839839199508,379.3999999999978
2024-03-05,-1,-0.00012437406605303458,2.199999999999818,,2024-03-07,1.0989616990551947,0.0989616990551947,381.59999999999764
2024-03-06,1,0.0007968872173529373,7.0,,2024-03-08,1.0998374475855321,0.09983744758553215,388.59999999999764
2024-03-07,1,0.002207244498939609,16.199999999999818,,2024-03-11,1.102265057741443,0.10226505774144301,404.79999999999745
2024-03-08,1,-0.0017485218279553738,-8.0,,2024-03-12,1.1003377232277896,0.10033772322778955,396.79999999999745
2024-03-11,1,-0.00020098994168971096,0.1999999999998181,,2024-03-13,1.100116566412959,0.10011656641295907,396.99999999999727
2024-03-12,-1,-0.002102064792858349,-9.800000000000182,,2024-03-14,1.0978040501106623,0.09780405011066229,387.1999999999971
2024-03-13,1,-0.011186121455416975,-56.600000000000364,,2024-03-15,1.0855238806718757,0.08552388067187566,330.5999999999967
2024-03-14,1,-0.001923511763510577,-6.599999999999454,,2024-03-18,1.0834358627178318,0.08343586271783177,323.99999999999727
2024-03-15,-1,0.0002052500570374205,3.0,,2024-03-19,1.0836582379904511,0.08365823799045113,326.99999999999727
2024-03-18,1,0.00027270622499342423,3.0,,2024-03-20,1.0839537583377166,0.08395375833771657,329.99999999999727
2024-03-19,-1,0.00013496577993143966,0.8000000000001819,,2024-03-21,1.0841000550021203,0.08410005500212026,330.79999999999745
2024-03-20,-1,-0.0007724269203823741,-2.0,,2024-03-22,1.0832626669352485,0.08326266693524853,328.79999999999745
2024-03-21,-1,-0.002583281718466224,-9.799999999999272,,2024-03-25,1.0804642942914577,0.08046429429145774,318.9999999999982
2024-03-22,-1,-0.00023400052376776337,-9.094947017729282e-13,,2024-03-26,1.080211465080681,0.08021146508068111,318.99999999999727
2024-03-25,1,0.002344736009778914,5.600000000000364,,2024-03-27,1.0827442758010317,0.08274427580103172,324.59999999999764
2024-03-26,-1,-2.471998579745005e-05,-5.199999999999818,,2024-03-28,1.0827175103779116,0.08271751037791164,319.3999999999978
2024-03-27,-1,0.0008914559863553162,2.2000000000007276,,2024-03-29,1.0836827053840699,0.08368270538406986,321.59999999999854
2024-03-28,1,-0.0035409300653201914,-13.599999999999454,,2024-04-01,1.079845460711308,0.07984546071130794,307.9999999999991
2024-03-29,1,7.331404082322468e-05,-0.8000000000001819,,2024-04-02,1.079924628545497,0.07992462854549709,307.1999999999989
2024-04-01,1,0.0030983437057768848,15.399999999999636,,2024-04-03,1.0832706062210644,0.08327060622106441,322.59999999999854
2024-04-02,-1,-0.0027891487806982473,-10.0,,2024-04-08,1.0802492033305566,0.08024920333055663,312.59999999999854
2024-04-03,-1,0.0007243742852924839,0.3999999999996362,,2024-04-09,1.081031708075157,0.08103170807515703,312.9999999999982
2024-04-08,-1,-0.0018748783909787736,-5.800000000000182,,2024-04-10,1.079004905085724,0.079004905085724,307.199999999998
2024-04-09,1,0.0010610021856864993,6.399999999999636,,2024-04-11,1.0801497316483863,0.08014973164838635,313.59999999999764
2024-04-10,1,0.0018883220428875802,7.800000000000182,,2024-04-12,1.082189402196277,0.08218940219627702,321.3999999999978
2024-04-11,1,0.0036697426096400365,16.600000000000364,,2024-04-15,1.0861607587572175,0.08616075875721751,337.9999999999982
2024-04-12,-1,-0.00021051970112118124,8.800000000000182,,2024-04-16,1.0859321005189144,0.08593210051891442,346.79999999999836
2024-04-15,1,-0.0034806098887889547,-5.600000000000364,,2024-04-17,1.082152394511295,0.08215239451129497,341.199999999998
2024-04-16,1,-0.001512557968435413,-7.600000000000364,,2024-04-18,1.0805155762839154,0.08051557628391537,333.59999999999764
2024-04-17,1,-0.023629334076741282,-126.99999999999909,,2024-04-19,1.05498371275678,0.054983712756780045,206.59999999999854
2024-04-18,1,0.015903682837964173,79.79999999999927,,2024-04-22,1.0717618391236818,0.07176183912368184,286.3999999999978
2024-04-19,-1,-0.001145146993713042,-4.400000000000546,,2024-04-23,1.070534514275633,0.07053451427563306,281.99999999999727
2024-04-22,1,-0.0024238512238150545,-7.399999999999636,,2024-04-24,1.0679396978830697,0.06793969788306975,274.59999999999764
2024-04-23,-1,-0.001215844015596046,-6.399999999999636,,2024-04-25,1.0666412497923812,0.06664124979238117,268.199999999998
2024-04-24,1,-0.002590099306035043,-8.200000000000728,,2024-04-26,1.0638785430315056,0.06387854303150564,259.99999999999727
2024-04-25,1,-0.002051471530493343,-5.399999999999636,,2024-04-29,1.0616960264885738,0.06169602648857375,254.59999999999764
2024-04-26,1,-0.0012178775840568923,-8.399999999999636,,2024-04-30,1.060403010696831,0.06040301069683096,246.199999999998
2024-04-29,1,-0.002035846840066302,-7.800000000000182,,2024-05-06,1.058244192578307,0.05824419257830704,238.39999999999782
2024-04-30,-1,-0.0017353110812788897,-9.599999999999454,,2024-05-07,1.0564078097042269,0.056407809704226874,228.79999999999836
2024-05-06,-1,-0.002155549438825677,-8.800000000000182,,2024-05-08,1.054130670442848,0.05413067044284792,219.99999999999818
2024-05-07,-1,0.002119067538490338,7.9999999999990905,,2024-05-09,1.0563644445279103,0.05636444452791034,227.99999999999727
2024-05-08,-1,-0.0016207700369150757,-7.0,,2024-05-10,1.054652320688157,0.05465232068815706,220.99999999999727
2024-05-09,1,0.0015120150127621024,6.199999999999818,,2024-05-13,1.056246970830282,0.05624697083028196,227.1999999999971
2024-05-10,-1,0.0006560244329993914,2.600000000000364,,2024-05-14,1.0569398946504283,0.05693989465042826,229.79999999999745
2024-05-13,-1,-0.0006556494088280074,-2.0,,2024-05-15,1.056246912633334,0.056246912633334034,227.79999999999745
2024-05-14,-1,0.0003251963616799358,2.0,,2024-05-16,1.056590400286358,0.05659040028635798,229.79999999999745
2024-05-15,1,-0.0012448457423188675,-2.800000000000182,,2024-05-17,1.0552751082251866,0.05527510822518655,226.99999999999727
2024-05-16,-1,0.0004255772730841212,2.0,,2024-05-20,1.0557242093280985,0.05572420932809852,228.99999999999727
2024-05-17,1,0.0012511326173459958,4.800000000000182,,2024-05-21,1.0570450603213106,0.057045060321310626,233.79999999999745
2024-05-20,-1,0.0005072745676295565,2.5999999999994543,,2024-05-22,1.05758127239725,0.05758127239724997,236.3999999999969
2024-05-21,-1,-0.0006395717804011936,0.4000000000005457,,2024-05-23,1.056904873259944,0.05690487325994398,236.79999999999745
2024-05-22,-1,-0.00026529354664017735,0.8000000000001819,,2024-05-24,1.0566244832176555,0.05662448321765545,237.59999999999764
2024-05-23,1,0.0008900273094949451,6.0,,2024-05-27,1.0575649078636002,0.057564907863600245,243.59999999999764
2024-05-24,-1,-0.002536794398236508,-11.199999999999818,,2024-05-28,1.0548820831295604,0.054882083129560444,232.39999999999782
2024-05-27,-1,-0.00043640378601539354,-2.4000000000005457,,2024-05-29,1.0544217285946829,0.05442172859468286,229.99999999999727
2024-05-28,-1,-0.0003402170223787415,-1.9999999999990905,,2024-05-30,1.054062996373849,0.05406299637384904,227.99999999999818
2024-05-29,1,-0.0011813957732609293,-5.199999999998909,,2024-05-31,1.0528177308051823,0.05281773080518226,222.79999999999927
2024-05-30,1,0.002152339332138875,7.799999999999272,,2024-06-03,1.0550837518167675,0.0550837518167675,230.59999999999854
2024-05-31,1,0.0003722682441289482,3.600000000000364,,2024-06-04,1.0554765259924652,0.05547652599246522,234.1999999999989
2024-06-03,-1,-0.0005184799088171488,-0.4000000000005457,,2024-06-05,1.05492928261951,0.05492928261951002,233.79999999999836
2024-06-04,1,-9.458744701362765e-05,-4.600000000000364,,2024-06-06,1.0548294995518872,0.054829499551887206,229.199999999998
2024-06-05,1,0.00014183608125373226,1.199999999999818,,2024-06-07,1.0549791124344945,0.05497911243449449,230.39999999999782
2024-06-06,1,0.0005568608326840252,5.0,,2024-06-11,1.0555665889815091,0.055566588981509124,235.39999999999782
2024-06-07,-1,-0.001516911849693714,-7.800000000000182,,2024-06-12,1.0539653875145423,0.05396538751454227,227.59999999999764
2024-06-11,1,0.003036686033655367,13.799999999999272,,2024-06-13,1.057165949486764,0.05716594948676401,241.3999999999969
2024-06-12,-1,0.0020127485293297553,8.599999999999454,,2024-06-14,1.059293758696851,0.05929375869685094,249.99999999999636
2024-06-13,1,0.0005653020404141618,2.600000000000364,,2024-06-17,1.0598925796200402,0.05989257962004024,252.59999999999673
2024-06-14,1,-0.0016042928769115505,-5.600000000000364,,2024-06-18,1.0581922015042644,0.05819220150426441,246.99999999999636
2024-06-17,-1,-0.001917874600419034,-6.600000000000364,,2024-06-19,1.0561627215586378,0.056162721558637774,240.399999999996
2024-06-18,1,0.002762839047493304,9.799999999999272,,2024-06-20,1.059080729166267,0.05908072916626694,250.19999999999527
2024-06-19,-1,0.012546743207842659,63.79999999999927,,2024-06-21,1.072368743111491,0.072368743111491,313.99999999999454
2024-06-20,1,0.0026620810089882374,7.599999999999454,,2024-06-24,1.0752234755771608,0.0752234755771608,321.599999999994
2024-06-21,-1,-0.0006233689201219361,-2.0,,2024-06-25,1.0745532146803005,0.07455321468030052,319.599999999994
2024-06-24,1,-0.0017386441751328086,-2.800000000000182,,2024-06-26,1.0726849489927264,0.07268494899272637,316.7999999999938
2024-06-25,1,0.000607567773951323,-1.199999999999818,,2024-06-27,1.0733366777993372,0.07333667779933717,315.599999999994
2024-06-26,1,-0.0005945208113624645,-2.199999999999818,,2024-06-28,1.0726985568067868,0.07269855680678683,313.3999999999942
2024-06-27,1,-0.00026447007540419953,0.1999999999998181,,2024-07-01,1.0724148601385821,0.07241486013858212,313.599999999994
2024-06-28,-1,-0.0014398210179074056,-5.800000000000182,,2024-07-02,1.0708707746830384,0.07087077468303837,307.7999999999938
2024-07-01,-1,-0.00041015970350855024,-0.8000000000001819,,2024-07-03,1.0704315466435983,0.0704315466435983,306.99999999999363
2024-07-02,1,0.00165546110430137,4.0,,2024-07-04,1.0722036044338839,0.07220360443388385,310.99999999999363
2024-07-03,1,-0.0009337783001264199,-2.4000000000005457,,2024-07-05,1.071202403974746,0.07120240397474609,308.5999999999931
2024-07-04,1,0.00270027066708578,8.200000000000728,,2024-07-08,1.0740949404047109,0.07409494040471087,316.7999999999938
2024-07-05,1,-0.0020715106993809407,-5.199999999999818,,2024-07-09,1.0718699412435115,0.07186994124351154,311.599999999994
2024-07-08,1,-0.0011067797756879605,-5.400000000000546,,2024-07-10,1.0706836172703753,0.07068361727037531,306.19999999999345
2024-07-09,1,-0.0017637516198396597,-3.600000000000364,,2024-07-11,1.068795197306079,0.06879519730607897,302.5999999999931
2024-07-10,1,-0.0007646658884565838,-4.199999999999818,,2024-07-12,1.0679779260769529,0.06797792607695285,298.39999999999327
2024-07-11,1,0.00265620728446192,10.600000000000364,,2024-07-15,1.070814696823843,0.070814696823843,308.99999999999363
2024-07-12,-1,-0.002269554884323677,-10.800000000000182,,2024-07-16,1.0683844240984608,0.0683844240984608,298.19999999999345
2024-07-15,-1,-0.004761556707818082,-21.0,,2024-07-17,1.0632972510773664,0.06329725107736639,277.19999999999345
2024-07-16,-1,0.002105966973255269,8.800000000000182,,2024-07-18,1.0655365199708884,0.06553651997088838,285.99999999999363
2024-07-17,1,-0.011851940354531076,-56.80000000000018,,2024-07-19,1.0529078446906188,0.05290784469061882,229.19999999999345
2024-07-18,1,0.01783865073333213,82.59999999999945,,2024-07-22,1.0716902999864404,0.07169029998644039,311.7999999999929
2024-07-19,-1,-0.0024779455343119094,-4.600000000000364,,2024-07-23,1.0690347097934236,0.06903470979342363,307.19999999999254
2024-07-22,1,0.0018007439533805902,5.199999999999818,,2024-07-24,1.070959767583038,0.07095976758303801,312.39999999999236
2024-07-23,-1,0.00015258984610566628,0.1999999999998181,,2024-07-25,1.071123185169159,0.07112318516915894,312.5999999999922
2024-07-24,1,-0.000360810959688429,2.800000000000182,,2024-07-26,1.0707367121847735,0.07073671218477351,315.39999999999236
2024-07-25,1,0.0020148643941941824,7.600000000000364,,2024-07-29,1.072894101461711,0.07289410146171105,322.9999999999927
2024-07-26,1,-0.0012556956850238166,-4.600000000000364,,2024-07-30,1.071546872968018,0.07154687296801798,318.39999999999236
2024-07-29,-1,0.009311500821754137,28.800000000000182,,2024-07-31,1.0815245825562076,0.08152458255620765,347.19999999999254
2024-07-30,1,0.0018651522268243736,7.199999999999818,,2024-08-01,1.0835417905397278,0.08354179053972777,354.39999999999236
2024-07-31,1,0.002325632067866068,7.800000000000182,,2024-08-02,1.0860617100746799,0.08606171007467989,362.19999999999254
2024-08-01,-1,-0.0016133066152025366,-1.6000000000003638,,2024-08-05,1.0843095595332983,0.08430955953329833,360.5999999999922
2024-08-02,1,-0.0012801323651998597,-2.800000000000182,,2024-08-06,1.082921499772244,0.08292149977224406,357.799999999992
2024-08-05,1,0.0028666675092143823,12.399999999999636,,2024-08-07,1.0860258756506709,0.08602587565067088,370.19999999999163
2024-08-06,-1,0.0018308006729348403,7.399999999999636,,2024-08-08,1.0880141725546368,0.08801417255463684,377.59999999999127
2024-08-07,-1,-0.0030480740043620225,-11.399999999999636,,2024-08-09,1.0846978248388957,0.08469782483889565,366.19999999999163
2024-08-08,1,-0.000800131415373273,-4.0,,2024-08-12,1.083829924033055,0.08382992403305489,362.19999999999163
2024-08-09,-1,0.001346201265967295,5.399999999999636,,2024-08-13,1.0852889772488814,0.0852889772488814,367.59999999999127
2024-08-12,1,0.002643548099239612,9.400000000000546,,2024-08-14,1.0881579908618135,0.08815799086181353,376.9999999999918
2024-08-13,-1,0.010631690991577236,47.00000000000091,,2024-08-15,1.099726950370672,0.09972695037067192,423.9999999999927
2024-08-14,1,6.930121353998508e-05,-1.0,,2024-08-16,1.0998031627828952,0.09980316278289525,422.9999999999927
2024-08-15,-1,0.0004298817821259959,1.199999999999818,,2024-08-19,1.1002759481265,0.10027594812650009,424.19999999999254
2024-08-16,1,0.0009857054556214884,0.8000000000001819,,2024-08-20,1.1013604961312575,0.10136049613125753,424.9999999999927
2024-08-19,1,-0.0007278805613432082,-3.800000000000182,,2024-08-21,1.1005588372350923,0.10055883723509229,421.19999999999254
2024-08-20,-1,-0.001163632482457433,-3.0,,2024-08-22,1.09927819122323,0.0992781912232299,418.19999999999254
2024-08-21,1,-0.0019335063317629242,-8.199999999999818,,2024-08-23,1.097152729880131,0.0971527298801309,409.9999999999927
2024-08-22,1,-0.0007419869312021987,-2.600000000000364,,2024-08-26,1.0963386568930271,0.09633865689302712,407.39999999999236
2024-08-23,-1,-0.0010908538592400152,-2.800000000000182,,2024-08-27,1.0951427116381214,0.09514271163812138,404.5999999999922
2024-08-26,-1,3.09364777826282e-05,-0.1999999999998181,,2024-08-28,1.0951765914962888,0.09517659149628876,404.39999999999236
2024-08-27,1,-0.0015469279955342419,-3.399999999999636,,2024-08-29,1.0934824321668495,0.09348243216684948,400.9999999999927
2024-08-28,-1,0.00127508174229507,1.800000000000182,,2024-08-30,1.0948767116516258,0.09487671165162581,402.7999999999929
2024-08-29,1,0.0016406316616643934,3.2000000000007276,,2024-09-02,1.0966730010503805,0.09667300105038046,405.99999999999363
2024-08-30,1,0.001272845231640618,6.799999999999272,,2024-09-03,1.0980688960504363,0.09806889605043634,412.7999999999929
2024-09-02,-1,-0.0001987034455864789,-0.3999999999996362,,2024-09-04,1.0978507059772997,0.09785070597729972,412.39999999999327
2024-09-03,-1,0.0013145173364532692,4.0,,2024-09-05,1.0992938497631444,0.09929384976314437,416.39999999999327
2024-09-04,1,0.0024692377653884323,7.600000000000364,,2024-09-06,1.1020082676522387,0.1020082676522387,423.99999999999363
2024-09-05,1,-0.00025329680557950596,-2.800000000000182,,2024-09-09,1.1017291324783203,0.10172913247832027,421.19999999999345
2024-09-06,-1,-0.0002127980204635893,-1.6000000000003638,,2024-09-10,1.1014946866998419,0.10149468669984185,419.5999999999931
2024-09-09,-1,-0.0011090475182355952,-4.800000000000182,,2024-09-11,1.1002730767512077,0.10027307675120767,414.7999999999929
2024-09-10,1,0.0002995487524274365,0.9999999999990905,,2024-09-12,1.1006026621786782,0.10060266217867819,415.799999999992
2024-09-11,1,0.00016019914078380104,-1.5999999999994543,,2024-09-13,1.1007789777795036,0.10077897777950362,414.19999999999254
2024-09-12,1,0.0034886441135788537,14.199999999999818,,2024-09-18,1.1046192038806855,0.10461920388068546,428.39999999999236
2024-09-13,1,-0.002082617113306151,-4.800000000000182,,2024-09-19,1.102318705022997,0.102318705022997,423.5999999999922
2024-09-18,1,-0.007013650084405465,-32.99999999999909,,2024-09-20,1.0945874273444707,0.09458742734447068,390.5999999999931
2024-09-19,-1,0.0003675261557614107,1.0,,2024-09-23,1.0949897168537874,0.09498971685378743,391.5999999999931
2024-09-20,-1,0.00486741864574225,12.400000000000546,,2024-09-24,1.1003194902184976,0.10031949021849762,403.99999999999363
2024-09-23,1,-0.0020457814733043644,-8.400000000000546,,2024-09-25,1.098068476990693,0.09806847699069299,395.5999999999931
2024-09-24,1,-0.0056603487296560395,-17.199999999999818,,2024-09-26,1.0918530264818833,0.09185302648188332,378.39999999999327
2024-09-25,-1,-0.0021869003723613556,-22.0,,2024-09-27,1.0894652526917061,0.08946525269170613,356.39999999999327
2024-09-26,1,-0.007393096206237404,-25.399999999999636,,2024-09-30,1.0814107312652037,0.0814107312652037,330.99999999999363
2024-09-27,1,-0.006950652918374045,-30.399999999999636,,2024-10-08,1.0738942206099742,0.07389422060997419,300.599999999994
2024-09-30,-1,-0.002996960791669556,-10.800000000000182,,2024-10-09,1.0706758017364055,0.07067580173640553,289.7999999999938
2024-10-08,-1,0.0007003827221760961,5.600000000000364,,2024-10-10,1.0714256845689938,0.07142568456899379,295.3999999999942
2024-10-09,1,0.0025665930343525822,9.800000000000182,,2024-10-11,1.074175598267835,0.07417559826783493,305.19999999999436
2024-10-10,-1,-0.0022188071335957904,-15.800000000000182,,2024-10-14,1.0717922097876638,0.07179220978766376,289.3999999999942
2024-10-11,-1,-0.00417007000670111,-19.799999999999272,,2024-10-15,1.0673227612402123,0.0673227612402123,269.5999999999949
2024-10-14,-1,0.0020740333245596876,9.800000000000182,,2024-10-16,1.0695364242150855,0.06953642421508555,279.3999999999951
2024-10-15,-1,-0.0018836162794994005,-9.200000000000728,,2024-10-17,1.0675218279949164,0.06752182799491635,270.19999999999436
2024-10-16,1,-0.012826122978686794,-62.0,,2024-10-18,1.053829661746621,0.05382966174662096,208.19999999999436
2024-10-17,-1,-0.012969389581454438,-74.60000000000036,,2024-10-21,1.0401621343109366,0.040162134310936626,133.599999999994
2024-10-18,-1,-0.0011340664710066672,-7.199999999999818,,2024-10-22,1.038982521310004,0.038982521310003904,126.39999999999418
2024-10-21,-1,0.0007837036234994432,4.0000000000009095,,2024-10-23,1.039796775676707,0.03979677567670703,130.3999999999951
2024-10-22,-1,-9.919122976431716e-05,0.3999999999996362,,2024-10-24,1.0396936369558227,0.03969363695582273,130.79999999999472
2024-10-23,1,-0.0004897512457466835,1.3999999999996362,,2024-10-25,1.0391844457019288,0.039184445701928805,132.19999999999436
2024-10-24,1,-0.0009633750249651296,-3.7999999999992724,,2024-10-28,1.0381833213606073,0.038183321360607314,128.3999999999951
2024-10-25,1,0.0018202118243897392,8.199999999999818,,2024-10-29,1.040073034918032,0.04007303491803205,136.5999999999949
2024-10-28,-1,-0.0005727280286118575,-4.0,,2024-10-30,1.039477355939131,0.03947735593913104,132.5999999999949
2024-10-29,1,0.0010353484345693165,8.600000000000364,,2024-10-31,1.0405535771923728,0.04055357719237285,141.19999999999527
2024-10-30,-1,0.00022849630649812713,6.600000000000364,,2024-11-01,1.0407913398414745,0.04079133984147454,147.79999999999563
2024-10-31,-1,-0.00038833780045344213,-6.600000000000364,,2024-11-04,1.0403871612218296,0.040387161221829615,141.19999999999527
2024-11-01,1,-0.00035241691356646676,4.799999999999272,,2024-11-05,1.0400205111895577,0.04002051118955774,145.99999999999454
2024-11-04,1,0.0012177497120602343,7.600000000000364,,2024-11-06,1.0412869958675957,0.041286995867595655,153.5999999999949
2024-11-05,1,-0.0008855585349270001,-1.6000000000003638,,2024-11-07,1.0403648752810966,0.04036487528109656,151.99999999999454
2024-11-06,-1,-0.0005842308684661512,-3.4000000000005457,,2024-11-08,1.0397570620064893,0.03975706200648932,148.599999999994
2024-11-07,1,0.0014932097693565183,12.599999999999454,,2024-11-11,1.0413096374092348,0.04130963740923477,161.19999999999345
2024-11-08,-1,-0.00017160081994704868,1.5999999999994543,,2024-11-12,1.0411309478216366,0.04113094782163662,162.7999999999929
2024-11-11,-1,-0.00015145781279091164,-0.5999999999994543,,2024-11-13,1.0409732604054507,0.040973260405450684,162.19999999999345
2024-11-12,1,0.002159844388948673,8.200000000000728,,2024-11-14,1.0432216006609831,0.04322160066098313,170.39999999999418
2024-11-13,1,-0.000935936142344107,-10.400000000000546,,2024-11-15,1.0422452118604504,0.04224521186045038,159.99999999999363
2024-11-14,1,0.0005515514097447216,-1.800000000000182,,2024-11-18,1.0428200636763516,0.042820063676351605,158.19999999999345
2024-11-15,1,-0.0012503715741731813,-2.399999999999636,,2024-11-19,1.0415161511117532,0.04151615111175322,155.79999999999382
2024-11-18,1,0.0020274372021442666,15.199999999999818,,2024-11-20,1.0436277597031514,0.04362775970315136,170.99999999999363
2024-11-19,-1,-0.0009923458887659553,-5.800000000000182,,2024-11-21,1.0425921199864079,0.042592119986407884,165.19999999999345
2024-11-20,-1,-0.004753167934437141,-19.800000000000182,,2024-11-22,1.0376365045529916,0.03763650455299161,145.39999999999327
2024-11-21,-1,0.0009293561963028552,3.600000000000364,,2024-11-25,1.0386008384680079,0.03860083846800788,148.99999999999363
2024-11-22,-1,-0.0003752071701120796,1.0,,2024-11-26,1.0382111479865304,0.03821114798653036,149.99999999999363
2024-11-25,1,-0.00376914387106142,-14.399999999999636,,2024-11-27,1.0342979808012294,0.034297980801229366,135.599999999994
2024-11-26,-1,-0.0028738688012721614,-15.0,,2024-11-28,1.0313255441029858,0.031325544102985825,120.599999999994
2024-11-27,1,-0.002403827052396057,-9.199999999999818,,2024-11-29,1.028846415860244,0.028846415860243946,111.39999999999418
2024-11-28,-1,-0.00021087178504619608,-5.399999999999636,,2024-12-02,1.028629461179993,0.0286294611799931,105.99999999999454
2024-11-29,1,-0.0004223780787782072,-2.600000000000364,,2024-12-03,1.0281949906444052,0.028194990644405227,103.39999999999418
2024-12-02,-1,-0.0007769905351093787,-1.2000000000007276,,2024-12-04,1.0273960928684276,0.02739609286842759,102.19999999999345
2024-12-03,1,0.0013162143473903765,11.0,,2024-12-05,1.0287483663463137,0.028748366346313725,113.19999999999345
2024-12-04,1,-0.0008423201563478866,-2.0,,2024-12-06,1.0278818308615303,0.027881830861530288,111.19999999999345
2024-12-05,1,0.0007679676645193645,2.0,,2024-12-09,1.028671210870579,0.02867121087057889,113.19999999999345
2024-12-06,1,-0.0013447776754098584,-4.400000000000546,,2024-12-10,1.0272878767908633,0.027287876790863308,108.7999999999929
2024-12-09,-1,0.0003484288144881553,-0.6000000000003638,,2024-12-11,1.0276458134879116,0.02764581348791162,108.19999999999254
2024-12-10,1,0.0006479960547327579,5.800000000000182,,2024-12-12,1.0283117239207145,0.02831172392071446,113.99999999999272
2024-12-11,-1,-0.002719154278903013,-12.399999999999636,,2024-12-13,1.0255155856965694,0.02551558569656942,101.59999999999309
2024-12-12,1,0.0011327743384751399,3.0,,2024-12-16,1.0266772634357528,0.02667726343575283,104.59999999999309
2024-12-13,1,-0.0002615827569961704,-6.599999999999454,,2024-12-17,1.026408702366638,0.02640870236663795,97.99999999999363
2024-12-16,-1,-8.015128719685016e-05,-2.399999999999636,,2024-12-18,1.0263264343879532,0.026326434387953235,95.599999999994
2024-12-17,1,-0.0008394979477908127,-3.800000000000182,,2024-12-19,1.025464835452521,0.025464835452521095,91.79999999999382
2024-12-18,-1,0.019528833510518817,119.60000000000036,,2024-12-20,1.045490967494965,0.04549096749496506,211.39999999999418
2024-12-19,1,0.00029967232200955873,-1.5999999999994543,,2024-12-23,1.0458042722008345,0.045804272200834495,209.79999999999472
2024-12-20,-1,0.00018518676842038673,-0.3999999999996362,,2024-12-24,1.0459979413144036,0.0459979413144036,209.3999999999951
2024-12-23,1,-0.0004487196000465543,-3.7999999999992724,,2024-12-25,1.0455285815365274,0.04552858153652739,205.59999999999582
2024-12-24,-1,0.0003249765949733252,0.8000000000001819,,2024-12-26,1.0458683538549025,0.04586835385490251,206.399999999996
2024-12-25,1,0.00021734720413890685,1.5999999999994543,,2024-12-27,1.0460956704175102,0.04609567041751017,207.99999999999545
2024-12-26,-1,-3.496986182183193e-05,-0.0,,2024-12-30,1.0460590885964633,0.04605908859646335,207.99999999999545
2024-12-27,1,-0.0001466507967642361,-5.399999999999636,,2024-12-31,1.0459056831976583,0.04590568319765831,202.59999999999582
2024-12-30,1,0.00115489019743098,3.399999999999636,,2025-01-02,1.0471135894186205,0.04711358941862054,205.99999999999545
2024-12-31,-1,0.001021564446360479,9.0,,2025-01-03,1.0481832834328715,0.04818328343287148,214.99999999999545
2025-01-02,1,0.0005461023390068709,2.399999999999636,,2025-01-06,1.048755698775662,0.048755698775662104,217.3999999999951
2025-01-03,1,3.8372666434582925e-05,1.800000000000182,,2025-01-07,1.0487959423282627,0.048795942328262676,219.19999999999527
2025-01-06,-1,4.6298668483713e-05,1.0,,2025-01-08,1.0488445001839035,0.048844500183903516,220.19999999999527
2025-01-07,-1,9.314123818016107e-05,0.5999999999994543,,2025-01-09,1.048942190859309,0.048942190859309065,220.79999999999472
2025-01-08,-1,-0.00042714413277022967,-0.0,,2025-01-10,1.0484941413568685,0.04849414135686847,220.79999999999472
2025-01-09,-1,0.0010046842080142504,4.800000000000182,,2025-01-13,1.0495475468628852,0.049547546862885206,225.5999999999949
2025-01-10,1,-0.00013875679593944312,5.0,,2025-01-14,1.0494019150080964,0.04940191500809643,230.5999999999949
2025-01-13,1,0.00042088160851372347,1.3999999999996362,,2025-01-15,1.0498435889740625,0.04984358897406249,231.99999999999454
2025-01-14,1,-3.454226742127808e-05,0.1999999999998181,,2025-01-16,1.0498073249960616,0.04980732499606155,232.19999999999436
2025-01-15,-1,0.0005816193485577159,1.9999999999990905,,2025-01-17,1.050417913248537,0.05041791324853695,234.19999999999345
2025-01-16,-1,-0.020013652946993532,-113.99999999999909,,2025-01-20,1.0293952136834756,0.02939521368347564,120.19999999999436
2025-01-17,1,-0.0005354672235122759,-1.7999999999992724,,2025-01-21,1.0288440062865076,0.02884400628650763,118.39999999999509
2025-01-20,1,-0.0007901704633468398,-6.0,,2025-01-22,1.0280310441413485,0.028031044141348493,112.39999999999509
2025-01-21,1,0.0013980179459675002,6.599999999999454,,2025-01-23,1.0294682499900696,0.029468249990069584,118.99999999999454
2025-01-22,1,-0.0004079454538890026,3.600000000000364,,2025-01-24,1.0290482830975631,0.029048283097563132,122.5999999999949
2025-01-23,-1,0.0011223221549307993,11.599999999999454,,2025-01-27,1.030203206784177,0.030203206784177095,134.19999999999436
2025-01-24,1,0.001108417000364792,7.799999999999272,,2025-02-05,1.031345101532407,0.031345101532407105,141.99999999999363
2025-01-27,-1,0.0001620999487439434,-5.400000000000546,,2025-02-06,1.0315122825205028,0.031512282520502755,136.5999999999931
2025-02-05,1,-0.00043333900172348727,1.7999999999992724,,2025-02-07,1.0310652880177298,0.031065288017729786,138.39999999999236
2025-02-06,-1,0.00012246759523737438,-1.2000000000007276,,2025-02-10,1.031191560104086,0.03119156010408597,137.19999999999163
2025-02-07,1,0.00020548654187180215,0.7999999999992724,,2025-02-11,1.0314034560917793,0.0314034560917793,137.9999999999909
2025-02-10,-1,-0.0008527352645384401,-8.600000000000364,,2025-02-12,1.030523941992803,0.03052394199280295,129.39999999999054
2025-02-11,1,0.0009633953688308328,3.800000000000182,,2025-02-13,1.031516743985988,0.03151674398598803,133.19999999999072
2025-02-12,-1,-0.00042987247052495015,-3.7999999999992724,,2025-02-14,1.031073323334863,0.031073323334863012,129.39999999999145
2025-02-13,1,0.0015160046956179674,9.600000000000364,,2025-02-17,1.0326364353345652,0.03263643533456517,138.99999999999181
2025-02-14,-1,-0.0002245125501416645,3.399999999999636,,2025-02-18,1.032404595495099,0.03240459549509911,142.39999999999145
2025-02-17,-1,4.5808433295047024e-05,-5.399999999999636,,2025-02-19,1.0324518883321454,0.03245188833214541,136.99999999999181
2025-02-18,1,-0.00023930993769116782,-0.8000000000001819,,2025-02-20,1.0322048123350795,0.03220481233507955,136.19999999999163
2025-02-19,-1,-0.0002215121149731214,-7.600000000000364,,2025-02-21,1.0319761664640137,0.03197616646401369,128.59999999999127
2025-02-20,-1,-0.001341937618929534,-6.800000000000182,,2025-02-24,1.030591318824397,0.030591318824396918,121.79999999999109
2025-02-21,1,0.0026481341025909044,15.599999999999454,,2025-02-25,1.03332046284161,0.033320462841609944,137.39999999999054
2025-02-24,-1,-0.0037493318231396344,-25.800000000000182,,2025-02-26,1.0294462015467765,0.029446201546776463,111.59999999999036
2025-02-25,1,-0.0008048502665666257,-5.199999999999818,,2025-02-27,1.0286176514970455,0.028617651497045538,106.39999999999054
2025-02-26,-1,-0.00010930089970739854,8.600000000000364,,2025-02-28,1.028505222662282,0.028505222662281948,114.9999999999909
2025-02-27,1,-0.0005484998826863485,-4.0,,2025-03-03,1.0279410876683095,0.027941087668309494,110.9999999999909
2025-02-28,1,0.0013586289894556014,11.199999999999818,,2025-03-04,1.029337678229468,0.02933767822946809,122.19999999999072
2025-03-03,-1,-0.0023620074962649174,-15.800000000000182,,2025-03-05,1.0269063749173022,0.02690637491730219,106.39999999999054
2025-03-04,-1,-0.00012128933337929304,-9.400000000000546,,2025-03-06,1.0267818221276455,0.02678182212764546,96.99999999999
2025-03-05,-1,-0.0026799629006514225,-15.199999999999818,,2025-03-07,1.02403008493728,0.024030084937280094,81.79999999999018
2025-03-06,1,0.002104631724091477,11.399999999999636,,2025-03-10,1.026185291140463,0.026185291140462974,93.19999999998981
2025-03-07,1,0.001911311417646333,15.200000000000728,,2025-03-11,1.0281466508040404,0.02814665080404044,108.39999999999054
2025-03-10,-1,-0.0014385489191954814,-10.199999999999818,,2025-03-12,1.0266676115507518,0.026667611550751813,98.19999999999072
2025-03-11,1,-0.0027531105114038112,-22.199999999999818,,2025-03-13,1.0238410821576736,0.023841082157673554,75.9999999999909
2025-03-12,1,-0.0050899058552418275,-22.800000000000182,,2025-03-14,1.0186298274387622,0.01862982743876218,53.19999999999072
2025-03-13,1,0.0040648786352236455,24.199999999999818,,2025-03-17,1.0227704340615196,0.022770434061519573,77.39999999999054
2025-03-14,1,0.0003671713939892296,4.199999999999818,,2025-03-18,1.0231459661075248,0.02314596610752484,81.59999999999036
2025-03-17,-1,-0.0008658943175654521,-3.800000000000182,,2025-03-19,1.0222600298294324,0.022260029829432426,77.79999999999018
2025-03-18,1,0.001967348303337557,11.199999999999818,,2025-03-20,1.0242711713646873,0.02427117136468726,88.99999999999
2025-03-19,1,-0.0338816387185219,-229.60000000000036,,2025-03-21,0.9895671855867116,-0.01043281441328836,-140.60000000001037
2025-03-20,1,-0.00014421758859961553,-1.7999999999992724,,2025-03-24,0.989424472593449,-0.010575527406550989,-142.40000000000964
2025-03-21,-1,0.0002459474978395715,2.199999999999818,,2025-03-25,0.9896678190667846,-0.010332180933215418,-140.20000000000982
2025-03-24,1,-0.00019602063681167792,-0.8000000000010914,,2025-03-26,0.9894738237506591,-0.010526176249340935,-141.0000000000109
2025-03-25,1,0.0006753865725968033,4.400000000000546,,2025-03-27,0.9901421010851563,-0.009857898914843677,-136.60000000001037
2025-03-26,-1,0.00017425006573634771,2.800000000000182,,2025-03-28,0.9903146334113588,-0.009685366588641164,-133.8000000000102
2025-03-27,1,0.0013846716791825475,7.400000000000546,,2025-03-31,0.9916858940377236,-0.008314105962276441,-126.40000000000964
2025-03-28,-1,-0.00033527469368399565,-2.399999999999636,,2025-04-01,0.9913534068533694,-0.008646593146630632,-128.80000000000928
2025-03-31,1,-0.0004791183272387922,-1.800000000000182,,2025-04-02,0.9908784312673753,-0.009121568732624707,-130.60000000000946
2025-04-01,-1,4.785139885954415e-05,2.199999999999818,,2025-04-03,0.9909258461864112,-0.009074153813588781,-128.40000000000964
2025-04-02,1,0.0004449144943732275,-14.199999999999818,,2025-04-07,0.9913667234582286,-0.008633276541771373,-142.60000000000946
2025-04-03,1,0.0008707070505158399,1.2000000000007276,,2025-04-08,0.9922299134539905,-0.007770086546009525,-141.40000000000873
2025-04-07,1,-0.0008550755957357214,-1.0,,2025-04-09,0.991381481869637,-0.008618518130362962,-142.40000000000873
2025-04-08,-1,4.694201857313729e-05,-3.9999999999990905,,2025-04-10,0.9914280193175721,-0.008571980682427927,-146.40000000000782
2025-04-09,-1,0.000125988041298708,-2.0,,2025-04-11,0.9915529273918146,-0.008447072608185446,-148.40000000000782
2025-04-10,1,0.0015258353092610921,9.0,,2025-04-14,0.9930658738594302,-0.006934126140569763,-139.40000000000782
2025-04-11,1,0.00032170170671430576,1.3999999999996362,,2025-04-15,0.9933853448459306,-0.006614655154069449,-138.00000000000819
2025-04-14,-1,0.0001201373345213197,2.9999999999990905,,2025-04-16,0.993504687513413,-0.006495312486586968,-135.0000000000091
2025-04-15,1,-0.0007965228822786052,-2.800000000000182,,2025-04-17,0.9927133382961575,-0.007286661703842512,-137.80000000000928
2025-04-16,1,-8.271868957410167e-05,-0.8000000000001819,,2025-04-18,0.9926312223496909,-0.007368777650309077,-138.60000000000946
2025-04-17,1,0.0238555133429299,134.39999999999964,,2025-04-21,1.0163109497190628,0.016310949719062773,-4.2000000000098225
2025-04-18,-1,-0.0008446524389614796,-4.600000000000364,,2025-04-22,1.0154525201966393,0.015452520196639341,-8.800000000010186
2025-04-21,1,-0.0021325333070953967,-9.0,,2025-04-23,1.013287033875546,0.013287033875545973,-17.800000000010186
2025-04-22,1,0.00015676944846132468,-1.800000000000182,,2025-04-24,1.0134458863249798,0.013445886324979783,-19.60000000001037
2025-04-23,1,-0.001383961006633072,-6.599999999999454,,2025-04-25,1.0120433167359733,0.012043316735973253,-26.200000000009823
2025-04-24,1,-9.948627393074894e-05,-3.4000000000005457,,2025-04-28,1.0119426323173346,0.011942632317334612,-29.60000000001037
2025-04-25,1,0.0018354146497612245,12.200000000000728,,2025-04-29,1.0137999666494077,0.013799966649407747,-17.40000000000964
2025-04-28,1,0.0007260857699580292,5.399999999998727,,2025-04-30,1.0145360723787757,0.014536072378775744,-12.000000000010914
2025-04-29,1,0.0008234079500770708,12.400000000000546,,2025-05-06,1.0153714494464123,0.015371449446412333,0.39999999998963176
2025-04-30,-1,-0.0003359537727609663,-2.0,,2025-05-07,1.0150303315772171,0.015030331577217115,-1.6000000000103682
2025-05-06,-1,-0.0014244229252176055,-11.400000000000546,,2025-05-08,1.0135844991031273,0.013584499103127312,-13.000000000010914
2025-05-07,-1,-0.00031512938598921014,2.2000000000007276,,2025-05-09,1.0132650888422767,0.013265088842276729,-10.800000000010186
2025-05-08,1,0.000959103775006076,10.400000000000546,,2025-05-12,1.0142369152140671,0.014236915214067114,-0.40000000000964064
2025-05-09,1,0.0007085867842887561,1.800000000000182,,2025-05-13,1.0149555900883256,0.014955590088325588,1.3999999999905413
2025-05-12,1,0.000317223340576156,4.399999999999636,,2025-05-14,1.01527755769115,0.015277557691149912,5.7999999999901775
2025-05-13,-1,-0.001526537889658064,-3.399999999999636,,2025-05-15,1.013727698030815,0.013727698030814972,2.3999999999905413
2025-05-14,1,0.0017985154439363882,9.200000000000728,,2025-05-16,1.0155509029516694,0.015550902951669388,11.599999999991269
2025-05-15,1,0.00543368014445611,32.79999999999927,,2025-05-19,1.0210690817287222,0.02106908172872224,44.39999999999054
2025-05-16,-1,-0.004035558134028339,-25.399999999999636,,2025-05-20,1.016948498090547,0.016948498090546993,18.999999999990905
2025-05-19,1,-0.0001629666664747509,-2.1999999999989086,,2025-05-21,1.0167827693838367,0.016782769383836715,16.799999999991996
2025-05-20,-1,-0.0004031386046393637,1.2000000000007276,,2025-05-22,1.0163728649969659,0.016372864996965886,17.999999999992724
2025-05-21,-1,-0.00013602842609550247,4.599999999999454,,2025-05-23,1.0162346093958141,0.016234609395814115,22.59999999999218
2025-05-22,1,0.0041248212229698655,26.199999999999818,,2025-05-26,1.0204263954801664,0.020426395480166448,48.799999999991996
2025-05-23,-1,0.00023189474128770815,2.0,,2025-05-27,1.0206630269951493,0.020663026995149325,50.799999999991996
2025-05-26,1,-0.0016479433983744851,-10.199999999999818,,2025-05-28,1.0189810320978478,0.01898103209784785,40.59999999999218
2025-05-27,1,-0.0025813643732106595,-4.800000000000182,,2025-05-29,1.016350670764613,0.01635067076461305,35.799999999991996
2025-05-28,1,0.001112703624131628,1.800000000000182,,2025-05-30,1.0174815678393614,0.01748156783936139,37.59999999999218
2025-05-29,1,0.0021211856377665317,14.0,,2025-06-03,1.0196398351277545,0.019639835127754468,51.59999999999218
2025-05-30,-1,-0.0009330841372894305,-9.199999999999818,,2025-06-04,1.0186884253718484,0.01868842537184845,42.39999999999236
2025-06-03,-1,-0.0004551627941122849,-6.0,,2025-06-05,1.0182247563018263,0.018224756301826295,36.39999999999236
2025-06-04,1,-0.0008304095520973442,-4.800000000000182,,2025-06-06,1.0173792127380112,0.01737921273801124,31.59999999999218
2025-06-05,1,-0.0020256209900906263,-6.599999999999454,,2025-06-09,1.0153183880498073,0.015318388049807341,24.999999999992724
2025-06-06,1,0.0007998808927567325,0.8000000000001819,,2025-06-10,1.0161305218284729,0.016130521828472855,25.799999999992906
2025-06-09,1,-0.0010458492411637987,-3.800000000000182,,2025-06-11,1.015067802493295,0.01506780249329509,21.999999999992724
2025-06-10,1,0.0012083508329834292,7.800000000000182,,2025-06-12,1.0162943605179726,0.016294360517972617,29.799999999992906
2025-06-11,1,0.0003423000279094701,-3.2000000000007276,,2025-06-13,1.0166422381059421,0.01664223810594212,26.59999999999218
2025-06-12,1,-0.0012182257656783158,-3.800000000000182,,2025-06-16,1.0154037383370047,0.015403738337004702,22.799999999991996
2025-06-13,1,-3.20570207954507e-05,0.0,,2025-06-17,1.015371187518249,0.015371187518248952,22.799999999991996
2025-06-16,1,0.0007381623300429796,3.800000000000182,,2025-06-18,1.0161206962798859,0.016120696279885882,26.59999999999218
2025-06-17,1,-0.0017517837701580552,-15.199999999999818,,2025-06-19,1.014340672535621,0.01434067253562099,11.39999999999236
2025-06-18,1,-0.04127118028545762,-250.59999999999945,,2025-06-20,0.9724776357685311,-0.02752236423146892,-239.2000000000071
2025-06-19,1,0.0008818261082701451,6.799999999999272,,2025-06-23,0.9733351919374605,-0.026664808062539458,-232.40000000000782
2025-06-20,-1,0.0006176431310451758,-0.8000000000001819,,2025-06-24,0.9739363657329653,-0.02606363426703473,-233.200000000008
2025-06-23,-1,0.0013847708629275424,4.399999999999636,,2025-06-25,0.9752850444345779,-0.024714955565422136,-228.80000000000837
2025-06-24,1,-0.0011077177444732689,-7.199999999999818,,2025-06-26,0.9742047038849383,-0.025795296115061705,-236.00000000000819
2025-06-25,1,0.0005139570801044879,3.399999999999636,,2025-06-27,0.974705403289971,-0.025294596710028983,-232.60000000000855
2025-06-26,1,0.0011041608421766824,7.600000000000364,,2025-06-30,0.9757816348289419,-0.02421836517105813,-225.00000000000819
2025-06-27,-1,-0.001177527564876768,-6.599999999999454,,2025-07-01,0.9746326250566303,-0.025367374943369714,-231.60000000000764
2025-06-30,-1,0.0002878907678407483,2.199999999999818,,2025-07-02,0.9749132127914205,-0.025086787208579486,-229.40000000000782
2025-07-01,-1,-7.983952267087702e-06,-0.6000000000003638,,2025-07-03,0.9749054291308651,-0.025094570869134913,-230.00000000000819
2025-07-02,1,4.934492564190318e-05,-0.4000000000005457,,2025-07-04,0.9749535357667736,-0.02504646423322643,-230.40000000000873
2025-07-03,-1,-0.0008458362123453522,-5.0,,2025-07-07,0.9741288847608679,-0.025871115239132103,-235.40000000000873
2025-07-04,1,-0.00012816318994279818,3.0,,2025-07-08,0.9740040372955815,-0.025995962704418507,-232.40000000000873
2025-07-07,-1,0.00015588524041532104,1.6000000000003638,,2025-07-09,0.9741558701491008,-0.025844129850899233,-230.80000000000837
2025-07-08,1,-0.0002866718683582903,-1.1999999999989086,,2025-07-10,0.973876607065733,-0.02612339293426702,-232.00000000000728
2025-07-09,-1,0.0006650667153409451,1.4000000000005457,,2025-07-11,0.9745242999819416,-0.025475700018058434,-230.60000000000673
2025-07-10,1,-0.0003077144231580231,-2.4000000000005457,,2025-07-14,0.9742244247991192,-0.025775575200880807,-233.00000000000728
2025-07-11,1,-0.00037350783156220313,-3.0,,2025-07-15,0.9738605443467575,-0.026139455653242494,-236.00000000000728
2025-07-14,-1,-0.0007894015688183487,-5.400000000000546,,2025-07-16,0.9730917773052399,-0.02690822269476012,-241.40000000000782
2025-07-15,-1,-0.00014775614251094638,-3.5999999999994543,,2025-07-17,0.9729479970179161,-0.027052002982083878,-245.00000000000728
2025-07-16,1,-0.0003031348570492476,-1.1999999999989086,,2025-07-18,0.9726530625659238,-0.027346937434076235,-246.20000000000618
2025-07-17,1,0.02517262581154156,158.1999999999989,,2025-07-21,0.9971372941543458,-0.0028627058456541787,-88.00000000000728
2025-07-18,1,-0.0007487652392033084,-1.800000000000182,,2025-07-22,0.9963906724097698,-0.003609327590230249,-89.80000000000746
2025-07-21,-1,0.0002900175113288439,2.5999999999994543,,2025-07-23,0.9966796431528934,-0.0033203568471066314,-87.200000000008
2025-07-22,1,-0.0001304695304695791,5.400000000000546,,2025-07-24,0.9965496068278227,-0.003450393172177324,-81.80000000000746
2025-07-23,1,-0.0004036242801385148,-3.2000000000007276,,2025-07-25,0.9961473752101445,-0.0038526247898554855,-85.00000000000819
2025-07-24,1,0.000606177158811283,3.600000000000364,,2025-07-28,0.9967512169958067,-0.0032487830041932897,-81.40000000000782
2025-07-25,-1,-0.0011280515272624747,-10.199999999999818,,2025-07-29,0.9956268302631739,-0.00437316973682611,-91.60000000000764
2025-07-28,-1,-0.00023607391015756374,1.6000000000003638,,2025-07-30,0.9953917887442959,-0.004608211255704098,-90.00000000000728
2025-07-29,1,0.0006004158094116141,0.2000000000007276,,2025-07-31,0.9959894377108166,-0.004010562289183395,-89.80000000000655
2025-07-30,-1,-0.00028134416432057385,-2.0,,2025-08-01,0.9957092218947917,-0.004290778105208282,-91.80000000000655
2025-07-31,-1,-0.00012295667626260887,-6.199999999999818,,2025-08-04,0.9955867927983435,-0.004413207201656499,-98.00000000000637
2025-08-01,-1,-0.0009631013060495963,-8.199999999999818,,2025-08-05,0.9946279418579137,-0.0053720581420863,-106.20000000000618
2025-08-04,1,-0.0017231971599216411,-6.399999999999636,,2025-08-06,0.9929140018133255,-0.007085998186674547,-112.60000000000582
2025-08-05,-1,-0.0015441260714708083,-9.199999999999818,,2025-08-07,0.991380817416397,-0.008619182583602947,-121.80000000000564
2025-08-06,1,9.890948631896546e-05,-0.1999999999998181,,2025-08-08,0.9914788743837943,-0.00852112561620566,-122.00000000000546
2025-08-07,-1,0.0012019019032967204,1.2000000000007276,,2025-08-11,0.9926705347299947,-0.007329465270005331,-120.80000000000473
2025-08-08,1,-0.00039530720207348047,-0.7999999999992724,,2025-08-12,0.9922781249183298,-0.007721875081670215,-121.600000000004
2025-08-11,1,-0.0034061479743972,-15.800000000000182,,2025-08-13,0.9888982787931005,-0.01110172120689945,-137.40000000000418
2025-08-12,1,-0.000708816486181707,-8.400000000000546,,2025-08-14,0.9881973313899353,-0.011802668610064737,-145.80000000000473
2025-08-13,1,-0.003505317432004995,-15.199999999999818,,2025-08-15,0.9847333860579534,-0.015266613942046647,-161.00000000000455
2025-08-14,1,-0.003879715926271121,-21.600000000000364,,2025-08-18,0.9809129002569335,-0.01908709974306655,-182.6000000000049
2025-08-15,1,0.0022553213529692417,15.199999999999818,,2025-08-19,0.9831251740662859,-0.016874825933714144,-167.4000000000051
2025-08-18,-1,0.002900884278268512,15.399999999999636,,2025-08-20,0.9859771064273047,-0.01402289357269526,-152.00000000000546
2025-08-19,-1,-0.00027971276483640395,1.199999999999818,,2025-08-21,0.9857013160448006,-0.014298683955199398,-150.80000000000564
2025-08-20,1,-0.0004185617590779511,3.4000000000005457,,2025-08-22,0.9852887391680314,-0.014711260831968609,-147.4000000000051
2025-08-21,-1,0.0015783772406083862,8.400000000000546,,2025-08-25,0.986843896489362,-0.013156103510638006,-139.00000000000455
2025-08-22,1,0.002035547350892064,14.599999999999454,,2025-08-26,0.9888526639686048,-0.011147336031395172,-124.4000000000051
2025-08-25,-1,-0.0015939357812031485,-5.800000000000182,,2025-08-27,0.9872764963251672,-0.01272350367483277,-130.20000000000528
2025-08-26,1,0.002616072560974736,21.600000000000364,,2025-08-28,0.9898592832772988,-0.010140716722701226,-108.60000000000491
2025-08-27,1,0.002798936889903625,19.800000000000182,,2025-08-29,0.9926298369410773,-0.007370163058922685,-88.80000000000473
2025-08-28,-1,-0.0026718321421552726,-19.400000000000546,,2025-09-01,0.9899776966374758,-0.010022303362524188,-108.20000000000528
2025-08-29,1,-0.001179871539043198,-15.00000000000091,,2025-09-02,0.9888096501289257,-0.011190349871074257,-123.20000000000618
2025-09-01,-1,-0.0024643919944707937,-11.400000000000546,,2025-09-03,0.9863728355430925,-0.013627164456907481,-134.60000000000673
2025-09-02,1,-0.0003753745358475724,-10.0,,2025-09-04,0.9860025762977779,-0.013997423702222123,-144.60000000000673
2025-09-03,-1,0.0029918282785479366,8.0,,2025-09-05,0.9889525266882667,-0.01104747331173328,-136.60000000000673
2025-09-04,1,0.0010632946097814955,7.800000000000182,,2025-09-08,0.9900040745792241,-0.009995925420775875,-128.80000000000655
2025-09-05,1,0.0030600015481127008,17.399999999999636,,2025-09-09,0.9930334885800746,-0.006966511419925436,-111.40000000000691
2025-09-08,-1,-0.0018893028259974187,-12.0,,2025-09-10,0.9911573476037902,-0.008842652396209849,-123.40000000000691
2025-09-09,1,-0.00303389839286905,-7.199999999999818,,2025-09-11,0.9881502769198146,-0.011849723080185393,-130.60000000000673
2025-09-10,-1,-0.003650769162180434,-25.800000000000182,,2025-09-12,0.9845427683612357,-0.015457231638764335,-156.4000000000069
2025-09-11,1,0.002233342199345678,14.199999999999818,,2025-09-15,0.9867415892728775,-0.013258410727122527,-142.2000000000071
2025-09-12,-1,0.0016292598661713509,5.800000000000182,,2025-09-16,0.9883492477425619,-0.011650752257438057,-136.4000000000069
2025-09-15,-1,0.0017167143209986246,7.199999999999818,,2025-09-17,0.9900459610503098,-0.009954038949690158,-129.2000000000071
2025-09-16,1,0.0054925232056951545,34.0,,2025-09-18,0.9954838114660833,-0.004516188533916665,-95.2000000000071
2025-09-17,1,-0.0324705677645849,-243.39999999999964,,2025-09-19,0.9631598869073266,-0.03684011309267343,-338.60000000000673
2025-09-18,-1,0.0001946167059909687,0.2000000000007276,,2025-09-22,0.9633473339118591,-0.036652666088140884,-338.400000000006
2025-09-19,-1,-0.000999366806375912,-4.0,,2025-09-23,0.9623845965633369,-0.03761540343666314,-342.400000000006
2025-09-22,-1,0.0007986870004741409,0.1999999999998181,,2025-09-24,0.9631532406300686,-0.036846759369931426,-342.2000000000062
2025-09-23,-1,-0.00017352752591348608,-0.6000000000003638,,2025-09-25,0.9629861070311465,-0.03701389296885349,-342.80000000000655
2025-09-24,1,0.0005861292803579499,1.3999999999996362,,2025-09-26,0.9635505413850554,-0.03644945861494464,-341.4000000000069
2025-09-25,1,0.00021897058701081384,6.0,,2025-09-29,0.9637615306127171,-0.03623846938728292,-335.4000000000069
2025-09-26,1,-0.0008280369262081422,-3.800000000000182,,2025-09-30,0.9629635004773108,-0.03703649952268917,-339.2000000000071
2025-09-29,1,1.6070380707722265e-05,1.4000000000005457,,2025-10-09,0.9629789756673711,-0.03702102433262888,-337.80000000000655
2025-09-30,-1,-0.00041965226685747314,0.2000000000007276,,2025-10-10,0.9625748593572963,-0.03742514064270375,-337.6000000000058
2025-10-09,-1,-0.0012414165961013301,-7.800000000000182,,2025-10-13,0.9613799029519002,-0.038620097048099766,-345.400000000006
2025-10-10,1,8.444572759991331e-05,-4.399999999999636,,2025-10-14,0.961461087377305,-0.03853891262269504,-349.80000000000564
2025-10-13,-1,0.0018567886580858062,8.800000000000182,,2025-10-15,0.963246317419538,-0.036753682580461966,-341.00000000000546
2025-10-14,-1,-0.0015119376422866315,-8.600000000000364,,2025-10-16,0.9617899490534375,-0.03821005094656249,-349.6000000000058
2025-10-15,1,-0.00029844106239906854,-7.800000000000182,,2025-10-17,0.9615029114392373,-0.03849708856076273,-357.400000000006
2025-10-16,1,0.030098411471537134,206.0,,2025-10-20,0.9904426216988163,-0.00955737830118375,-151.400000000006
2025-10-17,1,2.2110892747839728e-06,7.399999999999636,,2025-10-21,0.9904448116558744,-0.00955518834412561,-144.00000000000637
2025-10-20,-1,0.00012272334960283793,2.0,,2025-10-22,0.9905663623607576,-0.009433637639242431,-142.00000000000637
2025-10-21,1,0.0003648630079207127,3.4000000000005457,,2025-10-23,0.9909277833832736,-0.009072216616726414,-138.60000000000582
2025-10-22,1,6.850818823300742e-05,7.599999999999454,,2025-10-24,0.9909956700503829,-0.009004329949617085,-131.00000000000637
2025-10-23,1,-0.0012649171479759413,-7.199999999999818,,2025-10-27,0.9897421426337663,-0.010257857366233747,-138.20000000000618
2025-10-24,1,-0.000488299578968121,-2.5999999999994543,,2025-10-28,0.9892588519622312,-0.010741148037768822,-140.80000000000564
2025-10-27,-1,0.001660692393480101,5.0000000000009095,,2025-10-29,0.9909017066128677,-0.009098293387132306,-135.80000000000473
2025-10-28,1,-0.0006176143203364681,-9.0,,2025-10-30,0.9902897115288177,-0.009710288471182271,-144.80000000000473
2025-10-29,1,-0.0009228530488301079,-6.199999999999818,,2025-10-31,0.9893758196493083,-0.010624180350691681,-151.00000000000455
2025-10-30,1,-6.478835580181475e-05,1.199999999999818,,2025-11-03,0.9893117196166832,-0.010688280383316817,-149.80000000000473
2025-10-31,-1,-0.00218735402065251,-9.0,,2025-11-04,0.9871477446491009,-0.012852255350899067,-158.80000000000473
2025-11-03,-1,-0.0006530209372246354,-6.0000000000009095,,2025-11-05,0.986503116503711,-0.01349688349628897,-164.80000000000564
2025-11-04,-1,-7.719362025460086e-05,-5.9999999999990905,,2025-11-06,0.9864269647567556,-0.01357303524324438,-170.80000000000473
2025-11-05,-1,-0.0008879562656531892,-6.600000000000364,,2025-11-07,0.9855510607527906,-0.014448939247209358,-177.4000000000051
2025-11-06,1,-0.00010474924901382465,-0.1999999999998181,,2025-11-10,0.985447825019312,-0.014552174980687949,-177.6000000000049
2025-11-07,1,0.0008019695530759874,3.7999999999992724,,2025-11-11,0.9862381241711226,-0.013761875828877446,-173.80000000000564
2025-11-10,-1,-0.0015292711132359749,-9.400000000000546,,2025-11-12,0.9847298986970556,-0.015270101302944372,-183.20000000000618
2025-11-11,-1,-0.0014117292151751837,-16.399999999999636,,2025-11-13,0.9833397267300085,-0.016660273269991532,-199.60000000000582
2025-11-12,1,-0.00016603360557265745,-7.799999999999272,,2025-11-14,0.9831764592896767,-0.016823540710323326,-207.4000000000051
2025-11-13,1,0.0009556126980807544,7.9999999999990905,,2025-11-17,0.9841159951986279,-0.015884004801372087,-199.400000000006
2025-11-14,-1,-1.2722216074068093e-05,2.5999999999994543,,2025-11-18,0.984103475062295,-0.015896524937704992,-196.80000000000655
2025-11-17,1,-0.00014766697261958672,-4.400000000000546,,2025-11-19,0.9839581554813881,-0.016041844518611903,-201.2000000000071
2025-11-18,1,-0.00012006619059590218,-2.9999999999990905,,2025-11-20,0.9838400153739537,-0.016159984626046286,-204.20000000000618
2025-11-19,1,0.00038580657597031554,-12.800000000000182,,2025-11-21,0.9842195873215878,-0.015780412678412237,-217.00000000000637
2025-11-20,1,-0.0023529356649105715,-10.600000000000364,,2025-11-24,0.9819037819524752,-0.018096218047524815,-227.60000000000673
2025-11-21,1,0.0012775365125641258,13.199999999999818,,2025-11-25,0.9831581998857443,-0.016841800114255734,-214.4000000000069
2025-11-24,-1,-0.0005558735844846119,-4.0,,2025-11-26,0.9826116882130583,-0.017388311786941668,-218.4000000000069
2025-11-25,-1,-0.0012525295931793412,-8.600000000000364,,2025-11-27,0.9813809379949676,-0.018619062005032383,-227.00000000000728
2025-11-26,1,0.0013943446162418827,14.600000000000364,,2025-11-28,0.9827493212223433,-0.017250678777656736,-212.4000000000069
2025-11-27,-1,-0.0001908551996041563,-3.199999999999818,,2025-12-01,0.9825617584044806,-0.017438241595519433,-215.60000000000673
2025-11-28,1,-0.0003968186664521367,-6.0,,2025-12-02,0.9821718595578036,-0.017828140442196383,-221.60000000000673
2025-12-01,-1,0.0005208634026727665,6.400000000000546,,2025-12-03,0.9826834369345824,-0.017316563065417623,-215.20000000000618
2025-12-02,1,-5.3742716416449454e-05,0.8000000000001819,,2025-12-04,0.982630624857304,-0.017369375142695986,-214.400000000006
2025-12-03,1,0.000257572159382935,8.600000000000364,,2025-12-05,0.9828837231492243,-0.017116276850775658,-205.80000000000564
2025-12-04,1,0.00036188288103389255,6.399999999999636,,2025-12-08,0.9832394119426789,-0.016760588057321057,-199.400000000006
2025-12-05,1,4.653397113973945e-05,-1.7999999999992724,,2025-12-09,0.9832851659770977,-0.016714834022902303,-201.20000000000528
2025-12-08,-1,-0.0019599168786708088,-14.99999999999909,,2025-12-10,0.9813580087837526,-0.018641991216247433,-216.20000000000437
2025-12-09,1,-0.0007166013695977247,-9.399999999999636,,2025-12-11,0.9806547662905925,-0.01934523370940755,-225.600000000004
2025-12-10,-1,0.0008782292035030004,2.199999999999818,,2025-12-12,0.9815160059449033,-0.01848399405509671,-223.40000000000418
2025-12-11,1,0.00022107444021202127,-2.0,,2025-12-15,0.9817329940464767,-0.018267005953523263,-225.40000000000418
2025-12-12,-1,-6.04603334760645e-05,7.400000000000546,,2025-12-16,0.9816736381422723,-0.018326361857727735,-218.00000000000364
2025-12-15,1,-0.0021685703169365134,-7.599999999999454,,2025-12-17,0.9795448098296778,-0.020455190170322157,-225.6000000000031
2025-12-16,1,-0.001515502984577921,-11.600000000000364,,2025-12-18,0.9780603067468532,-0.02193969325314682,-237.20000000000346
2025-12-17,-1,0.03006035801030471,213.39999999999964,,2025-12-19,1.0074611497233321,0.007461149723332117,-23.80000000000382
2025-12-18,-1,0.00032962282068860205,0.1999999999998181,,2025-12-22,1.0077932319092382,0.007793231909238196,-23.600000000004002
2025-12-19,-1,0.00017142172420081536,1.4000000000005457,,2025-12-23,1.00796598956269,0.007965989562690012,-22.200000000003456
2025-12-22,-1,0.0005042254899922938,-0.8000000000001819,,2025-12-24,1.008474231707673,0.008474231707672919,-23.000000000003638
2025-12-23,1,-0.0008437688401388144,-3.0,,2025-12-25,1.007623312574875,0.00762331257487503,-26.000000000003638
2025-12-24,1,9.763809155582948e-05,2.399999999999636,,2025-12-26,1.007721694992122,0.007721694992121941,-23.600000000004002
2025-12-25,1,-0.0005991711279833556,-5.399999999999636,,2025-12-29,1.0071178972474402,0.007117897247440164,-29.000000000003638
2025-12-26,1,-0.00033759264032817704,-1.800000000000182,,2025-12-30,1.0067779016573866,0.006777901657386565,-30.80000000000382
2025-12-29,-1,-0.0010670851498190137,-7.0,,2025-12-31,1.005703583909362,0.005703583909361987,-37.80000000000382
