time,direction,signal,close_im1000,close_ic500,next_close_im1000,next_close_ic500,ret_next_im1000,ret_next_ic500,trade_ret
2024-01-03,long_IM1000_short_IC500,1,5809.4,5388.6,5765.2,5347.8,-0.007608358866664333,-0.007571539917603842,-3.681894906049088e-05
2024-01-04,long_IM1000_short_IC500,1,5765.2,5347.8,5664.8,5282.2,-0.01741483383056952,-0.012266726504357006,-0.005148107326212514
2024-01-05,long_IM1000_short_IC500,1,5664.8,5282.2,5480.2,5130.6,-0.032587205197006086,-0.028700162810949892,-0.0038870423860561942
2024-01-08,long_IM1000_short_IC500,1,5480.2,5130.6,5513.4,5155.0,0.006058173059377392,0.004755779051182962,0.0013023940081944296
2024-01-09,short_IM1000_long_IC500,-1,5513.4,5155.0,5484.6,5138.8,-0.005223636957231381,-0.0031425800193985998,0.0020810569378327815
2024-01-10,long_IM1000_short_IC500,1,5484.6,5138.8,5595.2,5209.6,0.0201655544615833,0.013777535611426917,0.006388018850156385
2024-01-11,short_IM1000_long_IC500,-1,5595.2,5209.6,5551.0,5188.6,-0.007899628252788116,-0.004031019656019708,0.003868608596768408
2024-01-12,long_IM1000_short_IC500,1,5551.0,5188.6,5530.2,5178.2,-0.0037470725995316645,-0.0020043942489305078,-0.0017426783506011567
2024-01-15,short_IM1000_long_IC500,-1,5530.2,5178.2,5513.0,5173.4,-0.003110194929658916,-0.0009269630373489601,0.002183231892309956
2024-01-16,short_IM1000_long_IC500,-1,5513.0,5173.4,5346.4,5017.8,-0.030219481226192668,-0.03007693199829886,0.00014254922789380675
2024-01-17,short_IM1000_long_IC500,-1,5346.4,5017.8,5344.6,5045.0,-0.00033667514589241776,0.00542070229981273,0.005757377445705147
2024-01-18,short_IM1000_long_IC500,-1,5344.6,5045.0,5217.4,4950.8,-0.023799723084983126,-0.018671952428146676,0.00512777065683645
2024-01-19,short_IM1000_long_IC500,-1,5217.4,4950.8,4830.4,4645.6,-0.07417487637520603,-0.06164660256928167,0.012528273805924361
2024-01-22,short_IM1000_long_IC500,-1,4830.4,4645.6,4998.0,4800.4,0.034696919509771496,0.03332185293611145,-0.0013750665736600443
2024-01-23,short_IM1000_long_IC500,-1,4998.0,4800.4,5090.8,4890.2,0.01856742697078828,0.018706774435463647,0.00013934746467536563
2024-01-24,long_IM1000_short_IC500,1,5090.8,4890.2,5306.6,5060.0,0.042390194075587306,0.034722506236963824,0.007667687838623483
2024-01-25,short_IM1000_long_IC500,-1,5306.6,5060.0,5216.8,4992.6,-0.016922323144763163,-0.013320158102766766,0.003602165041996397
2024-01-26,long_IM1000_short_IC500,1,5216.8,4992.6,5063.0,4893.2,-0.0294816745897869,-0.019909466009694454,-0.009572208580092445
2024-01-29,long_IM1000_short_IC500,1,5063.0,4893.2,4907.2,4767.8,-0.030772269405490826,-0.025627401291588248,-0.005144868113902579
2024-01-30,long_IM1000_short_IC500,1,4907.2,4767.8,4727.2,4657.4,-0.036680795565699365,-0.023155333696883384,-0.01352546186881598
2024-01-31,short_IM1000_long_IC500,-1,4727.2,4657.4,4699.2,4648.8,-0.005923168048739158,-0.001846523811568579,0.004076644237170579
2024-02-01,short_IM1000_long_IC500,-1,4699.2,4648.8,4507.2,4512.8,-0.04085801838610825,-0.029254861469626525,0.011603156916481727
2024-02-02,short_IM1000_long_IC500,-1,4507.2,4512.8,4176.6,4380.0,-0.07334930777422777,-0.029427406488211294,0.043921901286016474
2024-02-05,short_IM1000_long_IC500,-1,4176.6,4380.0,4609.0,4822.6,0.10352918641957554,0.10105022831050237,-0.0024789581090731705
2024-02-06,long_IM1000_short_IC500,1,4609.0,4822.6,4793.0,5128.6,0.03992189195053153,0.0634512503628748,-0.02352935841234327
2024-02-07,long_IM1000_short_IC500,1,4793.0,5128.6,4980.4,5110.6,0.03909868558314211,-0.0035097297508092096,0.04260841533395132
2024-02-08,long_IM1000_short_IC500,1,4980.4,5110.6,4954.6,5083.4,-0.005180306802666346,-0.005322271357570685,0.00014196455490433912
2024-02-19,short_IM1000_long_IC500,-1,4954.6,5083.4,4989.0,5097.4,0.006943042828886137,0.002754062241806743,-0.004188980587079394
2024-02-20,long_IM1000_short_IC500,1,4989.0,5097.4,5001.4,5107.2,0.0024854680296650944,0.001922548750343367,0.0005629192793217275
2024-02-21,long_IM1000_short_IC500,1,5001.4,5107.2,5122.4,5159.2,0.024193225896748993,0.01018170426065157,0.014011521636097424
2024-02-22,short_IM1000_long_IC500,-1,5122.4,5159.2,5217.0,5186.0,0.018467905669217632,0.005194603814544951,-0.013273301854672681
2024-02-23,long_IM1000_short_IC500,1,5217.0,5186.0,5215.0,5168.2,-0.0003833620854897246,-0.0034323177786348413,0.0030489556931451167
2024-02-26,long_IM1000_short_IC500,1,5215.0,5168.2,5386.0,5307.8,0.03279002876318304,0.027011338570488874,0.005778690192694169
2024-02-27,short_IM1000_long_IC500,-1,5386.0,5307.8,5117.6,5175.2,-0.04983290011139985,-0.024982101812427104,0.024850798298972743
2024-02-28,long_IM1000_short_IC500,1,5117.6,5175.2,5333.8,5346.4,0.04224636548382055,0.03308084711701964,0.009165518366800907
2024-02-29,short_IM1000_long_IC500,-1,5333.8,5346.4,5392.0,5382.6,0.010911545239791431,0.006770911267395041,-0.00414063397239639
2024-03-01,short_IM1000_long_IC500,-1,5392.0,5382.6,5383.4,5377.0,-0.0015949554896143026,-0.0010403894028908622,0.0005545660867234403
2024-03-04,short_IM1000_long_IC500,-1,5383.4,5377.0,5311.4,5334.8,-0.01337444737526472,-0.007848242514413184,0.005526204860851536
2024-03-05,short_IM1000_long_IC500,-1,5311.4,5334.8,5345.0,5342.8,0.006326015739729796,0.0014995876134062947,-0.004826428126323501
2024-03-06,long_IM1000_short_IC500,1,5345.0,5342.8,5277.0,5272.4,-0.012722170252572496,-0.013176611514561731,0.00045444126198923573
2024-03-07,long_IM1000_short_IC500,1,5277.0,5272.4,5348.0,5346.2,0.013454614364222017,0.013997420529550109,-0.0005428061653280913
2024-03-08,short_IM1000_long_IC500,-1,5348.0,5346.2,5463.0,5456.2,0.021503365744203418,0.020575361939321413,-0.000928003804882005
2024-03-11,long_IM1000_short_IC500,1,5463.0,5456.2,5488.2,5427.6,0.004612850082372333,-0.005241743337854099,0.009854593420226432
2024-03-12,long_IM1000_short_IC500,1,5488.2,5427.6,5517.4,5417.0,0.005320505812470344,-0.0019529810597687103,0.0072734868722390544
2024-03-13,long_IM1000_short_IC500,1,5517.4,5417.0,5487.0,5399.0,-0.005509841592054143,-0.0033228724386191733,-0.00218696915343497
2024-03-14,short_IM1000_long_IC500,-1,5487.0,5399.0,5532.2,5452.6,0.008237652633497294,0.009927764400815109,0.0016901117673178145
2024-03-15,short_IM1000_long_IC500,-1,5532.2,5452.6,5639.6,5533.0,0.01941361483677384,0.014745259142427303,-0.004668355694346538
2024-03-18,short_IM1000_long_IC500,-1,5639.6,5533.0,5581.6,5472.2,-0.010284417334562757,-0.010988613771913958,-0.0007041964373512011
2024-03-19,short_IM1000_long_IC500,-1,5581.6,5472.2,5629.0,5486.0,0.008492188619750651,0.0025218376521325414,-0.00597035096761811
2024-03-20,long_IM1000_short_IC500,1,5629.0,5486.0,5627.0,5457.8,-0.0003553028957186122,-0.0051403572730586156,0.004785054377340003
2024-03-21,long_IM1000_short_IC500,1,5627.0,5457.8,5558.8,5367.0,-0.012120135063088622,-0.016636740078419865,0.004516605015331243
2024-03-22,short_IM1000_long_IC500,-1,5558.8,5367.0,5435.4,5293.8,-0.02219903576311444,-0.013638904415874786,0.008560131347239652
2024-03-25,short_IM1000_long_IC500,-1,5435.4,5293.8,5401.0,5267.4,-0.006328881039113887,-0.004986965884619887,0.001341915154494
2024-03-26,long_IM1000_short_IC500,1,5401.0,5267.4,5216.8,5150.6,-0.034104795408257726,-0.022174127653111442,-0.011930667755146285
2024-03-27,long_IM1000_short_IC500,1,5216.8,5150.6,5349.6,5216.8,0.02545621837141554,0.012852871510115271,0.012603346861300269
2024-03-28,short_IM1000_long_IC500,-1,5349.6,5216.8,5412.0,5288.4,0.01166442350829966,0.013724888820732861,0.0020604653124332017
2024-03-29,short_IM1000_long_IC500,-1,5412.0,5288.4,5541.6,5404.0,0.02394678492239466,0.02185916345208394,-0.0020876214703107188
2024-04-01,short_IM1000_long_IC500,-1,5541.6,5404.0,5506.6,5381.8,-0.0063158654540205195,-0.004108068097705364,0.0022077973563151554
2024-04-02,long_IM1000_short_IC500,1,5506.6,5381.8,5475.0,5372.0,-0.005738568263538357,-0.0018209520978111904,-0.003917616165727167
2024-04-03,long_IM1000_short_IC500,1,5475.0,5372.0,5348.4,5286.2,-0.02312328767123295,-0.01597170513775137,-0.007151582533481582
2024-04-08,short_IM1000_long_IC500,-1,5348.4,5286.2,5431.6,5334.2,0.015556054147034759,0.00908024668003482,-0.006475807466999939
2024-04-09,long_IM1000_short_IC500,1,5431.6,5334.2,5330.0,5269.0,-0.018705353855217655,-0.012223013760263912,-0.006482340094953742
2024-04-10,long_IM1000_short_IC500,1,5330.0,5269.0,5353.8,5303.0,0.004465290806754174,0.006452837350540808,-0.0019875465437866335
2024-04-11,short_IM1000_long_IC500,-1,5353.8,5303.0,5309.0,5263.2,-0.008367888228921538,-0.007505185743918563,0.0008627024850029752
2024-04-12,short_IM1000_long_IC500,-1,5309.0,5263.2,5262.8,5345.0,-0.008702203804859643,0.015541875664994764,0.024244079469854407
2024-04-15,short_IM1000_long_IC500,-1,5262.8,5345.0,5055.0,5198.0,-0.039484684958577265,-0.027502338634237566,0.011982346324339699
2024-04-16,short_IM1000_long_IC500,-1,5055.0,5198.0,5289.2,5341.8,0.04633036597428286,0.02766448634090035,-0.01866587963338251
2024-04-17,short_IM1000_long_IC500,-1,5289.2,5341.8,5290.2,5353.4,0.0001890645088105103,0.0021715526601520097,0.0019824881513414994
2024-04-18,short_IM1000_long_IC500,-1,5290.2,5353.4,5118.8,5288.0,-0.03239953120864991,-0.01221653528598643,0.020182995922663483
2024-04-19,long_IM1000_short_IC500,1,5118.8,5288.0,5118.4,5246.2,-7.814331483957382e-05,-0.00790468986384274,0.007826546549003166
2024-04-22,long_IM1000_short_IC500,1,5118.4,5246.2,5082.8,5185.6,-0.006955298530790799,-0.011551218024474785,0.0045959194936839864
2024-04-23,short_IM1000_long_IC500,-1,5082.8,5185.6,5205.8,5251.0,0.024199260250255872,0.012611848195001496,-0.011587412055254376
2024-04-24,short_IM1000_long_IC500,-1,5205.8,5251.0,5214.2,5246.8,0.0016135848476699355,-0.0007998476480669536,-0.002413432495736889
2024-04-25,long_IM1000_short_IC500,1,5214.2,5246.8,5351.2,5373.4,0.02627440451075902,0.024128992909963953,0.0021454116007950663
2024-04-26,short_IM1000_long_IC500,-1,5351.2,5373.4,5510.2,5484.8,0.029712961578711283,0.020731752707782825,-0.008981208870928459
2024-04-29,long_IM1000_short_IC500,1,5510.2,5484.8,5448.8,5442.0,-0.011142971217015685,-0.007803383897316274,-0.003339587319699411
2024-04-30,long_IM1000_short_IC500,1,5448.8,5442.0,5548.6,5523.4,0.018315959477316124,0.014957736126424148,0.0033582233508919757
2024-05-06,long_IM1000_short_IC500,1,5548.6,5523.4,5557.2,5522.0,0.0015499405255379184,-0.0002534670673859374,0.0018034075929238558
2024-05-07,long_IM1000_short_IC500,1,5557.2,5522.0,5461.2,5450.6,-0.017274886633556474,-0.01293009779065546,-0.004344788842901015
2024-05-08,short_IM1000_long_IC500,-1,5461.2,5450.6,5562.8,5548.6,0.018603969823482114,0.017979671962719657,-0.0006242978607624572
2024-05-09,long_IM1000_short_IC500,1,5562.8,5548.6,5503.6,5530.8,-0.010642122672035681,-0.0032080164365786423,-0.007434106235457039
2024-05-10,short_IM1000_long_IC500,-1,5503.6,5530.8,5443.8,5497.0,-0.010865615233665249,-0.006111231648224469,0.00475438358544078
2024-05-13,short_IM1000_long_IC500,-1,5443.8,5497.0,5470.0,5488.6,0.00481281457805216,-0.0015281062397670686,-0.006340920817819229
2024-05-14,long_IM1000_short_IC500,1,5470.0,5488.6,5424.0,5443.4,-0.008409506398537436,-0.008235251248041475,-0.00017425515049596108
2024-05-15,short_IM1000_long_IC500,-1,5424.0,5443.4,5415.0,5378.4,-0.0016592920353982743,-0.011941066245361398,-0.010281774209963124
2024-05-16,short_IM1000_long_IC500,-1,5415.0,5378.4,5530.2,5460.4,0.02127423822714669,0.015246169864643777,-0.006028068362502914
2024-05-17,long_IM1000_short_IC500,1,5530.2,5460.4,5539.2,5474.0,0.0016274275794727622,0.00249066002490661,-0.000863232445433848
2024-05-20,short_IM1000_long_IC500,-1,5539.2,5474.0,5476.8,5440.6,-0.011265164644713943,-0.006101571063207856,0.005163593581506087
2024-05-21,short_IM1000_long_IC500,-1,5476.8,5440.6,5479.6,5424.0,0.0005112474437627412,-0.0030511340660956954,-0.0035623815098584366
2024-05-22,long_IM1000_short_IC500,1,5479.6,5424.0,5359.0,5326.0,-0.022008905759544506,-0.01806784660766958,-0.003941059151874926
2024-05-23,short_IM1000_long_IC500,-1,5359.0,5326.0,5291.2,5270.4,-0.012651614107109577,-0.010439354111903887,0.00221225999520569
2024-05-24,long_IM1000_short_IC500,1,5291.2,5270.4,5335.8,5322.4,0.008429089809494972,0.009866423800850121,-0.0014373339913551497
2024-05-27,short_IM1000_long_IC500,-1,5335.8,5322.4,5279.0,5280.0,-0.010645076652048502,-0.007966330978505853,0.0026787456735426485
2024-05-28,long_IM1000_short_IC500,1,5279.0,5280.0,5284.0,5290.0,0.0009471490812653638,0.0018939393939394478,-0.000946790312674084
2024-05-29,long_IM1000_short_IC500,1,5284.0,5290.0,5291.4,5287.0,0.0014004542013625887,-0.0005671077504726396,0.0019675619518352283
2024-05-30,short_IM1000_long_IC500,-1,5291.4,5287.0,5314.0,5282.2,0.004271081377329233,-0.0009078872706639318,-0.005178968647993165
2024-05-31,long_IM1000_short_IC500,1,5314.0,5282.2,5222.4,5239.8,-0.017237485886338,-0.008026958464276146,-0.009210527422061854
2024-06-03,short_IM1000_long_IC500,-1,5222.4,5239.8,5268.6,5307.2,0.008846507352941346,0.01286308637734268,0.004016579024401334
2024-06-04,short_IM1000_long_IC500,-1,5268.6,5307.2,5209.6,5247.6,-0.011198420832858824,-0.011230027132951403,-3.1606300092579254e-05
2024-06-05,long_IM1000_short_IC500,1,5209.6,5247.6,5101.8,5208.2,-0.020692567567567655,-0.007508194222120679,-0.013184373345446976
2024-06-06,short_IM1000_long_IC500,-1,5101.8,5208.2,5115.0,5178.0,0.002587322121604174,-0.005798548442840112,-0.008385870564444287
2024-06-07,long_IM1000_short_IC500,1,5115.0,5178.0,5174.0,5198.6,0.011534701857282448,0.003978370027037492,0.007556331830244956
2024-06-11,short_IM1000_long_IC500,-1,5174.0,5198.6,5180.6,5210.0,0.0012756088132972465,0.0021928980879466486,0.0009172892746494021
2024-06-12,short_IM1000_long_IC500,-1,5180.6,5210.0,5148.4,5184.0,-0.0062154962745629705,-0.00499040307101728,0.0012250932035456907
2024-06-13,short_IM1000_long_IC500,-1,5148.4,5184.0,5178.8,5211.6,0.005904747105897057,0.005324074074074092,-0.0005806730318229647
2024-06-14,short_IM1000_long_IC500,-1,5178.8,5211.6,5173.8,5198.2,-0.0009654746273267678,-0.002571187351293358,-0.0016057127239665903
2024-06-17,short_IM1000_long_IC500,-1,5173.8,5198.2,5230.0,5226.6,0.010862422204182653,0.005463429648724594,-0.00539899255545806
2024-06-18,short_IM1000_long_IC500,-1,5230.0,5226.6,5155.0,5169.2,-0.014340344168260022,-0.010982282937282428,0.0033580612309775937
2024-06-19,short_IM1000_long_IC500,-1,5155.0,5169.2,5064.0,5091.0,-0.017652764306498536,-0.015128066238489501,0.0025246980680090347
2024-06-20,short_IM1000_long_IC500,-1,5064.0,5091.0,4994.6,5060.6,-0.013704581358609746,-0.005971321940679508,0.007733259417930238
2024-06-21,short_IM1000_long_IC500,-1,4994.6,5060.6,4834.0,4965.0,-0.032154727105273784,-0.01889104058807267,0.013263686517201112
2024-06-24,short_IM1000_long_IC500,-1,4834.0,4965.0,4808.4,4923.4,-0.005295821266032341,-0.00837865055387721,-0.003082829287844868
2024-06-25,long_IM1000_short_IC500,1,4808.4,4923.4,4954.4,4990.2,0.030363530488312085,0.01356785960921325,0.016795670879098834
2024-06-26,short_IM1000_long_IC500,-1,4954.4,4990.2,4835.0,4908.0,-0.024099790085580386,-0.01647228567993264,0.007627504405647745
2024-06-27,short_IM1000_long_IC500,-1,4835.0,4908.0,4851.4,4909.0,0.0033919338159253964,0.0002037489812551918,-0.0031881848346702046
2024-06-28,short_IM1000_long_IC500,-1,4851.4,4909.0,4893.2,4968.2,0.00861606958816008,0.012059482583010706,0.0034434129948506254
2024-07-01,short_IM1000_long_IC500,-1,4893.2,4968.2,4863.8,4924.6,-0.006008338101855526,-0.00877581417817308,-0.0027674760763175543
2024-07-02,long_IM1000_short_IC500,1,4863.8,4924.6,4832.2,4879.8,-0.006496977671779369,-0.009097185558217924,0.0026002078864385547
2024-07-03,long_IM1000_short_IC500,1,4832.2,4879.8,4729.0,4803.8,-0.021356731923347527,-0.015574408787245364,-0.005782323136102163
2024-07-04,short_IM1000_long_IC500,-1,4729.0,4803.8,4778.2,4842.0,0.010403890886022449,0.007952037969940484,-0.0024518529160819647
2024-07-05,long_IM1000_short_IC500,1,4778.2,4842.0,4663.0,4762.4,-0.02410949730023859,-0.016439487814952525,-0.007670009485286067
2024-07-08,short_IM1000_long_IC500,-1,4663.0,4762.4,4766.6,4854.8,0.022217456573021765,0.01940198219385203,-0.0028154743791697356
2024-07-09,short_IM1000_long_IC500,-1,4766.6,4854.8,4758.0,4831.4,-0.0018042210380565527,-0.004819971986487759,-0.003015750948431206
2024-07-10,short_IM1000_long_IC500,-1,4758.0,4831.4,4881.4,4925.4,0.02593526691887349,0.019456058285383104,-0.006479208633490385
2024-07-11,long_IM1000_short_IC500,1,4881.4,4925.4,4864.2,4908.0,-0.0035235793010202077,-0.003532708003410767,9.128702390559518e-06
2024-07-12,long_IM1000_short_IC500,1,4864.2,4908.0,4808.8,4862.6,-0.01138933432013478,-0.009250203748981223,-0.002139130571153558
2024-07-15,long_IM1000_short_IC500,1,4808.8,4862.6,4816.6,4881.2,0.0016220262851438516,0.0038251141364700203,-0.0022030878513261687
2024-07-16,short_IM1000_long_IC500,-1,4816.6,4881.2,4789.6,4851.2,-0.00560561391853176,-0.006146029664836461,-0.000540415746304701
2024-07-17,long_IM1000_short_IC500,1,4789.6,4851.2,4809.2,4879.2,0.004092199766159821,0.005771767810026418,-0.0016795680438665972
2024-07-18,long_IM1000_short_IC500,1,4809.2,4879.2,4757.0,4846.2,-0.010854196124095439,-0.006763403836694493,-0.004090792287400946
2024-07-19,long_IM1000_short_IC500,1,4757.0,4846.2,4766.2,4834.4,0.0019339920117720233,-0.002434897445421247,0.00436888945719327
2024-07-22,short_IM1000_long_IC500,-1,4766.2,4834.4,4625.0,4691.0,-0.029625277999244637,-0.02966241932814817,-3.714132890353383e-05
2024-07-23,short_IM1000_long_IC500,-1,4625.0,4691.0,4570.2,4631.4,-0.011848648648648652,-0.012705180132168037,-0.0008565314835193849
2024-07-24,short_IM1000_long_IC500,-1,4570.2,4631.4,4579.2,4627.2,0.001969279243796862,-0.0009068532193289291,-0.002876132463125791
2024-07-25,long_IM1000_short_IC500,1,4579.2,4627.2,4664.6,4709.4,0.01864954577218736,0.01776452282157681,0.0008850229506105478
2024-07-26,short_IM1000_long_IC500,-1,4664.6,4709.4,4638.6,4679.4,-0.005573897011533657,-0.006370238246910409,-0.0007963412353767518
2024-07-29,short_IM1000_long_IC500,-1,4638.6,4679.4,4656.0,4673.0,0.003751131807010699,-0.0013676967132537632,-0.005118828520264462
2024-07-30,long_IM1000_short_IC500,1,4656.0,4673.0,4895.0,4890.2,0.051331615120274954,0.046479777444896175,0.004851837675378778
2024-07-31,long_IM1000_short_IC500,1,4895.0,4890.2,4859.4,4841.0,-0.0072727272727273196,-0.01006093820293641,0.0027882109302090896
2024-08-01,short_IM1000_long_IC500,-1,4859.4,4841.0,4792.8,4777.8,-0.013705395727867553,-0.013055153893823501,0.0006502418340440519
2024-08-02,long_IM1000_short_IC500,1,4792.8,4777.8,4670.6,4689.8,-0.025496578200634223,-0.01841851898363267,-0.007078059217001553
2024-08-05,long_IM1000_short_IC500,1,4670.6,4689.8,4729.8,4738.2,0.012675031045261909,0.010320269521088221,0.0023547615241736874
2024-08-06,short_IM1000_long_IC500,-1,4729.8,4738.2,4719.0,4735.6,-0.0022833946467081256,-0.000548731585834128,0.0017346630608739977
2024-08-07,short_IM1000_long_IC500,-1,4719.0,4735.6,4735.0,4752.4,0.0033905488450942656,0.0035475969254159523,0.0001570480803216867
2024-08-08,long_IM1000_short_IC500,1,4735.0,4752.4,4687.0,4707.8,-0.010137275607180585,-0.009384731924922063,-0.0007525436822585219
2024-08-09,short_IM1000_long_IC500,-1,4687.0,4707.8,4678.4,4717.6,-0.0018348623853211565,0.0020816517269213186,0.003916514112242475
2024-08-12,short_IM1000_long_IC500,-1,4678.4,4717.6,4689.8,4729.2,0.002436730506156115,0.002458877395285608,2.214688912949292e-05
2024-08-13,short_IM1000_long_IC500,-1,4689.8,4729.2,4641.6,4653.8,-0.010277623779265554,-0.015943499957709495,-0.00566587617844394
2024-08-14,short_IM1000_long_IC500,-1,4641.6,4653.8,4637.4,4661.2,-0.0009048603929681098,0.0015900984141989927,0.0024949588071671025
2024-08-15,long_IM1000_short_IC500,1,4637.4,4661.2,4606.2,4642.8,-0.006727907879415129,-0.003947481335278447,-0.0027804265441366827
2024-08-16,short_IM1000_long_IC500,-1,4606.2,4642.8,4622.8,4662.0,0.003603838304893525,0.00413543551305251,0.0005315972081589848
2024-08-19,short_IM1000_long_IC500,-1,4622.8,4662.0,4537.0,4572.0,-0.01856017997750281,-0.019305019305019266,-0.0007448393275164555
2024-08-20,short_IM1000_long_IC500,-1,4537.0,4572.0,4522.0,4570.6,-0.0033061494379545975,-0.00030621172353451076,0.0029999377144200867
2024-08-21,short_IM1000_long_IC500,-1,4522.0,4570.6,4473.2,4514.6,-0.010791685095090653,-0.012252220715004647,-0.001460535619913994
2024-08-22,long_IM1000_short_IC500,1,4473.2,4514.6,4475.0,4518.6,0.00040239649467954663,0.0008860142648297042,-0.0004836177701501576
2024-08-23,long_IM1000_short_IC500,1,4475.0,4518.6,4489.2,4527.0,0.0031731843575417695,0.0018589828708006628,0.0013142014867411067
2024-08-26,long_IM1000_short_IC500,1,4489.2,4527.0,4442.2,4480.2,-0.010469571415842482,-0.010337972166998055,-0.0001315992488444273
2024-08-27,long_IM1000_short_IC500,1,4442.2,4480.2,4450.2,4483.0,0.0018009094592770225,0.0006249720994597752,0.0011759373598172473
2024-08-28,long_IM1000_short_IC500,1,4450.2,4483.0,4527.4,4547.2,0.01734753494224983,0.014320767343296792,0.0030267675989530396
2024-08-29,long_IM1000_short_IC500,1,4527.4,4547.2,4621.0,4628.4,0.02067411759508775,0.017857142857142794,0.002816974737944955
2024-08-30,short_IM1000_long_IC500,-1,4621.0,4628.4,4515.6,4532.4,-0.022808915819086728,-0.020741508944775777,0.002067406874310951
2024-09-02,long_IM1000_short_IC500,1,4515.6,4532.4,4547.4,4576.0,0.007042253521126529,0.00961962757038215,-0.0025773740492556207
2024-09-03,short_IM1000_long_IC500,-1,4547.4,4576.0,4536.2,4569.2,-0.002462945859172283,-0.001486013986014001,0.0009769318731582821
2024-09-04,long_IM1000_short_IC500,1,4536.2,4569.2,4577.2,4592.4,0.009038402186852368,0.005077475269193776,0.0039609269176585915
2024-09-05,short_IM1000_long_IC500,-1,4577.2,4592.4,4497.2,4524.2,-0.01747793410818843,-0.014850622768051491,0.0026273113401369397
2024-09-06,long_IM1000_short_IC500,1,4497.2,4524.2,4457.4,4494.6,-0.008849951080672436,-0.00654259316564243,-0.002307357915030006
2024-09-09,short_IM1000_long_IC500,-1,4457.4,4494.6,4473.6,4493.0,0.0036344057073631753,-0.00035598273483739007,-0.003990388442200565
2024-09-10,short_IM1000_long_IC500,-1,4473.6,4493.0,4474.8,4509.2,0.00026824034334760327,0.0036056087246827406,0.0033373683813351374
2024-09-11,short_IM1000_long_IC500,-1,4474.8,4509.2,4468.4,4496.4,-0.0014302315187272319,-0.002838641000621034,-0.001408409481893802
2024-09-12,short_IM1000_long_IC500,-1,4468.4,4496.4,4416.8,4444.8,-0.011547757586608087,-0.011475847344542212,7.191024206587571e-05
2024-09-13,short_IM1000_long_IC500,-1,4416.8,4444.8,4405.0,4460.0,-0.002671617460604958,0.00341972642188626,0.006091343882491218
2024-09-18,long_IM1000_short_IC500,1,4405.0,4460.0,4487.4,4530.0,0.018706015891032823,0.015695067264573925,0.003010948626458898
2024-09-19,long_IM1000_short_IC500,1,4487.4,4530.0,4422.6,4474.8,-0.014440433212996262,-0.012185430463576119,-0.002255002749420143
2024-09-20,short_IM1000_long_IC500,-1,4422.6,4474.8,4437.0,4478.4,0.0032560032560031704,0.0008045052292837696,-0.002451498026719401
2024-09-23,short_IM1000_long_IC500,-1,4437.0,4478.4,4653.2,4705.6,0.04872661708361492,0.05073240443015381,0.00200578734653889
2024-09-24,short_IM1000_long_IC500,-1,4653.2,4705.6,4676.4,4732.0,0.004985816212498939,0.005610336620197165,0.0006245204076982258
2024-09-25,long_IM1000_short_IC500,1,4676.4,4732.0,4937.4,4995.2,0.055812163202463516,0.0556213017751479,0.00019086142731561395
2024-09-26,long_IM1000_short_IC500,1,4937.4,4995.2,5362.2,5430.2,0.08603718556325202,0.08708360025624606,-0.0010464146929940465
2024-09-27,long_IM1000_short_IC500,1,5362.2,5430.2,5813.4,5902.8,0.08414456752825328,0.08703178520128185,-0.002887217673028575
2024-09-30,long_IM1000_short_IC500,1,5813.4,5902.8,6219.8,6098.2,0.06990745518973407,0.033102934200718304,0.036804520989015765
2024-10-08,short_IM1000_long_IC500,-1,6219.8,6098.2,5749.8,5790.8,-0.07556513071159843,-0.05040831720835648,0.025156813503241948
2024-10-09,short_IM1000_long_IC500,-1,5749.8,5790.8,5664.0,5712.6,-0.014922258165501412,-0.013504179042619247,0.0014180791228821654
2024-10-10,long_IM1000_short_IC500,1,5664.0,5712.6,5423.0,5485.0,-0.042549435028248594,-0.03984175331722861,-0.0027076817110199825
2024-10-11,short_IM1000_long_IC500,-1,5423.0,5485.0,5613.0,5605.4,0.03503595795685044,0.02195077484047392,-0.01308518311637652
2024-10-14,long_IM1000_short_IC500,1,5613.0,5605.4,5481.4,5456.4,-0.02344557277748094,-0.026581510686124132,0.0031359379086431938
2024-10-15,long_IM1000_short_IC500,1,5481.4,5456.4,5527.2,5463.8,0.008355529609223922,0.0013562055567775122,0.0069993240524464095
2024-10-16,long_IM1000_short_IC500,1,5527.2,5463.8,5490.0,5407.0,-0.006730351715154126,-0.010395695303634822,0.003665343588480696
2024-10-17,short_IM1000_long_IC500,-1,5490.0,5407.0,5728.0,5606.2,0.043351548269580986,0.0368411318660995,-0.006510416403481489
2024-10-18,short_IM1000_long_IC500,-1,5728.0,5606.2,5822.6,5682.4,0.016515363128491778,0.013592094466840177,-0.0029232686616516013
2024-10-21,long_IM1000_short_IC500,1,5822.6,5682.4,5850.6,5741.4,0.0048088482808368305,0.010382936787272978,-0.005574088506436148
2024-10-22,short_IM1000_long_IC500,-1,5850.6,5741.4,5866.2,5755.8,0.002666393190441818,0.0025080990699133388,-0.00015829412052847935
2024-10-23,long_IM1000_short_IC500,1,5866.2,5755.8,5832.0,5710.0,-0.005830009205277653,-0.007957191007331721,0.002127181802054068
2024-10-24,short_IM1000_long_IC500,-1,5832.0,5710.0,5979.4,5797.0,0.02527434842249643,0.015236427320490353,-0.010037921102006075
2024-10-25,long_IM1000_short_IC500,1,5979.4,5797.0,6044.0,5857.8,0.010803759574539384,0.010488183543212015,0.0003155760313273692
2024-10-28,long_IM1000_short_IC500,1,6044.0,5857.8,5951.0,5800.8,-0.015387160820648615,-0.009730615589470415,-0.0056565452311782005
2024-10-29,short_IM1000_long_IC500,-1,5951.0,5800.8,5975.0,5814.4,0.004032935641068658,0.002344504206316378,-0.00168843143475228
2024-10-30,long_IM1000_short_IC500,1,5975.0,5814.4,6063.6,5859.6,0.014828451882845206,0.007773802971931865,0.0070546489109133415
2024-10-31,long_IM1000_short_IC500,1,6063.6,5859.6,5890.0,5821.0,-0.02862985685071584,-0.0065874803740870735,-0.022042376476628767
2024-11-01,long_IM1000_short_IC500,1,5890.0,5821.0,6035.8,5917.4,0.024753820033955876,0.016560728397182478,0.008193091636773397
2024-11-04,short_IM1000_long_IC500,-1,6035.8,5917.4,6261.4,6093.8,0.037376983995493385,0.029810389698178286,-0.007566594297315099
2024-11-05,long_IM1000_short_IC500,1,6261.4,6093.8,6268.2,6096.0,0.0010860191011594633,0.00036102267878823646,0.0007249964223712269
2024-11-06,long_IM1000_short_IC500,1,6268.2,6096.0,6389.0,6207.8,0.019271880284611242,0.018339895013123497,0.0009319852714877452
2024-11-07,short_IM1000_long_IC500,-1,6389.0,6207.8,6381.8,6174.0,-0.0011269369228360526,-0.005444763040046374,-0.004317826117210322
2024-11-08,short_IM1000_long_IC500,-1,6381.8,6174.0,6490.4,6240.0,0.01701714249898134,0.010689990281826933,-0.006327152217154408
2024-11-11,short_IM1000_long_IC500,-1,6490.4,6240.0,6407.8,6184.0,-0.012726488352027499,-0.008974358974358942,0.003752129377668556
2024-11-12,long_IM1000_short_IC500,1,6407.8,6184.0,6397.4,6186.4,-0.0016230219420082515,0.0003880983182404929,-0.0020111202602487444
2024-11-13,short_IM1000_long_IC500,-1,6397.4,6186.4,6239.6,6057.4,-0.024666270672460522,-0.02085219190482346,0.0038140787676370635
2024-11-14,long_IM1000_short_IC500,1,6239.6,6057.4,6103.0,5913.2,-0.02189242900185917,-0.023805593158780947,0.001913164156921776
2024-11-15,long_IM1000_short_IC500,1,6103.0,5913.2,5954.2,5822.0,-0.02438145174504347,-0.015423121152675301,-0.008958330592368169
2024-11-18,long_IM1000_short_IC500,1,5954.2,5822.0,6093.0,5890.2,0.023311276074031717,0.011714187564410894,0.011597088509620823
2024-11-19,long_IM1000_short_IC500,1,6093.0,5890.2,6190.8,5943.8,0.016051206302314158,0.00909986078571201,0.006951345516602148
2024-11-20,long_IM1000_short_IC500,1,6190.8,5943.8,6187.2,5933.4,-0.0005815080441946563,-0.0017497223998116374,0.001168214355616981
2024-11-21,long_IM1000_short_IC500,1,6187.2,5933.4,5951.2,5709.0,-0.03814326351176622,-0.03781979977753058,-0.00032346373423564057
2024-11-22,short_IM1000_long_IC500,-1,5951.2,5709.0,5992.8,5688.8,0.006990186853071734,-0.0035382729024346915,-0.010528459755506425
2024-11-25,long_IM1000_short_IC500,1,5992.8,5688.8,5914.0,5652.8,-0.013149112268055041,-0.006328223878498074,-0.006820888389556967
2024-11-26,short_IM1000_long_IC500,-1,5914.0,5652.8,6086.8,5767.6,0.029218802840716984,0.020308519671667247,-0.008910283169049737
2024-11-27,long_IM1000_short_IC500,1,6086.8,5767.6,6036.8,5723.6,-0.008214496944207172,-0.0076288230806574875,-0.000585673863549685
2024-11-28,long_IM1000_short_IC500,1,6036.8,5723.6,6156.0,5822.4,0.019745560561887032,0.017261863163044122,0.00248369739884291
2024-11-29,short_IM1000_long_IC500,-1,6156.0,5822.4,6266.8,5912.0,0.017998700454840755,0.015388843088760762,-0.002609857366079993
2024-12-02,short_IM1000_long_IC500,-1,6266.8,5912.0,6265.4,5903.2,-0.00022339950213834392,-0.001488497970230096,-0.001265098468091752
2024-12-03,long_IM1000_short_IC500,1,6265.4,5903.2,6171.8,5860.0,-0.014939189836243427,-0.007318064778425226,-0.007621125057818201
2024-12-04,long_IM1000_short_IC500,1,6171.8,5860.0,6255.6,5878.0,0.013577886516089377,0.0030716723549488734,0.010506214161140504
2024-12-05,short_IM1000_long_IC500,-1,6255.6,5878.0,6333.6,5963.4,0.012468827930174564,0.014528751275944218,0.002059923345769654
2024-12-06,long_IM1000_short_IC500,1,6333.6,5963.4,6264.0,5922.6,-0.010989010989011061,-0.006841734580943615,-0.004147276408067446
2024-12-09,long_IM1000_short_IC500,1,6264.0,5922.6,6358.2,5991.4,0.015038314176245127,0.011616519771721734,0.003421794404523393
2024-12-10,long_IM1000_short_IC500,1,6358.2,5991.4,6430.2,6036.4,0.011323959611210688,0.007510765430450261,0.0038131941807604264
2024-12-11,short_IM1000_long_IC500,-1,6430.2,6036.4,6477.8,6093.0,0.007402569126932379,0.009376449539460596,0.0019738804125282172
2024-12-12,short_IM1000_long_IC500,-1,6477.8,6093.0,6359.0,5998.2,-0.01833955972706791,-0.015558838010832132,0.002780721716235779
2024-12-13,long_IM1000_short_IC500,1,6359.0,5998.2,6263.4,5908.0,-0.015033810347539034,-0.015037844686739299,4.03433920026508e-06
2024-12-16,short_IM1000_long_IC500,-1,6263.4,5908.0,6143.6,5850.8,-0.019126991729731313,-0.00968178740690584,0.009445204322825473
2024-12-17,short_IM1000_long_IC500,-1,6143.6,5850.8,6189.8,5888.6,0.007520020834689722,0.006460654953168721,-0.0010593658815210016
2024-12-18,long_IM1000_short_IC500,1,6189.8,5888.6,6218.0,5911.6,0.00455588225790815,0.0039058519851917772,0.0006500302727163731
2024-12-19,short_IM1000_long_IC500,-1,6218.0,5911.6,6141.2,5895.6,-0.012351238340302384,-0.0027065430678665514,0.009644695272435833
2024-12-20,long_IM1000_short_IC500,1,6141.2,5895.6,5987.0,5803.0,-0.025109099198853624,-0.01570662867223016,-0.009402470526623463
2024-12-23,short_IM1000_long_IC500,-1,5987.0,5803.0,6053.4,5879.2,0.011090696509103104,0.013131139066000275,0.0020404425568971707
2024-12-24,long_IM1000_short_IC500,1,6053.4,5879.2,6001.8,5828.4,-0.008524135196748883,-0.008640631378418862,0.00011649618166997833
2024-12-25,short_IM1000_long_IC500,-1,6001.8,5828.4,6052.8,5870.0,0.008497450764770598,0.0071374648273969665,-0.0013599859373736312
2024-12-26,short_IM1000_long_IC500,-1,6052.8,5870.0,6067.4,5887.8,0.002412106793550084,0.0030323679727428665,0.0006202611791927826
2024-12-27,long_IM1000_short_IC500,1,6067.4,5887.8,6057.8,5889.2,-0.0015822263242903922,0.0002377798158903488,-0.001820006140180741
2024-12-30,long_IM1000_short_IC500,1,6057.8,5889.2,5848.6,5693.0,-0.03453398923701667,-0.03331522108265972,-0.0012187681543569528
2024-12-31,short_IM1000_long_IC500,-1,5848.6,5693.0,5699.4,5534.6,-0.02551037855213223,-0.027823643070437276,-0.002313264518305047
2025-01-02,long_IM1000_short_IC500,1,5699.4,5534.6,5553.4,5428.8,-0.025616731585780927,-0.019116105951649698,-0.00650062563413123
2025-01-03,short_IM1000_long_IC500,-1,5553.4,5428.8,5527.2,5418.0,-0.00471783051824104,-0.0019893899204244114,0.002728440597816628
2025-01-06,long_IM1000_short_IC500,1,5527.2,5418.0,5599.0,5468.8,0.012990302503980367,0.009376153562200118,0.0036141489417802486
2025-01-07,short_IM1000_long_IC500,-1,5599.0,5468.8,5565.4,5448.2,-0.006001071619932241,-0.003766822703335393,0.002234248916596848
2025-01-08,long_IM1000_short_IC500,1,5565.4,5448.2,5561.2,5437.2,-0.0007546627376289194,-0.0020190154546455563,0.0012643527170166369
2025-01-09,short_IM1000_long_IC500,-1,5561.2,5437.2,5456.0,5365.6,-0.018916780550960244,-0.013168542632237101,0.0057482379187231425
2025-01-10,long_IM1000_short_IC500,1,5456.0,5365.6,5480.8,5385.6,0.00454545454545463,0.0037274489339496064,0.0008180056115050238
2025-01-13,long_IM1000_short_IC500,1,5480.8,5385.6,5747.6,5569.0,0.04867902495985987,0.0340537730243613,0.014625251935498573
2025-01-14,short_IM1000_long_IC500,-1,5747.6,5569.0,5702.4,5526.0,-0.007864151993875801,-0.007721314419105729,0.00014283757477007164
2025-01-15,long_IM1000_short_IC500,1,5702.4,5526.0,5720.4,5545.0,0.0031565656565657463,0.0034382917119073486,-0.00028172605534160233
2025-01-16,short_IM1000_long_IC500,-1,5720.4,5545.0,5778.0,5550.8,0.010069225928256875,0.0010459873760144678,-0.009023238552242407
2025-01-17,short_IM1000_long_IC500,-1,5778.0,5550.8,5816.4,5579.6,0.006645898234683312,0.005188441305757685,-0.0014574569289256267
2025-01-20,short_IM1000_long_IC500,-1,5816.4,5579.6,5845.6,5595.0,0.005020287463035622,0.0027600544841923647,-0.0022602329788432574
2025-01-21,short_IM1000_long_IC500,-1,5845.6,5595.0,5806.6,5572.6,-0.0066716846859176115,-0.004003574620196515,0.0026681100657210965
2025-01-22,short_IM1000_long_IC500,-1,5806.6,5572.6,5776.2,5540.2,-0.005235421761443981,-0.005814162150522328,-0.0005787403890783471
2025-01-23,long_IM1000_short_IC500,1,5776.2,5540.2,5920.0,5638.6,0.024895259859423202,0.017761091657340966,0.007134168202082236
2025-01-24,short_IM1000_long_IC500,-1,5920.0,5638.6,5790.6,5532.8,-0.021858108108108065,-0.018763522860284487,0.003094585247823578
2025-01-27,long_IM1000_short_IC500,1,5790.6,5532.8,5832.2,5567.8,0.007184056919835591,0.0063259109311741835,0.0008581459886614073
2025-02-05,long_IM1000_short_IC500,1,5832.2,5567.8,5988.6,5712.8,0.026816638661225634,0.026042602104960677,0.0007740365562649565
2025-02-06,short_IM1000_long_IC500,-1,5988.6,5712.8,6095.4,5807.6,0.017833884380322518,0.016594314521775733,-0.0012395698585467851
2025-02-07,short_IM1000_long_IC500,-1,6095.4,5807.6,6143.6,5844.0,0.007907602454309881,0.006267649287140964,-0.0016399531671689171
2025-02-10,long_IM1000_short_IC500,1,6143.6,5844.0,6133.2,5822.8,-0.0016928185428739528,-0.0036276522929500343,0.0019348337500760815
2025-02-11,long_IM1000_short_IC500,1,6133.2,5822.8,6223.0,5902.6,0.014641622643970509,0.013704746857182037,0.0009368757867884714
2025-02-12,short_IM1000_long_IC500,-1,6223.0,5902.6,6175.0,5873.0,-0.0077133215490921,-0.005014739267441559,0.002698582281650541
2025-02-13,long_IM1000_short_IC500,1,6175.0,5873.0,6205.2,5925.0,0.0048906882591093215,0.008854077983994513,-0.003963389724885191
2025-02-14,long_IM1000_short_IC500,1,6205.2,5925.0,6219.2,5909.4,0.0022561722426353015,-0.0026329113924051795,0.004889083635040481
2025-02-17,short_IM1000_long_IC500,-1,6219.2,5909.4,6110.2,5822.6,-0.017526369951119114,-0.014688462449656381,0.002837907501462733
2025-02-18,long_IM1000_short_IC500,1,6110.2,5822.6,6240.0,5913.4,0.02124316716310437,0.01559440799642764,0.005648759166676731
2025-02-19,long_IM1000_short_IC500,1,6240.0,5913.4,6254.4,5918.0,0.002307692307692344,0.0007778942740217509,0.001529798033670593
2025-02-20,long_IM1000_short_IC500,1,6254.4,5918.0,6399.0,6028.8,0.023119723714505103,0.01872254139912144,0.004397182315383663
2025-02-21,short_IM1000_long_IC500,-1,6399.0,6028.8,6366.6,5994.4,-0.005063291139240422,-0.005705944798301554,-0.000642653659061132
2025-02-24,long_IM1000_short_IC500,1,6366.6,5994.4,6355.4,5950.4,-0.001759180724405618,-0.007340184171893749,0.005581003447488131
2025-02-25,long_IM1000_short_IC500,1,6355.4,5950.4,6420.8,5997.0,0.010290461654655969,0.007831406292013954,0.0024590553626420153
2025-02-26,long_IM1000_short_IC500,1,6420.8,5997.0,6415.0,5982.4,-0.0009033142287565576,-0.002434550608637731,0.0015312363798811734
2025-02-27,long_IM1000_short_IC500,1,6415.0,5982.4,6230.4,5838.4,-0.028776305533904978,-0.024070607114201614,-0.0047056984197033636
2025-02-28,long_IM1000_short_IC500,1,6230.4,5838.4,6215.4,5847.2,-0.0024075500770416314,0.0015072622636338462,-0.0039148123406754776
2025-03-03,long_IM1000_short_IC500,1,6215.4,5847.2,6279.2,5896.4,0.01026482607716317,0.008414283759748287,0.0018505423174148827
2025-03-04,long_IM1000_short_IC500,1,6279.2,5896.4,6313.0,5905.8,0.005382851318639359,0.0015941930669562954,0.0037886582516830636
2025-03-05,short_IM1000_long_IC500,-1,6313.0,5905.8,6475.8,6020.0,0.02578805639157289,0.01933692302482304,-0.0064511333667498505
2025-03-06,long_IM1000_short_IC500,1,6475.8,6020.0,6452.8,5992.4,-0.0035516847339325253,-0.004584717607973521,0.0010330328740409955
2025-03-07,long_IM1000_short_IC500,1,6452.8,5992.4,6427.4,5961.2,-0.003936275725266669,-0.005206595020359139,0.0012703192950924702
2025-03-10,long_IM1000_short_IC500,1,6427.4,5961.2,6490.0,6011.0,0.009739552540685148,0.008354022679997408,0.0013855298606877398
2025-03-11,long_IM1000_short_IC500,1,6490.0,6011.0,6513.8,6019.0,0.003667180277349802,0.0013308933621694052,0.0023362869151803967
2025-03-12,short_IM1000_long_IC500,-1,6513.8,6019.0,6426.0,5967.8,-0.013479075194203105,-0.00850639641136397,0.004972678782839135
2025-03-13,long_IM1000_short_IC500,1,6426.0,5967.8,6562.8,6096.2,0.02128851540616239,0.021515466336003097,-0.00022695092984070797
2025-03-14,short_IM1000_long_IC500,-1,6562.8,6096.2,6543.4,6083.0,-0.002956055342232089,-0.0021652832912305575,0.0007907720510015315
2025-03-17,short_IM1000_long_IC500,-1,6543.4,6083.0,6577.0,6112.4,0.005134945135556457,0.004833141542002206,-0.0003018035935542507
2025-03-18,short_IM1000_long_IC500,-1,6577.0,6112.4,6550.0,6099.4,-0.004105215143682561,-0.002126824160722518,0.0019783909829600432
2025-03-19,long_IM1000_short_IC500,1,6550.0,6099.4,6534.2,6056.6,-0.00241221374045808,-0.007017083647571809,0.004604869907113729
2025-03-20,long_IM1000_short_IC500,1,6534.2,6056.6,6177.4,5913.6,-0.054605001377368345,-0.02361060661096981,-0.030994394766398536
2025-03-21,long_IM1000_short_IC500,1,6177.4,5913.6,6142.8,5903.8,-0.005601061935441964,-0.0016571969696970168,-0.003943864965744948
2025-03-24,short_IM1000_long_IC500,-1,6142.8,5903.8,6115.6,5895.2,-0.004427948166959683,-0.0014566889122260562,0.002971259254733627
2025-03-25,long_IM1000_short_IC500,1,6115.6,5895.2,6129.4,5895.8,0.0022565242985150835,0.00010177771746522346,0.00215474658104986
2025-03-26,long_IM1000_short_IC500,1,6129.4,5895.8,6143.4,5922.2,0.0022840734819069564,0.004477763831880255,-0.0021936903499732985
2025-03-27,long_IM1000_short_IC500,1,6143.4,5922.2,6078.4,5869.6,-0.010580460331412578,-0.008881834453412507,-0.0016986258780000707
2025-03-28,short_IM1000_long_IC500,-1,6078.4,5869.6,6049.0,5819.6,-0.0048367991576729885,-0.008518468038707927,-0.0036816688810349385
2025-03-31,short_IM1000_long_IC500,-1,6049.0,5819.6,6064.2,5850.6,0.0025128120350470518,0.005326826586019573,0.002814014550972521
2025-04-01,long_IM1000_short_IC500,1,6064.2,5850.6,6100.0,5868.6,0.005903499224959585,0.003076607527433106,0.002826891697526479
2025-04-02,short_IM1000_long_IC500,-1,6100.0,5868.6,6031.8,5822.4,-0.01118032786885248,-0.007872405684490436,0.0033079221843620443
2025-04-03,long_IM1000_short_IC500,1,6031.8,5822.4,5432.6,5236.2,-0.09934016379853439,-0.10068013190436931,0.001339968105834921
2025-04-07,short_IM1000_long_IC500,-1,5432.6,5236.2,5313.6,5271.0,-0.021904796966461748,0.006646041022115412,0.02855083798857716
2025-04-08,long_IM1000_short_IC500,1,5313.6,5271.0,5429.6,5387.2,0.02183077386329413,0.02204515272244345,-0.0002143788591493223
2025-04-09,short_IM1000_long_IC500,-1,5429.6,5387.2,5578.2,5509.0,0.027368498600265134,0.022609147609147673,-0.004759350991117461
2025-04-10,short_IM1000_long_IC500,-1,5578.2,5509.0,5672.2,5555.8,0.01685131404395679,0.008495189689598837,-0.008356124354357952
2025-04-11,long_IM1000_short_IC500,1,5672.2,5555.8,5693.0,5584.8,0.003667007510313569,0.0052197703301055665,-0.0015527628197919974
2025-04-14,long_IM1000_short_IC500,1,5693.0,5584.8,5680.4,5580.0,-0.0022132443351484676,-0.0008594757198109315,-0.0013537686153375361
2025-04-15,long_IM1000_short_IC500,1,5680.4,5580.0,5603.0,5540.4,-0.013625800999929494,-0.007096774193548483,-0.006529026806381011
2025-04-16,long_IM1000_short_IC500,1,5603.0,5540.4,5653.8,5551.2,0.009066571479564578,0.0019493177387914784,0.0071172537407731
2025-04-17,long_IM1000_short_IC500,1,5653.8,5551.2,5642.0,5400.0,-0.002087091867416624,-0.027237354085603127,0.025150262218186503
2025-04-18,short_IM1000_long_IC500,-1,5642.0,5400.0,5770.0,5499.8,0.02268699042892597,0.018481481481481543,-0.004205508947444425
2025-04-21,long_IM1000_short_IC500,1,5770.0,5499.8,5769.6,5486.0,-6.932409012128105e-05,-0.002509182152078293,0.002439858061957012
2025-04-22,long_IM1000_short_IC500,1,5769.6,5486.0,5820.0,5495.0,0.008735440931780358,0.0016405395552314683,0.00709490137654889
2025-04-23,short_IM1000_long_IC500,-1,5820.0,5495.0,5767.4,5478.0,-0.009037800687285324,-0.00309372156505916,0.005944079122226165
2025-04-24,long_IM1000_short_IC500,1,5767.4,5478.0,5786.6,5498.6,0.0033290564205710194,0.003760496531580948,-0.00043144011100992863
2025-04-25,short_IM1000_long_IC500,-1,5786.6,5498.6,5729.0,5471.0,-0.009954031728476198,-0.0050194594987815755,0.004934572229694623
2025-04-28,long_IM1000_short_IC500,1,5729.0,5471.0,5773.6,5487.2,0.0077849537441090355,0.0029610674465363473,0.004823886297572688
2025-04-29,long_IM1000_short_IC500,1,5773.6,5487.2,5801.4,5497.0,0.004815020091450517,0.0017859746318704683,0.0030290454595800487
2025-04-30,long_IM1000_short_IC500,1,5801.4,5497.0,5953.2,5622.0,0.026166097838452806,0.022739676187011115,0.003426421651441691
2025-05-06,short_IM1000_long_IC500,-1,5953.2,5622.0,5955.2,5620.2,0.0003359537727609663,-0.0003201707577374924,-0.0006561245304984586
2025-05-07,short_IM1000_long_IC500,-1,5955.2,5620.2,6018.8,5660.0,0.010679742074153786,0.007081598519625754,-0.0035981435545280327
2025-05-08,short_IM1000_long_IC500,-1,6018.8,5660.0,5945.2,5604.8,-0.012228351166345464,-0.009752650176678368,0.0024757009896670956
2025-05-09,long_IM1000_short_IC500,1,5945.2,5604.8,6037.0,5688.0,0.015441028056247141,0.014844419069369064,0.0005966089868780777
2025-05-12,short_IM1000_long_IC500,-1,6037.0,5688.0,5996.6,5654.6,-0.006692065595494401,-0.005872011251758069,0.0008200543437363317
2025-05-13,long_IM1000_short_IC500,1,5996.6,5654.6,6043.0,5697.8,0.007737718040222719,0.007639797686838978,9.792035338374028e-05
2025-05-14,short_IM1000_long_IC500,-1,6043.0,5697.8,5949.0,5623.0,-0.015555187820618932,-0.013127873916248367,0.002427313904370565
2025-05-15,long_IM1000_short_IC500,1,5949.0,5623.0,5933.8,5601.8,-0.0025550512691208116,-0.0037702294149030147,0.001215178145782203
2025-05-16,short_IM1000_long_IC500,-1,5933.8,5601.8,5975.4,5623.0,0.007010684552900326,0.0037844978399799167,-0.003226186712920409
2025-05-19,long_IM1000_short_IC500,1,5975.4,5623.0,6019.4,5650.8,0.007363523780834713,0.004943980081806965,0.0024195436990277486
2025-05-20,long_IM1000_short_IC500,1,6019.4,5650.8,6000.6,5655.6,-0.003123234873907532,0.0008494372478233814,-0.0039726721217309136
2025-05-21,long_IM1000_short_IC500,1,6000.6,5655.6,5950.0,5614.8,-0.008432490084325006,-0.007214088690855158,-0.0012184013934698479
2025-05-22,short_IM1000_long_IC500,-1,5950.0,5614.8,5872.0,5561.8,-0.013109243697479012,-0.009439338890076199,0.003669904807402813
2025-05-23,long_IM1000_short_IC500,1,5872.0,5561.8,5925.0,5594.6,0.009025885558583191,0.005897371354597558,0.003128514203985633
2025-05-26,short_IM1000_long_IC500,-1,5925.0,5594.6,5915.0,5578.0,-0.0016877637130802148,-0.0029671468916455668,-0.001279383178565352
2025-05-27,long_IM1000_short_IC500,1,5915.0,5578.0,5899.0,5568.0,-0.0027049873203719432,-0.0017927572606668551,-0.0009122300597050881
2025-05-28,short_IM1000_long_IC500,-1,5899.0,5568.0,6031.0,5668.6,0.022376674012544395,0.01806752873563222,-0.004309145276912174
2025-05-29,short_IM1000_long_IC500,-1,6031.0,5668.6,5966.0,5627.8,-0.01077764881445864,-0.007197544367215869,0.003580104447242771
2025-05-30,short_IM1000_long_IC500,-1,5966.0,5627.8,5998.0,5638.4,0.00536372779081451,0.0018835068765767904,-0.0034802209142377194
2025-06-03,long_IM1000_short_IC500,1,5998.0,5638.4,6054.0,5688.8,0.009336445481827216,0.008938706015891196,0.00039773946593602005
2025-06-04,short_IM1000_long_IC500,-1,6054.0,5688.8,6101.6,5723.6,0.007862570201519814,0.006117283082548219,-0.0017452871189715946
2025-06-05,short_IM1000_long_IC500,-1,6101.6,5723.6,6100.2,5725.4,-0.00022944801363589118,0.00031448738556139055,0.0005439353991972817
2025-06-06,short_IM1000_long_IC500,-1,6100.2,5725.4,6167.8,5766.4,0.011081603881839985,0.007161071715513279,-0.003920532166326707
2025-06-09,short_IM1000_long_IC500,-1,6167.8,5766.4,6113.8,5718.2,-0.008755147702584343,-0.008358768035516051,0.00039637966706829175
2025-06-10,long_IM1000_short_IC500,1,6113.8,5718.2,6144.0,5761.2,0.004939644738133353,0.007519848903501103,-0.00258020416536775
2025-06-11,long_IM1000_short_IC500,1,6144.0,5761.2,6156.8,5780.0,0.002083333333333437,0.0032632090536695024,-0.0011798757203360655
2025-06-12,short_IM1000_long_IC500,-1,6156.8,5780.0,6084.2,5729.0,-0.011791839916839963,-0.008823529411764675,0.002968310505075289
2025-06-13,short_IM1000_long_IC500,-1,6084.2,5729.0,6127.4,5756.2,0.007100358305118126,0.004747774480712064,-0.0023525838244060626
2025-06-16,short_IM1000_long_IC500,-1,6127.4,5756.2,6130.0,5748.4,0.00042432353037180626,-0.0013550606302769053,-0.0017793841606487115
2025-06-17,long_IM1000_short_IC500,1,6130.0,5748.4,6124.2,5738.0,-0.000946166394779846,-0.0018091990814834702,0.0008630326867036242
2025-06-18,short_IM1000_long_IC500,-1,6124.2,5738.0,6050.4,5677.8,-0.012050553541687159,-0.01049146043917737,0.0015590931025097898
2025-06-19,short_IM1000_long_IC500,-1,6050.4,5677.8,5787.8,5588.4,-0.04340208911807475,-0.015745535242523645,0.027656553875551104
2025-06-20,long_IM1000_short_IC500,1,5787.8,5588.4,5851.2,5625.8,0.01095407581464447,0.006692434328251506,0.004261641486392964
2025-06-23,long_IM1000_short_IC500,1,5851.2,5625.8,5995.0,5726.4,0.024576155318567272,0.017881901240712317,0.006694254077854955
2025-06-24,long_IM1000_short_IC500,1,5995.0,5726.4,6119.6,5834.2,0.02078398665554637,0.018825090807488065,0.0019588958480583063
2025-06-25,short_IM1000_long_IC500,-1,6119.6,5834.2,6097.8,5809.2,-0.003562324334923872,-0.004285077645606927,-0.0007227533106830553
2025-06-26,short_IM1000_long_IC500,-1,6097.8,5809.2,6110.8,5827.0,0.0021319164288760017,0.0030641052124216195,0.0009321887835456177
2025-06-27,short_IM1000_long_IC500,-1,6110.8,5827.0,6148.6,5863.0,0.006185769457354162,0.006178136262227518,-7.633195126643955e-06
2025-06-30,short_IM1000_long_IC500,-1,6148.6,5863.0,6133.4,5868.0,-0.0024721074716196334,0.0008528057308545556,0.003324913202474189
2025-07-01,long_IM1000_short_IC500,1,6133.4,5868.0,6117.0,5856.6,-0.0026738839795219516,-0.0019427402862984833,-0.0007311436932234683
2025-07-02,long_IM1000_short_IC500,1,6117.0,5856.6,6135.8,5874.0,0.003073401994441838,0.0029710070689477064,0.00010239492549413143
2025-07-03,short_IM1000_long_IC500,-1,6135.8,5874.0,6112.2,5874.2,-0.0038462792137945456,3.4048348655169036e-05,0.0038803275624497147
2025-07-04,long_IM1000_short_IC500,1,6112.2,5874.2,6111.6,5859.2,-9.81643270834276e-05,-0.0025535392053386285,0.002455374878255201
2025-07-07,long_IM1000_short_IC500,1,6111.6,5859.2,6235.8,5958.0,0.020322010602788154,0.01686237028945925,0.0034596403133289044
2025-07-08,short_IM1000_long_IC500,-1,6235.8,5958.0,6214.0,5930.0,-0.003495942782000716,-0.0046995636119503414,-0.0012036208299496254
2025-07-09,short_IM1000_long_IC500,-1,6214.0,5930.0,6231.6,5958.8,0.0028323141293853382,0.004856661045531174,0.002024346916145836
2025-07-10,long_IM1000_short_IC500,1,6231.6,5958.8,6319.8,6023.0,0.014153668399768948,0.010773981338524585,0.003379687061244363
2025-07-11,long_IM1000_short_IC500,1,6319.8,6023.0,6302.2,6008.4,-0.0027848982562740376,-0.002424041175493996,-0.00036085708078004153
2025-07-14,short_IM1000_long_IC500,-1,6302.2,6008.4,6277.4,6008.2,-0.00393513376281307,-3.3286731908610534e-05,0.0039018470309044595
2025-07-15,short_IM1000_long_IC500,-1,6277.4,6008.2,6298.0,6006.6,0.003281613406824535,-0.00026630271961647356,-0.0035479161264410086
2025-07-16,long_IM1000_short_IC500,1,6298.0,6006.6,6390.4,5978.0,0.014671324229914129,-0.004761429094662595,0.019432753324576724
2025-07-17,short_IM1000_long_IC500,-1,6390.4,5978.0,6413.6,6000.8,0.003630445668502791,0.0038139846102376307,0.00018353894173483987
2025-07-18,long_IM1000_short_IC500,1,6413.6,6000.8,6463.2,6055.6,0.007733566171884698,0.009132115717904288,-0.0013985495460195896
2025-07-21,long_IM1000_short_IC500,1,6463.2,6055.6,6515.4,6129.4,0.008076494615670171,0.01218706651694279,-0.004110571901272619
2025-07-22,long_IM1000_short_IC500,1,6515.4,6129.4,6500.0,6120.0,-0.0023636307824538294,-0.001533592194994604,-0.0008300385874592253
2025-07-23,short_IM1000_long_IC500,-1,6500.0,6120.0,6618.6,6226.0,0.0182461538461538,0.017320261437908435,-0.0009258924082453657
2025-07-24,long_IM1000_short_IC500,1,6618.6,6226.0,6605.8,6216.0,-0.0019339437343245391,-0.0016061676839062011,-0.000327776050418338
2025-07-25,long_IM1000_short_IC500,1,6605.8,6216.0,6602.0,6222.0,-0.0005752520512277703,0.0009652509652509078,-0.0015405030164786782
2025-07-28,short_IM1000_long_IC500,-1,6602.0,6222.0,6662.0,6263.0,0.009088155104513884,0.006589521054323422,-0.0024986340501904625
2025-07-29,short_IM1000_long_IC500,-1,6662.0,6263.0,6604.2,6215.4,-0.00867607325127595,-0.007600191601468964,0.0010758816498069868
2025-07-30,short_IM1000_long_IC500,-1,6604.2,6215.4,6538.0,6124.0,-0.010023924169467846,-0.014705409145026827,-0.0046814849755589805
2025-07-31,short_IM1000_long_IC500,-1,6538.0,6124.0,6542.8,6104.0,0.0007341694707863056,-0.003265839320705455,-0.00400000879149176
2025-08-01,long_IM1000_short_IC500,1,6542.8,6104.0,6642.6,6169.0,0.015253408326710405,0.010648754914809988,0.004604653411900417
2025-08-04,long_IM1000_short_IC500,1,6642.6,6169.0,6682.0,6198.6,0.005931412398759495,0.004798184470740763,0.0011332279280187318
2025-08-05,short_IM1000_long_IC500,-1,6682.0,6198.6,6762.6,6263.2,0.012062256809338479,0.010421708127641649,-0.0016405486816968295
2025-08-06,long_IM1000_short_IC500,1,6762.6,6263.2,6750.0,6226.4,-0.0018631887143998327,-0.005875590752331128,0.004012402037931295
2025-08-07,long_IM1000_short_IC500,1,6750.0,6226.4,6735.0,6227.0,-0.0022222222222222365,9.636386997313728e-05,-0.002318586092195374
2025-08-08,short_IM1000_long_IC500,-1,6735.0,6227.0,6851.2,6298.8,0.01725315515961401,0.011530431989722256,-0.0057227231698917524
2025-08-11,short_IM1000_long_IC500,-1,6851.2,6298.8,6883.6,6342.6,0.004729098552078481,0.006953705467708238,0.0022246069156297565
2025-08-12,short_IM1000_long_IC500,-1,6883.6,6342.6,7001.8,6451.8,0.017171247602998374,0.01721691419922422,4.5666596225846234e-05
2025-08-13,short_IM1000_long_IC500,-1,7001.8,6451.8,6929.2,6380.2,-0.010368762318261115,-0.011097678167333203,-0.0007289158490720871
2025-08-14,long_IM1000_short_IC500,1,6929.2,6380.2,7086.2,6531.0,0.02265773826704387,0.023635622707752102,-0.000977884440708232
2025-08-15,long_IM1000_short_IC500,1,7086.2,6531.0,7184.4,6608.0,0.013857921029606812,0.011789924973204746,0.002067996056402066
2025-08-18,short_IM1000_long_IC500,-1,7184.4,6608.0,7177.4,6600.0,-0.0009743332776571689,-0.001210653753026647,-0.0002363204753694781
2025-08-19,short_IM1000_long_IC500,-1,7177.4,6600.0,7276.0,6695.2,0.013737565135007124,0.01442424242424245,0.0006866772892353268
2025-08-20,long_IM1000_short_IC500,1,7276.0,6695.2,7202.2,6656.4,-0.010142935678944531,-0.005795196558728621,-0.00434773912021591
2025-08-21,long_IM1000_short_IC500,1,7202.2,6656.4,7348.6,6810.4,0.020327122268195996,0.023135628868457436,-0.00280850660026144
2025-08-22,short_IM1000_long_IC500,-1,7348.6,6810.4,7412.2,6909.6,0.008654709740630873,0.014565957946669927,0.005911248206039055
2025-08-25,short_IM1000_long_IC500,-1,7412.2,6909.6,7415.4,6916.4,0.0004317206767221471,0.000984138010883262,0.0005524173341611149
2025-08-26,long_IM1000_short_IC500,1,7415.4,6916.4,7287.2,6837.8,-0.017288345874801103,-0.011364293563125294,-0.005924052311675809
2025-08-27,short_IM1000_long_IC500,-1,7287.2,6837.8,7363.2,6967.0,0.010429245800856357,0.018894966217204434,0.008465720416348077
2025-08-28,short_IM1000_long_IC500,-1,7363.2,6967.0,7366.6,6996.8,0.00046175575836593374,0.004277307305870615,0.003815551547504681
2025-08-29,short_IM1000_long_IC500,-1,7366.6,6996.8,7380.6,7014.8,0.0019004696875084548,0.0025726046192544594,0.0006721349317460046
2025-09-01,short_IM1000_long_IC500,-1,7380.6,7014.8,7251.4,6896.2,-0.017505351868411845,-0.01690711068027606,0.0005982411881357841
2025-09-02,long_IM1000_short_IC500,1,7251.4,6896.2,7142.6,6788.8,-0.01500399922773521,-0.015573794263507357,0.0005697950357721471
2025-09-03,short_IM1000_long_IC500,-1,7142.6,6788.8,7003.0,6647.0,-0.019544703609330027,-0.020887343860476082,-0.0013426402511460545
2025-09-04,long_IM1000_short_IC500,1,7003.0,6647.0,7226.0,6898.6,0.031843495644723774,0.0378516624040921,-0.0060081667593683274
2025-09-05,short_IM1000_long_IC500,-1,7226.0,6898.6,7236.0,6920.8,0.001383891502906076,0.0032180442408604737,0.0018341527379543976
2025-09-08,long_IM1000_short_IC500,1,7236.0,6920.8,7165.8,6872.8,-0.00970149253731345,-0.006935614379840471,-0.0027658781574729785
2025-09-09,long_IM1000_short_IC500,1,7165.8,6872.8,7151.0,6863.4,-0.0020653660442658817,-0.001367710394599042,-0.0006976556496668396
2025-09-10,short_IM1000_long_IC500,-1,7151.0,6863.4,7387.8,7124.6,0.03311424975527899,0.038056939709182114,0.004942689953903123
2025-09-11,short_IM1000_long_IC500,-1,7387.8,7124.6,7392.8,7140.0,0.0006767914670131603,0.002161524857535735,0.0014847333905225746
2025-09-12,long_IM1000_short_IC500,1,7392.8,7140.0,7368.6,7114.2,-0.0032734552537604378,-0.0036134453781513365,0.0003399901243908987
2025-09-15,long_IM1000_short_IC500,1,7368.6,7114.2,7462.0,7165.2,0.012675406454414562,0.007168761069410445,0.005506645385004116
2025-09-16,long_IM1000_short_IC500,1,7462.0,7165.2,7547.0,7252.4,0.011391047976413882,0.012169932451292276,-0.0007788844748783941
2025-09-17,long_IM1000_short_IC500,1,7547.0,7252.4,7454.8,7171.6,-0.012216774877434666,-0.011141139484860063,-0.0010756353925746032
2025-09-18,short_IM1000_long_IC500,-1,7454.8,7171.6,7190.8,6984.0,-0.03541342490744215,-0.02615873724134088,0.009254687666101269
2025-09-19,short_IM1000_long_IC500,-1,7190.8,6984.0,7230.2,7013.2,0.005479223452188764,0.0041809851088201455,-0.0012982383433686184
2025-09-22,short_IM1000_long_IC500,-1,7230.2,7013.2,7127.0,6940.6,-0.014273464081214882,-0.010351907830947304,0.003921556250267577
2025-09-23,short_IM1000_long_IC500,-1,7127.0,6940.6,7303.2,7157.0,0.024722884804265544,0.031178860617237625,0.006455975812972081
2025-09-24,long_IM1000_short_IC500,1,7303.2,7157.0,7281.8,7166.6,-0.0029302223682768913,0.001341344138605649,-0.00427156650688254
2025-09-25,short_IM1000_long_IC500,-1,7281.8,7166.6,7189.2,7080.0,-0.012716635996594339,-0.012083833337984573,0.0006328026586097657
2025-09-26,long_IM1000_short_IC500,1,7189.2,7080.0,7337.4,7232.2,0.020614254715406455,0.02149717514124294,-0.0008829204258364864
2025-09-29,short_IM1000_long_IC500,-1,7337.4,7232.2,7406.2,7290.4,0.009376618420694038,0.008047343823456288,-0.0013292745972377507
2025-09-30,long_IM1000_short_IC500,1,7406.2,7290.4,7449.6,7415.8,0.005859955172693221,0.017200702293427073,-0.011340747120733852
2025-10-09,long_IM1000_short_IC500,1,7449.6,7415.8,7340.4,7266.0,-0.01465850515463929,-0.020200113271663267,0.005541608117023977
2025-10-10,long_IM1000_short_IC500,1,7340.4,7266.0,7305.8,7231.0,-0.004713639583673879,-0.004816955684007751,0.00010331610033387228
2025-10-13,long_IM1000_short_IC500,1,7305.8,7231.0,7145.8,7010.0,-0.021900407895097063,-0.030562854376987914,0.008662446481890851
2025-10-14,long_IM1000_short_IC500,1,7145.8,7010.0,7275.2,7140.2,0.018108539281815883,0.018573466476462075,-0.0004649271946461919
2025-10-15,short_IM1000_long_IC500,-1,7275.2,7140.2,7205.0,7062.0,-0.009649219265449704,-0.01095207417159183,-0.0013028549061421257
2025-10-16,short_IM1000_long_IC500,-1,7205.0,7062.0,7020.8,6863.2,-0.025565579458709187,-0.028150665533843156,-0.002585086075133969
2025-10-17,long_IM1000_short_IC500,1,7020.8,6863.2,7059.2,6909.2,0.005469462169553241,0.006702412868632601,-0.0012329506990793604
2025-10-20,short_IM1000_long_IC500,-1,7059.2,6909.2,7182.8,7052.8,0.017509066183136968,0.02078388235975237,0.0032748161766154027
2025-10-21,short_IM1000_long_IC500,-1,7182.8,7052.8,7163.2,7011.6,-0.0027287408809935076,-0.005841651542649706,-0.0031129106616561986
2025-10-22,long_IM1000_short_IC500,1,7163.2,7011.6,7179.0,7040.0,0.0022057181148089633,0.004050430714815478,-0.001844712600006515
2025-10-23,long_IM1000_short_IC500,1,7179.0,7040.0,7298.0,7159.8,0.01657612480846904,0.01701704545454552,-0.0004409206460764814
2025-10-24,short_IM1000_long_IC500,-1,7298.0,7159.8,7322.6,7254.4,0.003370786516853963,0.01321265957149631,0.009841873054642347
2025-10-27,short_IM1000_long_IC500,-1,7322.6,7254.4,7335.6,7231.0,0.0017753257039849757,-0.003225628584031748,-0.0050009542880167235
2025-10-28,short_IM1000_long_IC500,-1,7335.6,7231.0,7446.4,7390.0,0.015104422269480278,0.02198865993638499,0.006884237666904713
2025-10-29,short_IM1000_long_IC500,-1,7446.4,7390.0,7364.4,7299.0,-0.011012032660077331,-0.012313937753721249,-0.001301905093643918
2025-10-30,long_IM1000_short_IC500,1,7364.4,7299.0,7368.2,7242.4,0.0005159958720331037,-0.00775448691601599,0.008270482788049094
2025-10-31,long_IM1000_short_IC500,1,7368.2,7242.4,7398.0,7239.6,0.004044407046497112,-0.00038661217276025894,0.0044310192192573705
2025-11-03,short_IM1000_long_IC500,-1,7398.0,7239.6,7284.4,7094.6,-0.015355501486888357,-0.020028730869108835,-0.0046732293822204785
2025-11-04,short_IM1000_long_IC500,-1,7284.4,7094.6,7310.8,7108.0,0.0036241831859866735,0.0018887604657062962,-0.0017354227202803774
2025-11-05,long_IM1000_short_IC500,1,7310.8,7108.0,7405.0,7246.4,0.012885046780106046,0.01947101857062461,-0.006585971790518563
2025-11-06,short_IM1000_long_IC500,-1,7405.0,7246.4,7412.0,7230.2,0.0009453072248479799,-0.002235592846102863,-0.003180900070950843
2025-11-07,long_IM1000_short_IC500,1,7412.0,7230.2,7421.0,7235.8,0.0012142471667566657,0.0007745290586707032,0.00043971810808596246
2025-11-10,long_IM1000_short_IC500,1,7421.0,7235.8,7390.4,7173.0,-0.004123433499528373,-0.008679067967605536,0.004555634468077163
2025-11-11,long_IM1000_short_IC500,1,7390.4,7173.0,7369.8,7155.2,-0.002787399870101681,-0.0024815279520423728,-0.00030587191805930836
2025-11-12,short_IM1000_long_IC500,-1,7369.8,7155.2,7478.4,7269.0,0.014735813726288294,0.015904516994633244,0.0011687032683449505
2025-11-13,long_IM1000_short_IC500,1,7478.4,7269.0,7372.0,7137.4,-0.014227642276422703,-0.018104278442701904,0.0038766361662792015
2025-11-14,long_IM1000_short_IC500,1,7372.0,7137.4,7394.4,7143.4,0.0030385241454149448,0.0008406422506794797,0.002197881894735465
2025-11-17,short_IM1000_long_IC500,-1,7394.4,7143.4,7351.8,7079.8,-0.005761116520610066,-0.008903323347425496,-0.00314220682681543
2025-11-18,short_IM1000_long_IC500,-1,7351.8,7079.8,7298.2,7054.8,-0.0072907315215321455,-0.0035311731969829285,0.003759558324549217
2025-11-19,short_IM1000_long_IC500,-1,7298.2,7054.8,7263.6,7000.0,-0.0047408950152091345,-0.007767760957078873,-0.0030268659418697386
2025-11-20,short_IM1000_long_IC500,-1,7263.6,7000.0,7018.2,6770.0,-0.03378490004956225,-0.03285714285714281,0.0009277571924194428
2025-11-21,long_IM1000_short_IC500,1,7018.2,6770.0,7095.2,6827.6,0.010971474167165374,0.008508124076809453,0.0024633500903559202
2025-11-24,long_IM1000_short_IC500,1,7095.2,6827.6,7172.0,6900.0,0.010824219190438633,0.010604018981779761,0.0002202002086588717
2025-11-25,short_IM1000_long_IC500,-1,7172.0,6900.0,7176.2,6909.4,0.0005856107083099804,0.0013623188405795794,0.000776708132269599
2025-11-26,short_IM1000_long_IC500,-1,7176.2,6909.4,7179.0,6896.2,0.0003901786460800416,-0.0019104408486988467,-0.0023006194947788883
2025-11-27,short_IM1000_long_IC500,-1,7179.0,6896.2,7260.8,6974.2,0.011394344616241892,0.011310576839418829,-8.376777682306269e-05
2025-11-28,long_IM1000_short_IC500,1,7260.8,6974.2,7290.0,7031.6,0.004021595416483059,0.008230334662040262,-0.004208739245557203
2025-12-01,short_IM1000_long_IC500,-1,7290.0,7031.6,7239.6,6982.2,-0.006913580246913575,-0.0070254280675806635,-0.0001118478206670881
2025-12-02,short_IM1000_long_IC500,-1,7239.6,6982.2,7195.4,6950.4,-0.0061053096856180655,-0.0045544384291483775,0.001550871256469688
2025-12-03,long_IM1000_short_IC500,1,7195.4,6950.4,7213.4,6983.2,0.0025015982433220785,0.0047191528545120764,-0.002217554611189998
2025-12-04,short_IM1000_long_IC500,-1,7213.4,6983.2,7319.8,7083.2,0.014750325782571405,0.014320082483675112,-0.0004302432988962934
2025-12-05,long_IM1000_short_IC500,1,7319.8,7083.2,7380.4,7144.0,0.008278914724445974,0.008583690987124415,-0.00030477626267844116
2025-12-08,short_IM1000_long_IC500,-1,7380.4,7144.0,7347.8,7094.4,-0.004417104763969393,-0.006942889137737995,-0.0025257843737686025
2025-12-09,short_IM1000_long_IC500,-1,7347.8,7094.4,7371.4,7122.2,0.003211845722529194,0.0039185836716284506,0.0007067379490992565
2025-12-10,short_IM1000_long_IC500,-1,7371.4,7122.2,7304.6,7074.4,-0.009062050628103058,-0.006711409395973145,0.002350641232129913
2025-12-11,long_IM1000_short_IC500,1,7304.6,7074.4,7361.8,7174.0,0.007830682035977254,0.014078932488974294,-0.0062482504529970395
2025-12-12,short_IM1000_long_IC500,-1,7361.8,7174.0,7308.0,7115.8,-0.00730799532722981,-0.008112628937831046,-0.0008046336106012353
2025-12-15,long_IM1000_short_IC500,1,7308.0,7115.8,7189.0,7010.2,-0.016283524904214586,-0.01484021473341024,-0.001443310170804346
2025-12-16,long_IM1000_short_IC500,1,7189.0,7010.2,7295.0,7146.8,0.01474474892196409,0.01948589198596329,-0.004741143063999198
2025-12-17,short_IM1000_long_IC500,-1,7295.0,7146.8,7275.4,7101.0,-0.0026867717614804665,-0.006408462528684211,-0.0037216907672037447
2025-12-18,long_IM1000_short_IC500,1,7275.4,7101.0,7141.8,7055.4,-0.018363251505071787,-0.006421630756231589,-0.011941620748840198
2025-12-19,long_IM1000_short_IC500,1,7141.8,7055.4,7203.6,7123.2,0.008653280685541498,0.009609660685432564,-0.000956379999891066
2025-12-22,short_IM1000_long_IC500,-1,7203.6,7123.2,7197.4,7133.2,-0.0008606807707258746,0.0014038634321653642,0.002264544202891239
2025-12-23,long_IM1000_short_IC500,1,7197.4,7133.2,7327.6,7240.4,0.018089865784866932,0.015028318286323117,0.003061547498543815
2025-12-24,short_IM1000_long_IC500,-1,7327.6,7240.4,7419.0,7320.6,0.012473388285386688,0.01107673609192883,-0.001396652193457859
2025-12-25,long_IM1000_short_IC500,1,7419.0,7320.6,7472.4,7388.0,0.007197735543873707,0.00920689560964938,-0.0020091600657756725
2025-12-26,long_IM1000_short_IC500,1,7472.4,7388.0,7439.0,7336.6,-0.004469782131577449,-0.006957227937195443,0.0024874458056179938
2025-12-29,short_IM1000_long_IC500,-1,7439.0,7336.6,7459.2,7381.0,0.0027154187390778795,0.0060518496306189995,0.00333643089154112
2025-12-30,short_IM1000_long_IC500,-1,7459.2,7381.0,7436.2,7362.8,-0.0030834405834405665,-0.002465790543286772,0.0006176500401537943
