number,time,thscode,open,high,low,close,volume,amount,turnoverRatio
495,2024-01-02,000905.SH,5431.4784,5439.4778,5409.4554,5409.4554,92964747.0,106839922689.0,0.8223
494,2024-01-03,000905.SH,5398.2939,5428.5204,5373.8317,5401.395,86705229.0,99883598918.0,0.7669
493,2024-01-04,000905.SH,5395.1428,5395.1428,5331.892,5355.3216,78846568.0,91011406056.0,0.6974
492,2024-01-05,000905.SH,5347.0727,5373.6788,5260.5939,5281.8711,89538884.0,101084569597.0,0.792
491,2024-01-08,000905.SH,5268.2339,5268.9787,5167.6997,5167.6997,83785155.0,92792791380.0,0.7411
490,2024-01-09,000905.SH,5176.1129,5220.4578,5152.9987,5180.653,78740418.0,90959823752.0,0.6965
489,2024-01-10,000905.SH,5167.7319,5211.8158,5118.4332,5158.0784,71173946.0,84227807644.0,0.6295
488,2024-01-11,000905.SH,5152.359,5243.1387,5146.8978,5223.8633,85041295.0,106151947192.0,0.7522
487,2024-01-12,000905.SH,5213.1356,5262.6165,5206.1607,5206.178,76619831.0,93271394880.0,0.6777
486,2024-01-15,000905.SH,5189.5279,5238.9581,5171.2399,5193.2956,73925097.0,88027788850.0,0.6538
485,2024-01-16,000905.SH,5188.3692,5210.0834,5124.0823,5190.3975,83070371.0,92337607305.0,0.7347
484,2024-01-17,000905.SH,5180.9251,5180.9251,5061.5395,5061.5395,78741849.0,87930639305.0,0.6964
483,2024-01-18,000905.SH,5033.1032,5069.2295,4924.6815,5066.9579,118751055.0,123436419725.0,1.0495
482,2024-01-19,000905.SH,5056.4765,5084.2902,5014.7667,5018.4332,78467383.0,92039421274.0,0.6935
481,2024-01-22,000905.SH,5008.6804,5008.7672,4753.6302,4780.9748,109708492.0,115622857135.0,0.969
480,2024-01-23,000905.SH,4771.4963,4889.4223,4727.8806,4865.743,99944718.0,107808853142.0,0.8828
479,2024-01-24,000905.SH,4886.2037,4941.4403,4766.8035,4933.7009,114025805.0,112683270495.0,1.0069
478,2024-01-25,000905.SH,4931.6273,5074.4943,4910.9591,5073.1779,132307766.0,134822852027.0,1.1683
477,2024-01-26,000905.SH,5055.2878,5086.129,5009.9729,5027.0932,117009836.0,119232918978.0,1.0329
476,2024-01-29,000905.SH,5032.1113,5050.1092,4927.9137,4927.9137,116876657.0,117835011091.0,1.0311
475,2024-01-30,000905.SH,4898.3613,4939.3511,4810.099,4814.9908,99675811.0,95474113526.0,0.8794
474,2024-01-31,000905.SH,4786.8128,4832.401,4690.9429,4696.9796,121093158.0,116592536773.0,1.0677
473,2024-02-01,000905.SH,4667.9126,4771.0465,4629.9901,4678.7308,111471910.0,107508825588.0,0.9828
472,2024-02-02,000905.SH,4686.0999,4724.0488,4435.5569,4563.2221,137501832.0,124953077789.0,1.2123
471,2024-02-05,000905.SH,4527.7091,4598.0608,4281.2399,4460.2635,165958337.0,143547017412.0,1.4632
470,2024-02-06,000905.SH,4411.298,4817.1179,4405.3085,4805.9013,173058335.0,156485198829.0,1.5258
469,2024-02-07,000905.SH,4813.9545,5110.8041,4813.2326,5109.5685,227198934.0,212618286128.0,2.0032
468,2024-02-08,000905.SH,5131.8032,5367.2243,5129.7843,5150.2288,213676123.0,212255665094.0,1.8839
467,2024-02-19,000905.SH,5225.1379,5225.1379,5074.7611,5141.6037,162949893.0,172805832900.0,1.4363
466,2024-02-20,000905.SH,5107.5677,5151.7201,5072.8837,5140.9575,121646379.0,133242205644.0,1.0723
465,2024-02-21,000905.SH,5101.4113,5252.8785,5074.8224,5139.0372,150872501.0,155561259422.0,1.3299
464,2024-02-22,000905.SH,5133.5478,5184.6228,5117.6799,5176.3431,116614806.0,127546517889.0,1.0278
463,2024-02-23,000905.SH,5190.6466,5197.7115,5118.568,5197.7115,135265004.0,145442447177.0,1.192
462,2024-02-26,000905.SH,5194.737,5255.3615,5162.9504,5195.4642,144018944.0,152600869382.0,1.2691
461,2024-02-27,000905.SH,5174.8194,5307.8043,5160.8782,5307.8043,138971751.0,157201596730.0,1.2247
460,2024-02-28,000905.SH,5311.4253,5383.3193,5184.0471,5184.0471,202560985.0,214135426954.0,1.785
459,2024-02-29,000905.SH,5154.1487,5349.7678,5154.1487,5346.7929,160790165.0,178975999913.0,1.4169
458,2024-03-01,000905.SH,5350.8566,5387.7839,5321.5587,5379.0482,142298395.0,171103270101.0,1.2526
457,2024-03-04,000905.SH,5386.9441,5400.1227,5325.9642,5388.82,143928469.0,175906403369.0,1.267
456,2024-03-05,000905.SH,5358.2206,5382.9834,5329.9702,5351.8268,140816479.0,174282675003.0,1.2396
455,2024-03-06,000905.SH,5332.8328,5405.4908,5293.9518,5350.1016,121099564.0,146843351595.0,1.066
454,2024-03-07,000905.SH,5354.3337,5384.6567,5277.2988,5277.2988,139831342.0,157442183149.0,1.2309
453,2024-03-08,000905.SH,5282.4077,5361.7104,5268.5296,5349.595,121467978.0,144003562006.0,1.0692
452,2024-03-11,000905.SH,5342.1778,5443.0421,5339.2607,5441.0507,142981732.0,173588864751.0,1.2584
451,2024-03-12,000905.SH,5445.8776,5473.2901,5385.1402,5423.7183,147072536.0,178848761378.0,1.2946
450,2024-03-13,000905.SH,5430.0437,5459.3222,5389.5251,5415.1126,129746301.0,164526330861.0,1.142
449,2024-03-14,000905.SH,5415.1499,5447.5416,5352.1195,5392.9267,131887357.0,157337167776.0,1.1609
448,2024-03-15,000905.SH,5380.019,5456.7336,5357.1797,5454.1463,136405030.0,158718756617.0,1.2002
447,2024-03-18,000905.SH,5472.3147,5528.447,5459.5453,5528.447,159862638.0,190794115131.0,1.4067
446,2024-03-19,000905.SH,5514.55,5533.639,5477.1172,5478.2248,146777240.0,176661748328.0,1.2915
445,2024-03-20,000905.SH,5469.606,5499.2382,5455.7613,5493.414,126273262.0,157036230422.0,1.1111
444,2024-03-21,000905.SH,5505.6985,5517.4566,5454.2313,5465.8286,129489458.0,159252387802.0,1.1382
443,2024-03-22,000905.SH,5454.4143,5463.5407,5356.108,5384.5656,137096029.0,163185963749.0,1.205
442,2024-03-25,000905.SH,5369.7761,5401.5975,5292.6372,5294.7463,130778254.0,156251665727.0,1.1458
441,2024-03-26,000905.SH,5291.5227,5318.8757,5237.8993,5284.4188,116468112.0,145296216680.0,1.0236
440,2024-03-27,000905.SH,5280.7332,5282.6954,5156.684,5156.684,110107142.0,129828707609.0,0.9675
439,2024-03-28,000905.SH,5156.4803,5276.6382,5156.4803,5223.806,116318192.0,140612607112.0,1.0221
438,2024-03-29,000905.SH,5220.5524,5287.0376,5211.1946,5286.1612,109047149.0,126574031377.0,0.9574
437,2024-04-01,000905.SH,5309.8325,5401.7799,5309.8325,5401.2249,136734854.0,166553105409.0,1.1995
436,2024-04-02,000905.SH,5395.4811,5402.1597,5353.3119,5381.2291,132148642.0,155779915086.0,1.1593
435,2024-04-03,000905.SH,5373.5021,5386.3422,5350.1601,5374.5954,133628053.0,154114398166.0,1.1723
434,2024-04-08,000905.SH,5358.9565,5383.6587,5297.559,5298.5912,148588559.0,161260958590.0,1.3034
433,2024-04-09,000905.SH,5294.4743,5342.8982,5284.9557,5342.8982,113300745.0,133262737278.0,0.9939
432,2024-04-10,000905.SH,5335.7302,5335.7302,5242.863,5275.4727,117908618.0,132251020974.0,1.034
431,2024-04-11,000905.SH,5244.0544,5353.8091,5240.5101,5301.8094,127745143.0,141290912857.0,1.1202
430,2024-04-12,000905.SH,5307.7225,5336.4477,5270.4618,5277.219,118524933.0,136145117631.0,1.0394
429,2024-04-15,000905.SH,5270.0415,5376.0484,5219.4286,5339.7223,159217624.0,169269295712.0,1.3963
428,2024-04-16,000905.SH,5309.1005,5346.7615,5184.6535,5191.554,162583973.0,168778499342.0,1.4259
427,2024-04-17,000905.SH,5211.2486,5339.7467,5211.2486,5339.7467,147594552.0,155660732930.0,1.2944
426,2024-04-18,000905.SH,5317.7986,5410.6963,5299.2288,5349.8361,153497682.0,167338860159.0,1.3461
425,2024-04-19,000905.SH,5322.3588,5369.9543,5292.0162,5314.8667,142134216.0,156010347136.0,1.2463
424,2024-04-22,000905.SH,5289.4066,5340.6307,5264.1859,5267.5811,135266882.0,150190436488.0,1.1846
423,2024-04-23,000905.SH,5257.766,5280.0593,5196.955,5208.2712,125801120.0,139018868110.0,1.1017
422,2024-04-24,000905.SH,5210.1831,5263.0391,5183.7005,5263.0391,117297220.0,139471094807.0,1.0273
421,2024-04-25,000905.SH,5240.4817,5297.1627,5229.8248,5259.3354,110833929.0,127544603285.0,0.9706
420,2024-04-26,000905.SH,5258.3847,5379.6707,5258.3847,5372.1209,173777701.0,193788859192.0,1.5219
419,2024-04-29,000905.SH,5371.2122,5488.2776,5371.2122,5478.4908,190936055.0,212148850247.0,1.6721
418,2024-04-30,000905.SH,5471.1676,5478.0353,5436.5752,5441.1411,162797344.0,175143689576.0,1.4258
417,2024-05-06,000905.SH,5498.4442,5535.9488,5496.9071,5528.6036,165791626.0,187906843862.0,1.4515
416,2024-05-07,000905.SH,5532.323,5543.1251,5507.5008,5527.0847,136535402.0,162155744860.0,1.1945
415,2024-05-08,000905.SH,5516.4477,5516.4477,5454.8735,5458.7559,123955621.0,139472996786.0,1.0844
414,2024-05-09,000905.SH,5461.36,5568.7324,5461.36,5556.7712,131121230.0,153999870752.0,1.1471
413,2024-05-10,000905.SH,5562.1931,5570.5652,5497.4972,5535.3954,128688030.0,144026969941.0,1.1256
412,2024-05-13,000905.SH,5503.1286,5527.2001,5462.5075,5505.2595,131627588.0,146159918962.0,1.1513
411,2024-05-14,000905.SH,5508.4663,5538.7434,5484.964,5500.7379,118994399.0,132592062466.0,1.0408
410,2024-05-15,000905.SH,5495.5571,5497.0842,5441.3548,5446.6557,110124989.0,121525793558.0,0.9632
409,2024-05-16,000905.SH,5461.1077,5475.3735,5408.1251,5424.6652,122108119.0,133148761562.0,1.068
408,2024-05-17,000905.SH,5418.6575,5493.2007,5409.7047,5491.8944,126916168.0,139244609265.0,1.1097
407,2024-05-20,000905.SH,5496.7904,5536.662,5484.358,5523.5013,144971448.0,163572079873.0,1.2671
406,2024-05-21,000905.SH,5511.4838,5513.4235,5460.975,5478.9131,108691192.0,123832374659.0,0.9494
405,2024-05-22,000905.SH,5472.0098,5486.3049,5455.0766,5468.6068,113057782.0,126572719199.0,0.9874
404,2024-05-23,000905.SH,5448.9403,5448.9403,5352.3934,5362.3053,126657569.0,135749197020.0,1.1061
403,2024-05-24,000905.SH,5348.51,5400.1594,5311.4888,5313.4546,106564175.0,117396142025.0,0.9306
402,2024-05-27,000905.SH,5325.8508,5373.1116,5284.5055,5371.3693,115643229.0,124785634505.0,1.0082
401,2024-05-28,000905.SH,5363.33,5365.473,5310.3183,5316.1286,110965373.0,120979080988.0,0.9674
400,2024-05-29,000905.SH,5308.593,5361.744,5305.9631,5328.3064,104361267.0,112762595772.0,0.9096
399,2024-05-30,000905.SH,5316.3983,5349.688,5296.4925,5308.66,107350187.0,114757614217.0,0.9355
398,2024-05-31,000905.SH,5310.7218,5357.021,5308.5403,5308.5403,104151147.0,113019704335.0,0.9076
397,2024-06-03,000905.SH,5300.7869,5316.3352,5232.688,5274.0687,126968515.0,129543758978.0,1.1064
396,2024-06-04,000905.SH,5263.2256,5352.2839,5247.5837,5341.9496,108083144.0,117835610769.0,0.9419
395,2024-06-05,000905.SH,5328.8678,5347.4297,5277.9405,5277.9405,105792757.0,111608396273.0,0.9218
394,2024-06-06,000905.SH,5291.5208,5305.878,5213.6618,5228.8002,133368231.0,135739981470.0,1.162
393,2024-06-07,000905.SH,5247.1462,5258.818,5172.0505,5208.9798,113527478.0,118553769519.0,0.9876
392,2024-06-11,000905.SH,5182.4129,5232.8495,5159.334,5217.4702,116437116.0,119660626659.0,1.0128
391,2024-06-12,000905.SH,5209.1344,5245.9909,5205.5716,5232.9534,103065569.0,111341271704.0,0.8965
390,2024-06-13,000905.SH,5231.9096,5233.7954,5182.7423,5194.59,118232764.0,123194241679.0,1.0284
389,2024-06-14,000905.SH,5180.2887,5235.8781,5163.384,5213.0927,133998620.0,146009261401.0,1.1655
388,2024-06-17,000905.SH,5189.284,5223.5894,5184.5987,5207.128,107970664.0,135704407617.0,0.9523
387,2024-06-18,000905.SH,5207.9777,5243.5867,5204.9707,5230.8913,94090903.0,120391272834.0,0.8282
386,2024-06-19,000905.SH,5235.4758,5236.3018,5168.8204,5168.8204,87849590.0,111740529823.0,0.7732
385,2024-06-20,000905.SH,5162.1609,5184.747,5092.2867,5094.5653,95609003.0,113062777427.0,0.8415
384,2024-06-21,000905.SH,5079.9226,5128.1378,5071.6547,5102.3292,83838907.0,98090349439.0,0.7379
383,2024-06-24,000905.SH,5072.8028,5078.955,4986.7679,4992.9097,100186646.0,113108464982.0,0.8818
382,2024-06-25,000905.SH,4989.0713,5007.3355,4918.0393,4948.6343,91636779.0,104683752506.0,0.8064
381,2024-06-26,000905.SH,4942.1652,5024.7679,4915.6644,5020.4318,93394621.0,102152255030.0,0.8219
380,2024-06-27,000905.SH,4998.9936,5000.1752,4925.1601,4928.0514,88537187.0,97364975399.0,0.7789
379,2024-06-28,000905.SH,4914.6693,5003.4091,4914.5467,4942.7817,106308342.0,114743251799.0,0.9352
378,2024-07-01,000905.SH,4943.7867,5017.6099,4929.0871,5003.1608,97312793.0,110821074066.0,0.8551
377,2024-07-02,000905.SH,5000.5757,5002.7424,4934.1169,4949.4771,96209334.0,105902911013.0,0.8453
376,2024-07-03,000905.SH,4945.3994,4950.5148,4905.3897,4910.9245,84528331.0,96121126342.0,0.7427
375,2024-07-04,000905.SH,4917.4414,4935.6055,4827.342,4834.4982,91008466.0,98771611007.0,0.7996
374,2024-07-05,000905.SH,4828.8628,4877.9326,4794.1292,4866.2647,83133279.0,93724633827.0,0.7303
373,2024-07-08,000905.SH,4857.0245,4857.2655,4768.5636,4783.6165,90254500.0,96789200227.0,0.7929
372,2024-07-09,000905.SH,4775.3131,4888.4822,4745.3165,4876.899,111401968.0,126704548339.0,0.9786
371,2024-07-10,000905.SH,4857.483,4891.3725,4836.17,4844.1624,100953186.0,117244916014.0,0.8868
370,2024-07-11,000905.SH,4902.8106,4941.7015,4871.172,4939.7318,115275494.0,133127527343.0,1.0126
369,2024-07-12,000905.SH,4926.9812,4937.3471,4905.7967,4919.3639,97175106.0,115594261300.0,0.8536
368,2024-07-15,000905.SH,4903.5161,4903.5161,4868.743,4883.8971,86824312.0,102734711417.0,0.7626
367,2024-07-16,000905.SH,4877.601,4907.8321,4850.4315,4898.3626,87267978.0,113648284398.0,0.7665
366,2024-07-17,000905.SH,4893.4137,4900.3599,4853.603,4856.5794,96909547.0,117932902594.0,0.8512
365,2024-07-18,000905.SH,4822.1303,4879.6927,4793.4294,4877.6916,96654750.0,115283847816.0,0.8489
364,2024-07-19,000905.SH,4853.0422,4900.3787,4842.9297,4872.0532,93290746.0,111989382468.0,0.8194
363,2024-07-22,000905.SH,4872.6362,4885.3641,4839.1121,4865.9778,92710458.0,110307683161.0,0.8142
362,2024-07-23,000905.SH,4862.9705,4862.9705,4722.7994,4722.7994,102403712.0,110578297603.0,0.8994
361,2024-07-24,000905.SH,4712.287,4738.762,4661.8271,4668.0621,112674635.0,103026731862.0,0.9895
360,2024-07-25,000905.SH,4644.4217,4710.4627,4635.244,4665.4488,88600074.0,95885153870.0,0.778
359,2024-07-26,000905.SH,4670.4463,4744.4537,4670.4463,4736.3771,86472049.0,94118612207.0,0.7593
358,2024-07-29,000905.SH,4740.499,4742.1481,4702.9803,4708.8443,81102039.0,90979232032.0,0.7121
357,2024-07-30,000905.SH,4694.5247,4712.0417,4650.5592,4699.282,83353382.0,86181033614.0,0.7318
356,2024-07-31,000905.SH,4694.7288,4887.9192,4687.0458,4886.4136,143180919.0,146601666178.0,1.2571
355,2024-08-01,000905.SH,4893.8709,4928.2412,4834.6536,4852.9725,113213393.0,119765528789.0,0.994
354,2024-08-02,000905.SH,4816.9369,4874.7114,4783.115,4788.6159,98529844.0,105654740577.0,0.8651
353,2024-08-05,000905.SH,4756.0755,4846.542,4693.8165,4693.8478,113338148.0,123487463651.0,0.9947
352,2024-08-06,000905.SH,4740.4539,4774.9279,4699.1769,4750.776,107774770.0,105286322238.0,0.9458
351,2024-08-07,000905.SH,4747.9803,4783.4202,4719.938,4751.9408,96989481.0,96834771203.0,0.8512
350,2024-08-08,000905.SH,4737.0927,4791.6592,4701.7856,4755.8149,104309253.0,95364149202.0,0.9154
349,2024-08-09,000905.SH,4778.2568,4805.0992,4720.3104,4720.3104,108819586.0,88057504682.0,0.9549
348,2024-08-12,000905.SH,4716.9605,4737.1908,4696.0525,4714.1586,89100832.0,76375856580.0,0.7813
347,2024-08-13,000905.SH,4713.9598,4731.8353,4680.5879,4731.8353,81365173.0,71101413452.0,0.7135
346,2024-08-14,000905.SH,4729.8146,4730.2369,4667.0731,4667.0731,74588030.0,68308163886.0,0.654
345,2024-08-15,000905.SH,4656.695,4746.4095,4647.7947,4698.375,90973293.0,83712897622.0,0.7977
344,2024-08-16,000905.SH,4703.6042,4708.0187,4662.1132,4670.3789,87379580.0,81927269813.0,0.7661
343,2024-08-19,000905.SH,4666.3308,4729.8742,4666.2577,4682.9628,87136867.0,80742361426.0,0.7638
342,2024-08-20,000905.SH,4684.2948,4686.3633,4590.3913,4602.0095,91846146.0,81351685185.0,0.805
341,2024-08-21,000905.SH,4589.0885,4610.8666,4582.2653,4587.1218,83526910.0,74809964819.0,0.7321
340,2024-08-22,000905.SH,4589.4956,4595.0496,4526.2499,4533.3695,85856868.0,78202476719.0,0.7525
339,2024-08-23,000905.SH,4523.9907,4549.3026,4513.2038,4537.0872,75778364.0,71369991696.0,0.6642
338,2024-08-26,000905.SH,4542.8564,4558.5917,4523.7274,4544.3594,87118296.0,84365247767.0,0.7633
337,2024-08-27,000905.SH,4532.4861,4532.4861,4487.0915,4495.2856,82529205.0,78742868645.0,0.7231
336,2024-08-28,000905.SH,4486.4311,4527.7686,4482.0324,4500.0088,82681199.0,74244549233.0,0.7244
335,2024-08-29,000905.SH,4483.5534,4577.7919,4475.2228,4557.9006,103115562.0,96829969885.0,0.9035
334,2024-08-30,000905.SH,4557.5014,4704.3407,4548.3827,4639.1144,151593361.0,144749168233.0,1.3282
333,2024-09-02,000905.SH,4631.9003,4632.3107,4546.8393,4546.8832,126368517.0,115893027848.0,1.1071
332,2024-09-03,000905.SH,4543.2198,4612.2826,4543.2198,4596.4819,98589686.0,92749159673.0,0.8638
331,2024-09-04,000905.SH,4567.6858,4623.3782,4552.3037,4582.084,92435685.0,88646018095.0,0.8098
330,2024-09-05,000905.SH,4585.1677,4630.6388,4582.0535,4601.0911,80583723.0,80148632781.0,0.7059
329,2024-09-06,000905.SH,4609.3419,4613.3097,4535.3486,4537.4544,90147596.0,80215749103.0,0.7897
328,2024-09-09,000905.SH,4517.5658,4541.7935,4487.8427,4507.1866,91944608.0,81907584835.0,0.8054
327,2024-09-10,000905.SH,4509.3236,4528.6691,4432.9128,4507.7074,98529542.0,87011759812.0,0.8631
326,2024-09-11,000905.SH,4490.1867,4529.3452,4479.0306,4514.9158,85206842.0,81707868060.0,0.7464
325,2024-09-12,000905.SH,4518.9882,4568.7462,4496.5919,4496.5919,86654304.0,80916511376.0,0.7591
324,2024-09-13,000905.SH,4500.3949,4509.072,4450.9587,4450.9587,92533757.0,85710614260.0,0.8106
323,2024-09-18,000905.SH,4450.089,4474.722,4397.161,4462.8701,90989683.0,79102523648.0,0.797
322,2024-09-19,000905.SH,4481.4635,4565.3899,4437.5363,4520.3939,115611868.0,105405904205.0,1.0127
321,2024-09-20,000905.SH,4514.9598,4515.8064,4471.9438,4498.3901,94312044.0,89084435755.0,0.8261
320,2024-09-23,000905.SH,4495.7805,4545.5411,4483.13,4494.6878,89935227.0,85104838086.0,0.7876
319,2024-09-24,000905.SH,4524.2214,4690.5736,4503.1245,4689.5964,177144703.0,159947071683.0,1.5513
318,2024-09-25,000905.SH,4743.6343,4847.2034,4724.4301,4731.4755,204593519.0,182209573751.0,1.7901
317,2024-09-26,000905.SH,4725.996,4938.1839,4719.3492,4938.1839,229930323.0,196122560309.0,2.0115
316,2024-09-27,000905.SH,5027.2644,5227.9577,5021.5148,5201.6656,230177508.0,232646658013.0,2.0138
315,2024-09-30,000905.SH,5449.7889,5757.9213,5387.338,5743.217,388703200.0,418784669569.0,3.4004
314,2024-10-08,000905.SH,6417.8142,6417.8142,5868.8525,6155.5817,493546420.0,579263323622.0,4.3171
313,2024-10-09,000905.SH,6013.7015,6088.0804,5704.4779,5735.641,431156416.0,529447530364.0,3.7713
312,2024-10-10,000905.SH,5768.6107,5875.9358,5597.4766,5690.8822,353480245.0,390814224053.0,3.0919
311,2024-10-11,000905.SH,5650.0488,5652.852,5408.8696,5470.8133,244383373.0,266749263112.0,2.1371
310,2024-10-14,000905.SH,5503.6461,5623.9685,5408.3917,5608.153,250608541.0,279231292489.0,2.1916
309,2024-10-15,000905.SH,5578.2611,5661.0749,5471.8807,5472.56,238997019.0,276816614631.0,2.0894
308,2024-10-16,000905.SH,5393.6657,5546.1764,5393.6657,5461.0877,205450926.0,222425749319.0,1.7963
307,2024-10-17,000905.SH,5499.7659,5541.0331,5417.881,5418.9883,202768685.0,234458932483.0,1.7726
306,2024-10-18,000905.SH,5416.0319,5774.1408,5404.2035,5640.0198,287114219.0,352062136787.0,2.51
305,2024-10-21,000905.SH,5680.5648,5797.8808,5631.2316,5704.225,266885186.0,359965731440.0,2.3332
304,2024-10-22,000905.SH,5703.3196,5779.2983,5673.7901,5753.8497,237023624.0,312584329120.0,2.0721
303,2024-10-23,000905.SH,5745.1069,5853.4555,5727.7736,5776.383,273412640.0,336167749458.0,2.3902
302,2024-10-24,000905.SH,5747.5577,5759.8651,5694.7789,5726.7041,207690046.0,257232250890.0,1.8157
301,2024-10-25,000905.SH,5735.2853,5855.2647,5729.4384,5809.6879,236725708.0,299590180533.0,2.0695
300,2024-10-28,000905.SH,5816.3296,5883.7203,5787.4843,5883.7203,270653787.0,312663682664.0,2.3662
299,2024-10-29,000905.SH,5903.3065,5917.2149,5807.29,5812.5286,275371143.0,332481504887.0,2.4064
298,2024-10-30,000905.SH,5793.8326,5869.1113,5777.43,5837.9338,252021275.0,315956554496.0,2.2022
297,2024-10-31,000905.SH,5839.9766,5935.1827,5812.0324,5901.2904,313549202.0,377454102585.0,2.7398
296,2024-11-01,000905.SH,5893.3192,5934.2031,5795.0805,5831.8217,369840641.0,429257467070.0,3.2317
295,2024-11-04,000905.SH,5835.3918,5928.9085,5835.3918,5928.9085,286552294.0,342776867780.0,2.504
294,2024-11-05,000905.SH,5925.8652,6119.2536,5910.8887,6111.9707,366344492.0,441462863294.0,3.2012
293,2024-11-06,000905.SH,6134.9236,6204.5331,6081.8065,6125.7868,415187737.0,502324104677.0,3.6281
292,2024-11-07,000905.SH,6061.7349,6240.7574,6049.587,6239.5598,418413323.0,465814955829.0,3.6563
291,2024-11-08,000905.SH,6306.7986,6333.6792,6206.2949,6222.445,385648347.0,470080201609.0,3.37
290,2024-11-11,000905.SH,6211.0328,6330.8046,6199.0563,6330.6152,334096921.0,453328339553.0,2.9195
289,2024-11-12,000905.SH,6349.2295,6382.9784,6205.0988,6263.883,332856919.0,452685440809.0,2.9081
288,2024-11-13,000905.SH,6234.1577,6282.2777,6162.8979,6259.8412,260400673.0,347812976327.0,2.2751
287,2024-11-14,000905.SH,6240.6093,6240.6093,6068.6584,6078.3051,239743138.0,317335892175.0,2.0946
286,2024-11-15,000905.SH,6055.5354,6093.4226,5924.35,5924.4834,236226042.0,309679795181.0,2.0627
285,2024-11-18,000905.SH,5940.4862,5977.4919,5799.9082,5833.0358,282527224.0,296423264134.0,2.467
284,2024-11-19,000905.SH,5836.6108,5936.9347,5776.2017,5936.6015,241404215.0,262477730600.0,2.1078
283,2024-11-20,000905.SH,5920.3229,6015.2339,5909.106,5992.3904,217345224.0,261005441610.0,1.8977
282,2024-11-21,000905.SH,5973.1547,6009.6285,5937.8052,5985.3128,206198941.0,252722313895.0,1.8001
281,2024-11-22,000905.SH,5969.0753,5983.3393,5750.2457,5750.2457,225066737.0,267675732292.0,1.9648
280,2024-11-25,000905.SH,5754.5473,5774.8166,5662.0946,5735.6493,186005060.0,215261571671.0,1.6217
279,2024-11-26,000905.SH,5727.3734,5773.3559,5688.5764,5690.4792,147562865.0,170186745319.0,1.2866
278,2024-11-27,000905.SH,5669.5549,5805.635,5603.9955,5804.9368,175313302.0,204528721581.0,1.5285
277,2024-11-28,000905.SH,5802.797,5826.4882,5749.2874,5757.5965,172183537.0,204358289211.0,1.5012
276,2024-11-29,000905.SH,5748.1665,5899.873,5736.4093,5851.9385,204255544.0,243571196944.0,1.7809
275,2024-12-02,000905.SH,5853.7053,5956.5981,5848.4235,5943.6245,236181308.0,257212815525.0,2.0592
274,2024-12-03,000905.SH,5946.7352,5954.6607,5877.8012,5932.1207,209870509.0,229346951927.0,1.8289
273,2024-12-04,000905.SH,5929.4763,5940.8545,5850.9094,5879.2695,215991634.0,234212942759.0,1.8822
272,2024-12-05,000905.SH,5855.7419,5923.6243,5853.527,5901.9859,198542236.0,212251881677.0,1.7302
271,2024-12-06,000905.SH,5903.4988,6011.7691,5877.0434,5979.197,265329536.0,255600553068.0,2.3122
270,2024-12-09,000905.SH,5983.3343,6004.2343,5911.3619,5947.1089,284462209.0,237294662392.0,2.4785
269,2024-12-10,000905.SH,6132.291,6141.0655,5982.5833,5992.0937,320527823.0,324711288431.0,2.7927
268,2024-12-11,000905.SH,5973.326,6051.4718,5972.2696,6047.105,253883941.0,250011474489.0,2.2121
267,2024-12-12,000905.SH,6048.7814,6107.7146,6023.2343,6100.3945,243653690.0,258380795571.0,2.1229
266,2024-12-13,000905.SH,6065.9542,6065.9542,5988.292,5988.292,286328198.0,307316221178.0,2.4947
265,2024-12-16,000905.SH,5983.1598,5991.5772,5888.0426,5912.6014,214647441.0,241790858877.0,1.927
264,2024-12-17,000905.SH,5896.9676,5924.6244,5837.2514,5848.1628,193108547.0,204630242338.0,1.7335
263,2024-12-18,000905.SH,5861.2624,5921.9798,5853.1628,5888.6162,187996290.0,193282038369.0,1.6877
262,2024-12-19,000905.SH,5829.2631,5918.4895,5816.4729,5901.9155,196531194.0,211287492264.0,1.7643
261,2024-12-20,000905.SH,5889.946,5962.4154,5889.946,5917.1751,178090399.0,221132517266.0,1.5987
260,2024-12-23,000905.SH,5917.6939,5935.1523,5815.3415,5818.551,177315486.0,217347047188.0,1.5904
259,2024-12-24,000905.SH,5827.1597,5897.1946,5827.1597,5895.2595,167365824.0,196112525346.0,1.5009
258,2024-12-25,000905.SH,5896.4295,5897.5101,5796.6475,5840.2889,157279132.0,191269446368.0,1.4104
257,2024-12-26,000905.SH,5830.7212,5897.4827,5830.7212,5887.0605,145319444.0,201723277582.0,1.3032
256,2024-12-27,000905.SH,5892.6943,5975.7919,5881.7173,5899.1665,179085498.0,236680633736.0,1.606
255,2024-12-30,000905.SH,5890.4633,5928.5718,5867.8538,5898.884,155565586.0,196182578970.0,1.3948
254,2024-12-31,000905.SH,5902.033,5905.463,5725.7324,5725.7324,182158855.0,217194009079.0,1.6329
253,2025-01-02,000905.SH,5717.9157,5722.1107,5498.8216,5545.8174,193763157.0,220078999057.0,1.7369
252,2025-01-03,000905.SH,5552.75,5581.3978,5419.7429,5427.8041,174077310.0,187233075271.0,1.5605
251,2025-01-06,000905.SH,5421.0653,5482.6253,5384.3326,5427.1007,146265658.0,156743673376.0,1.3107
250,2025-01-07,000905.SH,5429.1729,5485.5848,5405.1327,5484.6847,145065278.0,159836326878.0,1.2999
249,2025-01-08,000905.SH,5462.324,5501.6555,5326.9259,5461.5861,163849915.0,181141237076.0,1.4682
248,2025-01-09,000905.SH,5437.8128,5493.6799,5436.7036,5456.5863,129832627.0,156798867821.0,1.1634
247,2025-01-10,000905.SH,5449.0014,5496.3833,5369.2811,5369.2811,130179553.0,159984103633.0,1.1666
246,2025-01-13,000905.SH,5319.7013,5422.0115,5319.2741,5381.6974,119682937.0,139406540969.0,1.0725
245,2025-01-14,000905.SH,5393.763,5582.835,5378.5875,5572.2722,172142860.0,208083727936.0,1.5424
244,2025-01-15,000905.SH,5559.5785,5569.1895,5509.5757,5522.459,138393243.0,169060453013.0,1.24
243,2025-01-16,000905.SH,5546.6997,5633.8547,5508.9146,5545.6336,149318085.0,182995873632.0,1.3379
242,2025-01-17,000905.SH,5524.205,5621.9367,5519.4109,5587.2939,126691174.0,164437435727.0,1.1337
241,2025-01-20,000905.SH,5621.9247,5665.183,5598.1584,5614.3311,135712507.0,173426107632.0,1.2139
240,2025-01-21,000905.SH,5639.6037,5642.9168,5573.5002,5633.9249,126491300.0,170909135203.0,1.1314
239,2025-01-22,000905.SH,5606.8472,5618.581,5567.7793,5607.0594,115374996.0,158106585549.0,1.032
238,2025-01-23,000905.SH,5659.3685,5717.6887,5584.2548,5584.2548,163419987.0,203633761249.0,1.4617
237,2025-01-24,000905.SH,5570.48,5660.4337,5570.48,5649.9504,139438058.0,180858845316.0,1.2472
236,2025-01-27,000905.SH,5660.4848,5676.0261,5589.3432,5589.3432,136546056.0,163085841547.7,1.2212
235,2025-02-05,000905.SH,5643.1747,5646.0366,5588.5558,5614.3872,155674141.0,214999512245.0,1.3923
234,2025-02-06,000905.SH,5606.8707,5749.0232,5597.3246,5747.9012,181428193.0,257122087040.0,1.6226
233,2025-02-07,000905.SH,5750.2887,5889.4279,5741.7326,5833.9883,232718863.0,327949184791.0,2.0814
232,2025-02-10,000905.SH,5858.2425,5895.4055,5836.1713,5888.5509,209300905.0,286253277531.0,1.8719
231,2025-02-11,000905.SH,5890.3732,5890.3732,5827.3777,5858.2805,181920508.0,260281069641.0,1.627
230,2025-02-12,000905.SH,5841.3618,5940.5374,5841.3188,5940.5299,195446155.0,285438865879.0,1.7479
229,2025-02-13,000905.SH,5938.2034,5957.5798,5889.6952,5898.2611,228281839.0,313080162906.0,2.0416
228,2025-02-14,000905.SH,5893.9342,5954.477,5886.9501,5947.796,211914261.0,306627494264.0,1.8952
227,2025-02-17,000905.SH,5979.8446,5985.3644,5906.2661,5948.7197,233901689.0,356940293724.0,2.0914
226,2025-02-18,000905.SH,5935.4993,5947.9342,5816.0511,5840.7112,214941482.0,306905660929.0,1.9219
225,2025-02-19,000905.SH,5834.9547,5945.3461,5831.4815,5943.8823,205298305.0,313960331577.0,1.8357
224,2025-02-20,000905.SH,5941.599,5977.7301,5920.5681,5957.5465,198207411.0,305885399073.0,1.7723
223,2025-02-21,000905.SH,5969.6462,6061.824,5943.1948,6057.0648,252317128.0,396960769354.0,2.256
222,2025-02-24,000905.SH,6057.3801,6079.0169,6007.1786,6044.973,243813798.0,382362648271.0,2.1799
221,2025-02-25,000905.SH,5967.0367,6044.7559,5956.1761,5979.9653,206833953.0,340316449158.0,1.8493
220,2025-02-26,000905.SH,5990.2901,6055.8727,5973.8574,6051.7401,210860898.0,327265336672.0,1.8852
219,2025-02-27,000905.SH,6050.1864,6064.491,5940.3354,6028.9856,216652930.0,328254761443.0,1.937
218,2025-02-28,000905.SH,5997.9175,6007.4724,5847.1512,5859.8708,205223814.0,298290643729.0,1.8349
217,2025-03-03,000905.SH,5875.9522,5964.2684,5851.56,5885.7696,185024581.0,266955659876.0,1.6539
216,2025-03-04,000905.SH,5845.4712,5943.0837,5843.4633,5937.6302,153922211.0,231145314805.0,1.3759
215,2025-03-05,000905.SH,5937.1074,5955.8988,5892.5332,5950.7034,163071500.0,241738025093.0,1.4576
214,2025-03-06,000905.SH,5980.3798,6062.5412,5972.6039,6047.7734,213042852.0,320542701864.0,1.904
213,2025-03-07,000905.SH,6029.3813,6067.3481,5989.3206,6013.7747,207437149.0,301122130059.0,1.8538
212,2025-03-10,000905.SH,6022.6814,6041.5219,5971.8131,6013.6191,173044336.0,248513462299.0,1.5465
211,2025-03-11,000905.SH,5944.4197,6044.9742,5942.9124,6044.9742,173855643.0,245205106219.0,1.5538
210,2025-03-12,000905.SH,6068.3762,6098.2352,6038.8221,6040.4965,184763537.0,267906301207.0,1.651
209,2025-03-13,000905.SH,6032.8545,6050.1782,5947.7816,5993.967,193710717.0,253622427436.0,1.7303
208,2025-03-14,000905.SH,5993.9702,6099.9809,5978.5321,6099.9809,219245834.0,289038080526.0,1.9584
207,2025-03-17,000905.SH,6119.6064,6129.8543,6098.5079,6108.0176,184317273.0,250160671108.0,1.6461
206,2025-03-18,000905.SH,6126.0357,6161.2281,6114.2064,6133.3018,166023043.0,236342189394.0,1.4827
205,2025-03-19,000905.SH,6117.4233,6128.2297,6076.5643,6101.4369,153893780.0,218871992193.0,1.3744
204,2025-03-20,000905.SH,6094.8426,6109.1829,6055.3811,6059.4859,147187865.0,203849586196.0,1.3145
203,2025-03-21,000905.SH,6038.9899,6071.0846,5951.7952,5971.9302,174103785.0,225801003415.0,1.5549
202,2025-03-24,000905.SH,5973.0466,5987.0606,5882.878,5969.0789,169192435.0,220094329256.0,1.511
201,2025-03-25,000905.SH,5969.4164,5993.9312,5929.6734,5946.951,147483948.0,192227014821.0,1.3171
200,2025-03-26,000905.SH,5935.8537,5983.4739,5935.8537,5948.4986,136702111.0,171695842017.0,1.2208
199,2025-03-27,000905.SH,5932.5165,6000.6615,5891.7664,5957.6017,134708904.0,176590477346.0,1.203
198,2025-03-28,000905.SH,5954.7297,5973.8015,5904.9159,5916.0314,134261927.0,168899478619.0,1.199
197,2025-03-31,000905.SH,5886.956,5908.3026,5802.4187,5857.7721,154256090.0,189563392181.0,1.3757
196,2025-04-01,000905.SH,5870.9424,5931.5038,5867.848,5892.8502,136448602.0,179327950525.0,1.2168
195,2025-04-02,000905.SH,5884.8925,5936.6467,5884.1126,5899.0865,112159960.0,140642079451.0,1.0002
194,2025-04-03,000905.SH,5842.6167,5906.7057,5817.9662,5845.5045,134938625.0,173662140192.0,1.2034
193,2025-04-07,000905.SH,5523.9636,5587.8502,5212.6773,5287.0333,236522656.0,267397400609.0,2.1085
192,2025-04-08,000905.SH,5279.7566,5371.1834,5249.2318,5326.914,223840665.0,261875349400.0,1.9954
191,2025-04-09,000905.SH,5249.6841,5465.1449,5135.9655,5439.7716,245118027.0,288257435804.0,2.1852
190,2025-04-10,000905.SH,5534.559,5610.1895,5513.9544,5544.0646,211963035.0,268666431277.0,1.889
189,2025-04-11,000905.SH,5514.188,5631.5954,5510.8949,5581.3184,164411663.0,227659789696.0,1.4652
188,2025-04-14,000905.SH,5633.7792,5661.8049,5608.7297,5627.1375,155487077.0,207470466691.0,1.3856
187,2025-04-15,000905.SH,5625.0005,5626.677,5567.0271,5602.534,123273708.0,161900884813.0,1.0985
186,2025-04-16,000905.SH,5589.7769,5592.6741,5492.6546,5556.8642,132537224.0,163751037650.0,1.1811
185,2025-04-17,000905.SH,5527.5905,5604.6198,5526.8881,5557.0105,113652382.0,148283242243.0,1.0128
184,2025-04-18,000905.SH,5546.9666,5579.4791,5525.4046,5560.7207,111644258.0,139804146812.0,0.9949
183,2025-04-21,000905.SH,5556.5126,5646.2179,5535.6994,5642.3805,123111883.0,160264813234.0,1.0969
182,2025-04-22,000905.SH,5634.8936,5651.5541,5617.8786,5624.209,124666689.0,164464321327.0,1.1107
181,2025-04-23,000905.SH,5647.9148,5670.2595,5614.7677,5634.9487,127007764.0,177991292765.0,1.1316
180,2025-04-24,000905.SH,5633.024,5651.5343,5583.4302,5605.8796,122696696.0,157899194341.0,1.0932
179,2025-04-25,000905.SH,5613.1407,5661.5869,5596.5266,5627.1804,140000800.0,171933817273.0,1.2473
178,2025-04-28,000905.SH,5624.4166,5628.0778,5587.7857,5598.2951,136218094.0,167616287077.0,1.2136
177,2025-04-29,000905.SH,5583.7186,5622.022,5571.2363,5604.9057,126742927.0,158033003940.0,1.1291
176,2025-04-30,000905.SH,5604.6537,5647.7821,5603.1718,5631.8249,138386621.0,181616584523.0,1.2328
175,2025-05-06,000905.SH,5668.8762,5740.3338,5666.4698,5740.3338,162773606.0,217059975785.0,1.4498
174,2025-05-07,000905.SH,5805.656,5819.2422,5713.2734,5750.2911,171011757.0,227566204818.0,1.5231
173,2025-05-08,000905.SH,5731.7157,5783.7915,5724.9511,5773.8056,136140322.0,187032631459.0,1.2125
172,2025-05-09,000905.SH,5770.441,5770.441,5705.1654,5721.7225,123939007.0,178162276680.0,1.1038
171,2025-05-12,000905.SH,5751.4372,5794.5161,5737.4622,5793.6743,135824367.0,199426833721.0,1.2091
170,2025-05-13,000905.SH,5838.0341,5838.0341,5772.0723,5781.6683,138271081.0,194252270527.0,1.2309
169,2025-05-14,000905.SH,5778.0791,5835.4912,5750.5367,5799.1191,156279994.0,188145126840.0,1.3912
168,2025-05-15,000905.SH,5786.7833,5786.7833,5715.2938,5715.2966,135160768.0,165136693964.0,1.2031
167,2025-05-16,000905.SH,5703.7354,5735.0121,5703.7354,5715.8491,116709136.0,141882122896.0,1.0388
166,2025-05-19,000905.SH,5719.4381,5729.0703,5669.7208,5720.7949,115384939.0,141098692009.0,1.027
165,2025-05-20,000905.SH,5723.5055,5759.4582,5707.8101,5747.367,116896615.0,151751185854.0,1.0405
164,2025-05-21,000905.SH,5741.6885,5763.0788,5733.8275,5757.9225,115804542.0,155147378006.0,1.0307
163,2025-05-22,000905.SH,5739.1909,5757.7946,5701.1614,5703.2797,109057720.0,141620883824.0,0.9706
162,2025-05-23,000905.SH,5697.1362,5738.0829,5653.0436,5653.0436,114361198.0,148123602871.0,1.0178
161,2025-05-26,000905.SH,5653.2063,5693.625,5644.5794,5669.4609,97170989.0,127343603494.0,0.8648
160,2025-05-27,000905.SH,5666.3027,5667.871,5629.1343,5652.1454,95149363.0,125275690002.0,0.8469
159,2025-05-28,000905.SH,5651.8755,5660.4696,5628.4165,5637.2378,94908883.0,119959827369.0,0.8447
158,2025-05-29,000905.SH,5637.0633,5724.5185,5637.0633,5719.9101,114682484.0,148095092966.0,1.0207
157,2025-05-30,000905.SH,5704.771,5704.771,5665.5177,5671.0723,109900707.0,137670579254.0,0.9779
156,2025-06-03,000905.SH,5653.6747,5710.4203,5653.2978,5694.8385,122853903.0,159996843500.0,1.0932
155,2025-06-04,000905.SH,5696.5692,5744.4543,5696.5692,5739.0058,116196077.0,150314940398.0,1.0328
154,2025-06-05,000905.SH,5741.0298,5778.0959,5719.5466,5769.9675,125223584.0,174970104156.0,1.1128
153,2025-06-06,000905.SH,5768.3989,5771.7558,5750.6592,5762.0778,108217660.0,148022372105.0,0.9616
152,2025-06-09,000905.SH,5772.7792,5823.899,5765.3547,5805.6543,128188619.0,171482411226.0,1.139
151,2025-06-10,000905.SH,5809.8283,5810.9224,5715.9712,5757.9921,138269181.0,182980299992.0,1.2285
150,2025-06-11,000905.SH,5758.5287,5818.5734,5758.5287,5792.9464,123716707.0,161353672422.0,1.0992
149,2025-06-12,000905.SH,5780.967,5808.8047,5766.5212,5799.9319,125615846.0,165393538363.0,1.1161
148,2025-06-13,000905.SH,5783.156,5794.6698,5728.2114,5740.2397,167613374.0,216010351563.0,1.488
147,2025-06-16,000905.SH,5725.0029,5775.9487,5725.0029,5767.8083,128242658.0,170989175829.0,1.1492
146,2025-06-17,000905.SH,5772.296,5776.6325,5734.829,5750.9122,121526624.0,160121673882.0,1.089
145,2025-06-18,000905.SH,5740.1556,5753.7124,5709.8031,5745.8714,112703844.0,154540142783.0,1.0099
144,2025-06-19,000905.SH,5733.8068,5750.4643,5660.0504,5676.8317,125531134.0,162657974788.0,1.1243
143,2025-06-20,000905.SH,5669.0901,5688.7362,5636.7846,5639.513,101794766.0,135042595006.0,0.9116
142,2025-06-23,000905.SH,5613.2813,5684.3973,5613.2813,5674.1704,111601802.0,146034994435.0,0.9959
141,2025-06-24,000905.SH,5683.4622,5766.0189,5683.4622,5765.8373,142082256.0,191935453605.0,1.2679
140,2025-06-25,000905.SH,5777.7404,5866.5246,5776.1237,5862.5529,184632310.0,239260448528.0,1.6477
139,2025-06-26,000905.SH,5868.2924,5885.2508,5835.3395,5838.2454,180164163.0,235223723202.0,1.6075
138,2025-06-27,000905.SH,5850.4252,5905.6962,5839.5775,5863.7282,199389725.0,243302989300.0,1.7786
137,2025-06-30,000905.SH,5877.6748,5918.3068,5872.2251,5915.3876,166275147.0,226516690563.0,1.4826
136,2025-07-01,000905.SH,5915.8043,5936.9237,5890.114,5934.67,154192365.0,213595657433.0,1.3749
135,2025-07-02,000905.SH,5922.5407,5922.5407,5873.8918,5892.9505,162500485.0,194981070907.0,1.4495
134,2025-07-03,000905.SH,5896.2403,5929.7268,5885.943,5922.66,130070046.0,174689067394.0,1.16
133,2025-07-04,000905.SH,5917.753,5969.3028,5889.7303,5911.4352,164941060.0,211373135686.0,1.471
132,2025-07-07,000905.SH,5901.4018,5910.8036,5889.6023,5900.4056,137207362.0,165759099336.0,1.2236
131,2025-07-08,000905.SH,5903.1017,5979.6273,5903.1017,5977.7437,168681142.0,216966438898.0,1.5037
130,2025-07-09,000905.SH,5980.6451,5992.1349,5940.1761,5953.4871,164914402.0,207864435843.0,1.4701
129,2025-07-10,000905.SH,5950.9657,6000.6858,5942.2901,5983.0505,176242607.0,207636636985.0,1.5711
128,2025-07-11,000905.SH,5985.8236,6057.6225,5963.2571,6027.0789,222363098.0,263484519394.0,1.9822
127,2025-07-14,000905.SH,6033.1782,6042.8856,6011.6872,6020.8585,189277444.0,226290847208.0,1.6871
126,2025-07-15,000905.SH,6018.6274,6049.7867,5973.7969,6018.7583,189736234.0,246076758437.0,1.6912
125,2025-07-16,000905.SH,6019.5765,6061.199,5997.1633,6017.1947,148610062.0,213065134852.0,1.3246
124,2025-07-17,000905.SH,6013.7141,6082.4644,6013.0436,6082.4644,149692658.0,235042939349.0,1.3344
123,2025-07-18,000905.SH,6092.2296,6112.1098,6073.6384,6099.6104,153152204.0,236482711042.0,1.3652
122,2025-07-21,000905.SH,6115.0255,6162.4401,6110.988,6161.3086,207350507.0,272008062681.0,1.8483
121,2025-07-22,000905.SH,6166.6164,6215.4058,6152.8142,6213.4072,246211642.0,313661670874.0,2.1934
120,2025-07-23,000905.SH,6218.2069,6256.1516,6187.0121,6196.7577,258377896.0,311060238982.0,2.3018
119,2025-07-24,000905.SH,6197.8532,6293.5984,6197.8532,6293.5984,268355564.0,320187942646.0,2.3904
118,2025-07-25,000905.SH,6297.6255,6311.1687,6276.4156,6299.5908,237055328.0,304368073044.0,2.1116
117,2025-07-28,000905.SH,6305.2247,6329.0304,6271.93,6323.4198,214448267.0,305210098011.0,1.9099
116,2025-07-29,000905.SH,6308.1228,6356.1497,6272.3139,6356.1327,201757629.0,292526917596.0,1.7969
115,2025-07-30,000905.SH,6345.3737,6368.2693,6269.5128,6314.6873,212128411.0,304778465292.0,1.8892
114,2025-07-31,000905.SH,6297.9122,6322.0651,6206.1902,6226.3432,224214237.0,322273638102.0,1.9969
113,2025-08-01,000905.SH,6221.0505,6253.6575,6177.4781,6213.2014,165907191.0,254479551591.0,1.4776
112,2025-08-04,000905.SH,6190.3443,6261.9617,6187.6219,6261.7313,148591480.0,236649250158.0,1.3233
111,2025-08-05,000905.SH,6277.0114,6303.2359,6272.5062,6303.2359,154206665.0,235654712150.0,1.3731
110,2025-08-06,000905.SH,6298.9291,6357.5899,6293.2247,6357.3769,166027638.0,263770937890.0,1.4775
109,2025-08-07,000905.SH,6356.3322,6366.2138,6299.4929,6337.5425,170446400.0,274900586379.0,1.5168
108,2025-08-08,000905.SH,6324.1746,6351.3348,6308.1478,6323.4999,172507526.0,259175300068.0,1.535
107,2025-08-11,000905.SH,6335.4267,6404.8331,6335.4267,6391.7595,174909199.0,277034087552.0,1.5564
106,2025-08-12,000905.SH,6392.4021,6418.1595,6360.1093,6418.1595,168351918.0,290495345645.0,1.4981
105,2025-08-13,000905.SH,6422.7889,6514.4558,6422.2147,6508.0978,216022423.0,353506820818.0,1.9223
104,2025-08-14,000905.SH,6509.2085,6519.7938,6411.9209,6429.8462,228953168.0,367959844604.0,2.0373
103,2025-08-15,000905.SH,6417.3889,6570.4994,6417.3889,6568.57,245217240.0,381378599737.0,2.1819
102,2025-08-18,000905.SH,6612.9878,6709.7812,6580.4373,6668.1726,302448229.0,491491240868.0,2.6879
101,2025-08-19,000905.SH,6663.157,6707.1139,6631.1193,6655.3105,252839276.0,444629213613.0,2.2471
100,2025-08-20,000905.SH,6623.6138,6728.0692,6598.5506,6728.0692,244233907.0,409671381116.0,2.1706
99,2025-08-21,000905.SH,6739.6899,6767.3225,6673.0608,6704.1657,242540164.0,404122614403.0,2.1556
98,2025-08-22,000905.SH,6704.0297,6823.3626,6704.0297,6822.8469,256783820.0,446681185869.0,2.2821
97,2025-08-25,000905.SH,6886.2682,6967.7963,6863.9322,6951.8955,333828945.0,574922701237.0,2.9666
96,2025-08-26,000905.SH,6928.2862,7008.9627,6910.4055,6964.0653,281532382.0,490812217441.0,2.5017
95,2025-08-27,000905.SH,6964.7697,7074.6302,6862.5624,6862.5624,328060183.0,583863938867.0,2.9151
94,2025-08-28,000905.SH,6858.5028,7011.1602,6798.9335,7011.1602,308061786.0,563651749091.0,2.7374
93,2025-08-29,000905.SH,7030.2741,7078.923,6990.7532,7043.9416,280915814.0,523041433985.0,2.4958
92,2025-09-01,000905.SH,7087.7337,7110.687,7038.3444,7110.2882,285908311.0,536161179931.0,2.5405
91,2025-09-02,000905.SH,7108.9446,7108.9446,6909.7234,6961.6894,294036539.0,541493734529.0,2.6135
90,2025-09-03,000905.SH,6988.0205,7003.2681,6846.1814,6868.4615,259083266.0,449579909559.0,2.2999
89,2025-09-04,000905.SH,6884.3577,6906.6919,6607.9849,6698.4474,270341894.0,471991424482.0,2.3999
88,2025-09-05,000905.SH,6709.145,6919.336,6678.5997,6913.9532,240857457.0,431958521700.0,2.1383
87,2025-09-08,000905.SH,6927.4071,6995.7178,6896.6601,6992.1169,244174304.0,455360584114.0,2.1634
86,2025-09-09,000905.SH,6959.9373,6999.7308,6895.5091,6928.9651,225843557.0,394761613186.0,2.0006
85,2025-09-10,000905.SH,6911.1119,6977.7671,6870.4039,6932.1092,189922867.0,359667340648.0,1.6821
84,2025-09-11,000905.SH,6924.3036,7123.0523,6889.5863,7122.7051,243951061.0,469498304003.0,2.1606
83,2025-09-12,000905.SH,7115.6102,7200.1556,7112.4216,7147.7489,266567508.0,499359865690.0,2.361
82,2025-09-15,000905.SH,7170.4123,7174.8905,7126.8293,7137.3627,238265724.0,441828732816.0,2.1103
81,2025-09-16,000905.SH,7152.1887,7195.4246,7080.427,7190.9928,242349183.0,435210189394.0,2.1464
80,2025-09-17,000905.SH,7184.2638,7265.3931,7159.6665,7260.0353,258264449.0,445549244677.0,2.2865
79,2025-09-18,000905.SH,7248.2786,7350.9772,7115.6308,7199.8828,348589541.0,604238742367.0,3.0861
78,2025-09-19,000905.SH,7200.692,7231.9992,7142.061,7170.3488,271507193.0,450654116275.0,2.4035
77,2025-09-22,000905.SH,7182.8876,7225.8581,7143.0754,7225.1281,231858069.0,421916002389.0,2.0523
76,2025-09-23,000905.SH,7240.8466,7250.8156,7045.5606,7180.7137,281283634.0,495068970676.0,2.4898
75,2025-09-24,000905.SH,7140.3128,7327.0207,7133.4321,7323.7093,240064938.0,477262274280.0,2.1249
74,2025-09-25,000905.SH,7325.6602,7379.6109,7312.3508,7341.3238,236175030.0,493046787220.0,2.0905
73,2025-09-26,000905.SH,7311.8433,7351.7931,7237.0459,7240.9114,211444148.0,430197601817.0,1.8705
72,2025-09-29,000905.SH,7251.5221,7377.2217,7216.7357,7350.5599,233539418.0,433864489695.0,2.0659
71,2025-09-30,000905.SH,7372.524,7428.0307,7372.0634,7412.3684,220707502.0,444956374594.0,1.9524
70,2025-10-09,000905.SH,7470.0474,7559.092,7437.3242,7548.9226,283130784.0,535756806832.0,2.5038
69,2025-10-10,000905.SH,7499.3917,7509.1161,7373.9841,7398.2241,262256646.0,502127435138.0,2.3192
68,2025-10-13,000905.SH,7135.104,7391.8246,7135.104,7376.5636,258027817.0,473285532819.0,2.2802
67,2025-10-14,000905.SH,7434.1149,7459.0156,7166.0822,7194.8509,277358873.0,505838515443.0,2.451
66,2025-10-15,000905.SH,7205.7367,7294.0014,7153.4185,7294.0014,217559777.0,397458970802.0,1.9226
65,2025-10-16,000905.SH,7269.2587,7305.9472,7206.4433,7231.5336,194936370.0,359837530026.0,1.7226
64,2025-10-17,000905.SH,7226.4214,7254.5786,7009.8906,7016.0661,200044113.0,348113892817.0,1.7678
63,2025-10-20,000905.SH,7092.8836,7129.9939,7033.3835,7069.6412,176834192.0,314675076902.0,1.5612
62,2025-10-21,000905.SH,7095.6159,7193.73,7082.2995,7185.624,205973829.0,344991294993.0,1.8185
61,2025-10-22,000905.SH,7135.2084,7166.5571,7101.8265,7128.4776,169743254.0,286200266692.0,1.4986
60,2025-10-23,000905.SH,7108.8545,7153.6555,7022.2945,7142.9536,188933732.0,286304409856.0,1.6681
59,2025-10-24,000905.SH,7175.9233,7258.5343,7174.351,7258.5343,195323933.0,366061817472.0,1.7244
58,2025-10-27,000905.SH,7336.2041,7391.2121,7302.0165,7379.3941,232051821.0,471762068046.0,2.0477
57,2025-10-28,000905.SH,7344.4539,7404.756,7308.2722,7341.0304,202118463.0,422068633885.0,1.7835
56,2025-10-29,000905.SH,7350.7566,7480.9666,7350.7566,7480.9666,223844133.0,443141380250.0,1.9751
55,2025-10-30,000905.SH,7462.4326,7463.6529,7375.2391,7385.7109,243412036.0,473832269828.0,2.1479
54,2025-10-31,000905.SH,7385.7423,7430.8564,7331.0031,7331.0031,232041676.0,434918176655.0,2.0474
53,2025-11-03,000905.SH,7327.12,7336.5108,7214.8331,7333.6013,221687060.0,390397102166.0,1.9557
52,2025-11-04,000905.SH,7315.1888,7323.7044,7167.3474,7210.8253,193325842.0,326392392688.0,1.7055
51,2025-11-05,000905.SH,7098.9557,7257.84,7098.9557,7229.341,195580243.0,311844646147.0,1.7254
50,2025-11-06,000905.SH,7243.1959,7352.1766,7243.1959,7345.723,201722967.0,352809569430.0,1.7794
49,2025-11-07,000905.SH,7307.2959,7371.4378,7285.8192,7327.9108,192920578.0,336398935520.0,1.7011
48,2025-11-10,000905.SH,7357.3392,7384.7854,7289.7682,7343.8017,204501330.0,371310636982.0,1.8032
47,2025-11-11,000905.SH,7364.9251,7379.806,7281.9746,7291.6084,191660313.0,338597660848.0,1.6899
46,2025-11-12,000905.SH,7264.792,7305.8564,7187.8685,7243.2483,185507010.0,313840341324.0,1.6357
45,2025-11-13,000905.SH,7243.64,7366.4121,7243.64,7355.2911,199890230.0,339596060556.0,1.7622
44,2025-11-14,000905.SH,7283.6993,7329.5958,7235.4617,7235.4617,205864910.0,310485059932.0,1.8149
43,2025-11-17,000905.SH,7248.9216,7262.3306,7202.5932,7235.3512,203050602.0,310823159400.0,1.7863
42,2025-11-18,000905.SH,7215.0302,7230.5416,7118.4085,7151.0176,202214121.0,306540024622.0,1.7788
41,2025-11-19,000905.SH,7141.2641,7178.1495,7086.1232,7122.7465,162786602.0,256755086038.0,1.4319
40,2025-11-20,000905.SH,7174.1046,7180.732,7056.9003,7061.9497,159618746.0,254158167502.0,1.404
39,2025-11-21,000905.SH,6955.7485,6986.7784,6817.4103,6817.4103,208933384.0,310968718151.0,1.8366
38,2025-11-24,000905.SH,6856.7546,6905.9229,6797.4956,6868.9664,166363913.0,270213254390.0,1.4624
37,2025-11-25,000905.SH,6915.1233,7018.4695,6912.3198,6954.6034,162712530.0,289204914942.0,1.4302
36,2025-11-26,000905.SH,6946.0812,7024.8824,6936.8765,6965.0453,148943526.0,274858341725.0,1.3091
35,2025-11-27,000905.SH,6970.7329,7045.8447,6943.4443,6951.2844,137841103.0,253013152925.0,1.2115
34,2025-11-28,000905.SH,6947.2369,7031.7124,6941.4833,7031.5505,140211184.0,243255194578.0,1.2323
33,2025-12-01,000905.SH,7053.8471,7101.8323,7040.8033,7101.8323,178973432.0,308533693614.0,1.5729
32,2025-12-02,000905.SH,7084.799,7085.3031,7022.6102,7040.3008,149518197.0,247360273406.0,1.314
31,2025-12-03,000905.SH,7044.8568,7064.16,6975.0888,6996.3552,157838867.0,251308651463.0,1.3871
30,2025-12-04,000905.SH,7001.6423,7039.7157,6958.6322,7012.8061,141038338.0,239912559988.0,1.2395
29,2025-12-05,000905.SH,7008.6492,7104.0208,6965.8064,7097.8389,168738274.0,275108399691.0,1.4829
28,2025-12-08,000905.SH,7119.051,7193.723,7114.3234,7172.3671,192611750.0,347244592784.0,1.6927
27,2025-12-09,000905.SH,7150.9729,7185.1071,7103.8325,7121.3256,166901066.0,305522303623.0,1.4668
26,2025-12-10,000905.SH,7111.5705,7171.9733,7070.4751,7155.9944,153967827.0,280495257218.0,1.3531
25,2025-12-11,000905.SH,7171.2079,7179.4249,7082.8932,7082.8932,181848554.0,300744575886.0,1.5981
24,2025-12-12,000905.SH,7088.1001,7187.0997,7063.8407,7169.791,198402473.0,373144936682.0,1.7436
23,2025-12-15,000905.SH,7121.3805,7177.1541,7110.6781,7113.962,172174064.0,301023637030.0,1.5428
22,2025-12-16,000905.SH,7101.6696,7102.7717,6962.6451,7001.3188,172065874.0,284968704394.0,1.5416
21,2025-12-17,000905.SH,7002.5064,7160.7763,6988.871,7137.8339,174413136.0,302410118523.0,1.5626
20,2025-12-18,000905.SH,7096.9815,7172.9624,7094.5396,7100.8359,154896123.0,275510779271.0,1.3877
19,2025-12-19,000905.SH,7124.4045,7197.0681,7117.1583,7169.5511,178843146.0,292738015323.0,1.6023
18,2025-12-22,000905.SH,7205.489,7277.386,7205.489,7255.6607,178242881.0,327207674824.0,1.5968
17,2025-12-23,000905.SH,7257.9076,7297.7034,7228.7225,7256.7864,173476002.0,328559029522.0,1.5522
16,2025-12-24,000905.SH,7257.615,7362.5704,7247.4054,7352.0396,168837713.0,331930929315.0,1.5107
15,2025-12-25,000905.SH,7341.9223,7426.1367,7334.3404,7410.7119,168414201.0,336366985229.0,1.507
14,2025-12-26,000905.SH,7422.6014,7484.9158,7397.4255,7458.8386,199276884.0,386914288411.0,1.7831
13,2025-12-29,000905.SH,7467.5042,7491.6926,7411.4472,7430.6147,198844338.0,390446087066.0,1.7787
12,2025-12-30,000905.SH,7390.1398,7495.0606,7389.8691,7458.936,196203615.0,407623516140.0,1.7549
11,2025-12-31,000905.SH,7473.7519,7488.0663,7435.0664,7465.5742,194427743.0,380369638019.0,1.739
